<?xml version="1.0" encoding="UTF-8"?>
<gpx creator="Garmin Connect" version="1.1"
  xsi:schemaLocation="http://www.topografix.com/GPX/1/1 http://www.topografix.com/GPX/11.xsd"
  xmlns:ns3="http://www.garmin.com/xmlschemas/TrackPointExtension/v1"
  xmlns="http://www.topografix.com/GPX/1/1"
  xmlns:xsi="http://www.w3.org/2001/XMLSchema-instance" xmlns:ns2="http://www.garmin.com/xmlschemas/GpxExtensions/v3">
  <metadata>
    <link href="connect.garmin.com">
      <text>Garmin Connect</text>
    </link>
    <time>2026-09-05T08:58:42.000Z</time>
  </metadata>
  <trk>
    <name>Ruciane-Nida Jazda na łyżworolkach</name>
    <type>inline_skating</type>
    <trkseg>
      <trkpt lat="53.63992874510586261749267578125" lon="21.5230528078973293304443359375">
        <ele>137</ele>
        <time>2026-09-05T08:58:53.000Z</time>
        <extensions>
          <ns3:TrackPointExtension>
            <ns3:hr>157</ns3:hr>
          </ns3:TrackPointExtension>
        </extensions>
      </trkpt>
      <trkpt lat="53.63991131074726581573486328125" lon="21.52300260029733180999755859375">
        <ele>137</ele>
        <time>2026-09-05T08:58:54.000Z</time>
        <extensions>
          <ns3:TrackPointExtension>
            <ns3:hr>158</ns3:hr>
          </ns3:TrackPointExtension>
        </extensions>
      </trkpt>
      <trkpt lat="53.639798574149608612060546875" lon="21.52295096777379512786865234375">
        <ele>137.1999969482421875</ele>
        <time>2026-09-05T08:58:56.000Z</time>
        <extensions>
          <ns3:TrackPointExtension>
            <ns3:hr>160</ns3:hr>
          </ns3:TrackPointExtension>
        </extensions>
      </trkpt>
      <trkpt lat="53.63977636210620403289794921875" lon="21.522763632237911224365234375">
        <ele>137.1999969482421875</ele>
        <time>2026-09-05T08:58:58.000Z</time>
        <extensions>
          <ns3:TrackPointExtension>
            <ns3:hr>164</ns3:hr>
          </ns3:TrackPointExtension>
        </extensions>
      </trkpt>
      <trkpt lat="53.63971483893692493438720703125" lon="21.5224932320415973663330078125">
        <ele>137.600006103515625</ele>
        <time>2026-09-05T08:59:02.000Z</time>
        <extensions>
          <ns3:TrackPointExtension>
            <ns3:hr>167</ns3:hr>
          </ns3:TrackPointExtension>
        </extensions>
      </trkpt>
      <trkpt lat="53.63967242650687694549560546875" lon="21.5223222412168979644775390625">
        <ele>138</ele>
        <time>2026-09-05T08:59:05.000Z</time>
        <extensions>
          <ns3:TrackPointExtension>
            <ns3:hr>168</ns3:hr>
          </ns3:TrackPointExtension>
        </extensions>
      </trkpt>
      <trkpt lat="53.6396696604788303375244140625" lon="21.5222266875207424163818359375">
        <ele>138</ele>
        <time>2026-09-05T08:59:06.000Z</time>
        <extensions>
          <ns3:TrackPointExtension>
            <ns3:hr>168</ns3:hr>
          </ns3:TrackPointExtension>
        </extensions>
      </trkpt>
      <trkpt lat="53.6396357975900173187255859375" lon="21.52201361954212188720703125">
        <ele>138</ele>
        <time>2026-09-05T08:59:09.000Z</time>
        <extensions>
          <ns3:TrackPointExtension>
            <ns3:hr>169</ns3:hr>
          </ns3:TrackPointExtension>
        </extensions>
      </trkpt>
      <trkpt lat="53.639628924429416656494140625" lon="21.52187942527234554290771484375">
        <ele>137.600006103515625</ele>
        <time>2026-09-05T08:59:11.000Z</time>
        <extensions>
          <ns3:TrackPointExtension>
            <ns3:hr>170</ns3:hr>
          </ns3:TrackPointExtension>
        </extensions>
      </trkpt>
      <trkpt lat="53.639609478414058685302734375" lon="21.52173223905265331268310546875">
        <ele>137.8000030517578125</ele>
        <time>2026-09-05T08:59:13.000Z</time>
        <extensions>
          <ns3:TrackPointExtension>
            <ns3:hr>171</ns3:hr>
          </ns3:TrackPointExtension>
        </extensions>
      </trkpt>
      <trkpt lat="53.63960352726280689239501953125" lon="21.5216682851314544677734375">
        <ele>137.8000030517578125</ele>
        <time>2026-09-05T08:59:14.000Z</time>
        <extensions>
          <ns3:TrackPointExtension>
            <ns3:hr>173</ns3:hr>
          </ns3:TrackPointExtension>
        </extensions>
      </trkpt>
      <trkpt lat="53.63958911038935184478759765625" lon="21.5215370245277881622314453125">
        <ele>137.600006103515625</ele>
        <time>2026-09-05T08:59:16.000Z</time>
        <extensions>
          <ns3:TrackPointExtension>
            <ns3:hr>173</ns3:hr>
          </ns3:TrackPointExtension>
        </extensions>
      </trkpt>
      <trkpt lat="53.6395694129168987274169921875" lon="21.5213542990386486053466796875">
        <ele>137</ele>
        <time>2026-09-05T08:59:18.000Z</time>
        <extensions>
          <ns3:TrackPointExtension>
            <ns3:hr>172</ns3:hr>
          </ns3:TrackPointExtension>
        </extensions>
      </trkpt>
      <trkpt lat="53.63956077955663204193115234375" lon="21.5211846493184566497802734375">
        <ele>136.8000030517578125</ele>
        <time>2026-09-05T08:59:20.000Z</time>
        <extensions>
          <ns3:TrackPointExtension>
            <ns3:hr>172</ns3:hr>
          </ns3:TrackPointExtension>
        </extensions>
      </trkpt>
      <trkpt lat="53.63954904489219188690185546875" lon="21.5210783667862415313720703125">
        <ele>136.399993896484375</ele>
        <time>2026-09-05T08:59:21.000Z</time>
        <extensions>
          <ns3:TrackPointExtension>
            <ns3:hr>172</ns3:hr>
          </ns3:TrackPointExtension>
        </extensions>
      </trkpt>
      <trkpt lat="53.63953630439937114715576171875" lon="21.52099580504000186920166015625">
        <ele>136.399993896484375</ele>
        <time>2026-09-05T08:59:22.000Z</time>
        <extensions>
          <ns3:TrackPointExtension>
            <ns3:hr>172</ns3:hr>
          </ns3:TrackPointExtension>
        </extensions>
      </trkpt>
      <trkpt lat="53.63943907432258129119873046875" lon="21.52057050727307796478271484375">
        <ele>136</ele>
        <time>2026-09-05T08:59:27.000Z</time>
        <extensions>
          <ns3:TrackPointExtension>
            <ns3:hr>172</ns3:hr>
          </ns3:TrackPointExtension>
        </extensions>
      </trkpt>
      <trkpt lat="53.63941409625113010406494140625" lon="21.52049574069678783416748046875">
        <ele>136</ele>
        <time>2026-09-05T08:59:28.000Z</time>
        <extensions>
          <ns3:TrackPointExtension>
            <ns3:hr>172</ns3:hr>
          </ns3:TrackPointExtension>
        </extensions>
      </trkpt>
      <trkpt lat="53.6393625475466251373291015625" lon="21.520369090139865875244140625">
        <ele>136.399993896484375</ele>
        <time>2026-09-05T08:59:30.000Z</time>
        <extensions>
          <ns3:TrackPointExtension>
            <ns3:hr>173</ns3:hr>
          </ns3:TrackPointExtension>
        </extensions>
      </trkpt>
      <trkpt lat="53.6393402516841888427734375" lon="21.52033229358494281768798828125">
        <ele>136.8000030517578125</ele>
        <time>2026-09-05T08:59:31.000Z</time>
        <extensions>
          <ns3:TrackPointExtension>
            <ns3:hr>173</ns3:hr>
          </ns3:TrackPointExtension>
        </extensions>
      </trkpt>
      <trkpt lat="53.6392683349549770355224609375" lon="21.52018929831683635711669921875">
        <ele>137.1999969482421875</ele>
        <time>2026-09-05T08:59:33.000Z</time>
        <extensions>
          <ns3:TrackPointExtension>
            <ns3:hr>173</ns3:hr>
          </ns3:TrackPointExtension>
        </extensions>
      </trkpt>
      <trkpt lat="53.639225251972675323486328125" lon="21.52011570520699024200439453125">
        <ele>137.1999969482421875</ele>
        <time>2026-09-05T08:59:34.000Z</time>
        <extensions>
          <ns3:TrackPointExtension>
            <ns3:hr>173</ns3:hr>
          </ns3:TrackPointExtension>
        </extensions>
      </trkpt>
      <trkpt lat="53.6391814984381198883056640625" lon="21.5200375020503997802734375">
        <ele>137.1999969482421875</ele>
        <time>2026-09-05T08:59:35.000Z</time>
        <extensions>
          <ns3:TrackPointExtension>
            <ns3:hr>173</ns3:hr>
          </ns3:TrackPointExtension>
        </extensions>
      </trkpt>
      <trkpt lat="53.63909122534096240997314453125" lon="21.519923172891139984130859375">
        <ele>137.399993896484375</ele>
        <time>2026-09-05T08:59:37.000Z</time>
        <extensions>
          <ns3:TrackPointExtension>
            <ns3:hr>174</ns3:hr>
          </ns3:TrackPointExtension>
        </extensions>
      </trkpt>
      <trkpt lat="53.638952337205410003662109375" lon="21.51976131834089756011962890625">
        <ele>137.399993896484375</ele>
        <time>2026-09-05T08:59:40.000Z</time>
        <extensions>
          <ns3:TrackPointExtension>
            <ns3:hr>174</ns3:hr>
          </ns3:TrackPointExtension>
        </extensions>
      </trkpt>
      <trkpt lat="53.6389069072902202606201171875" lon="21.5197255276143550872802734375">
        <ele>137.399993896484375</ele>
        <time>2026-09-05T08:59:41.000Z</time>
        <extensions>
          <ns3:TrackPointExtension>
            <ns3:hr>175</ns3:hr>
          </ns3:TrackPointExtension>
        </extensions>
      </trkpt>
      <trkpt lat="53.63878796808421611785888671875" lon="21.51956048794090747833251953125">
        <ele>137.600006103515625</ele>
        <time>2026-09-05T08:59:44.000Z</time>
        <extensions>
          <ns3:TrackPointExtension>
            <ns3:hr>175</ns3:hr>
          </ns3:TrackPointExtension>
        </extensions>
      </trkpt>
      <trkpt lat="53.63873901776969432830810546875" lon="21.5194864757359027862548828125">
        <ele>137.600006103515625</ele>
        <time>2026-09-05T08:59:45.000Z</time>
        <extensions>
          <ns3:TrackPointExtension>
            <ns3:hr>174</ns3:hr>
          </ns3:TrackPointExtension>
        </extensions>
      </trkpt>
      <trkpt lat="53.638598285615444183349609375" lon="21.5193092823028564453125">
        <ele>137</ele>
        <time>2026-09-05T08:59:48.000Z</time>
        <extensions>
          <ns3:TrackPointExtension>
            <ns3:hr>175</ns3:hr>
          </ns3:TrackPointExtension>
        </extensions>
      </trkpt>
      <trkpt lat="53.63845981657505035400390625" lon="21.5191636048257350921630859375">
        <ele>137.8000030517578125</ele>
        <time>2026-09-05T08:59:51.000Z</time>
        <extensions>
          <ns3:TrackPointExtension>
            <ns3:hr>176</ns3:hr>
          </ns3:TrackPointExtension>
        </extensions>
      </trkpt>
      <trkpt lat="53.6384113691747188568115234375" lon="21.51911926455795764923095703125">
        <ele>138.399993896484375</ele>
        <time>2026-09-05T08:59:52.000Z</time>
        <extensions>
          <ns3:TrackPointExtension>
            <ns3:hr>176</ns3:hr>
          </ns3:TrackPointExtension>
        </extensions>
      </trkpt>
      <trkpt lat="53.63836459815502166748046875" lon="21.51907794177532196044921875">
        <ele>138.600006103515625</ele>
        <time>2026-09-05T08:59:53.000Z</time>
        <extensions>
          <ns3:TrackPointExtension>
            <ns3:hr>176</ns3:hr>
          </ns3:TrackPointExtension>
        </extensions>
      </trkpt>
      <trkpt lat="53.6382593214511871337890625" lon="21.519009880721569061279296875">
        <ele>139</ele>
        <time>2026-09-05T08:59:55.000Z</time>
        <extensions>
          <ns3:TrackPointExtension>
            <ns3:hr>175</ns3:hr>
          </ns3:TrackPointExtension>
        </extensions>
      </trkpt>
      <trkpt lat="53.63806243054568767547607421875" lon="21.51891206391155719757080078125">
        <ele>138.1999969482421875</ele>
        <time>2026-09-05T08:59:59.000Z</time>
        <extensions>
          <ns3:TrackPointExtension>
            <ns3:hr>176</ns3:hr>
          </ns3:TrackPointExtension>
        </extensions>
      </trkpt>
      <trkpt lat="53.63801264204084873199462890625" lon="21.51889177970588207244873046875">
        <ele>137.8000030517578125</ele>
        <time>2026-09-05T09:00:00.000Z</time>
        <extensions>
          <ns3:TrackPointExtension>
            <ns3:hr>177</ns3:hr>
          </ns3:TrackPointExtension>
        </extensions>
      </trkpt>
      <trkpt lat="53.63796201534569263458251953125" lon="21.5188970603048801422119140625">
        <ele>137.1999969482421875</ele>
        <time>2026-09-05T09:00:01.000Z</time>
        <extensions>
          <ns3:TrackPointExtension>
            <ns3:hr>178</ns3:hr>
          </ns3:TrackPointExtension>
        </extensions>
      </trkpt>
      <trkpt lat="53.6378658749163150787353515625" lon="21.51890225708484649658203125">
        <ele>136.399993896484375</ele>
        <time>2026-09-05T09:00:03.000Z</time>
        <extensions>
          <ns3:TrackPointExtension>
            <ns3:hr>178</ns3:hr>
          </ns3:TrackPointExtension>
        </extensions>
      </trkpt>
      <trkpt lat="53.637736625969409942626953125" lon="21.51888373307883739471435546875">
        <ele>136</ele>
        <time>2026-09-05T09:00:05.000Z</time>
        <extensions>
          <ns3:TrackPointExtension>
            <ns3:hr>178</ns3:hr>
          </ns3:TrackPointExtension>
        </extensions>
      </trkpt>
      <trkpt lat="53.637615256011486053466796875" lon="21.5188729204237461090087890625">
        <ele>136.1999969482421875</ele>
        <time>2026-09-05T09:00:07.000Z</time>
        <extensions>
          <ns3:TrackPointExtension>
            <ns3:hr>178</ns3:hr>
          </ns3:TrackPointExtension>
        </extensions>
      </trkpt>
      <trkpt lat="53.63751911558210849761962890625" lon="21.51884148828685283660888671875">
        <ele>136.8000030517578125</ele>
        <time>2026-09-05T09:00:09.000Z</time>
        <extensions>
          <ns3:TrackPointExtension>
            <ns3:hr>179</ns3:hr>
          </ns3:TrackPointExtension>
        </extensions>
      </trkpt>
      <trkpt lat="53.63746832124888896942138671875" lon="21.51884987019002437591552734375">
        <ele>137</ele>
        <time>2026-09-05T09:00:10.000Z</time>
        <extensions>
          <ns3:TrackPointExtension>
            <ns3:hr>178</ns3:hr>
          </ns3:TrackPointExtension>
        </extensions>
      </trkpt>
      <trkpt lat="53.63739590160548686981201171875" lon="21.5188226290047168731689453125">
        <ele>137.1999969482421875</ele>
        <time>2026-09-05T09:00:11.000Z</time>
        <extensions>
          <ns3:TrackPointExtension>
            <ns3:hr>178</ns3:hr>
          </ns3:TrackPointExtension>
        </extensions>
      </trkpt>
      <trkpt lat="53.637300096452236175537109375" lon="21.5188082121312618255615234375">
        <ele>137.399993896484375</ele>
        <time>2026-09-05T09:00:13.000Z</time>
        <extensions>
          <ns3:TrackPointExtension>
            <ns3:hr>179</ns3:hr>
          </ns3:TrackPointExtension>
        </extensions>
      </trkpt>
      <trkpt lat="53.63725282251834869384765625" lon="21.51878348551690578460693359375">
        <ele>137.399993896484375</ele>
        <time>2026-09-05T09:00:14.000Z</time>
        <extensions>
          <ns3:TrackPointExtension>
            <ns3:hr>179</ns3:hr>
          </ns3:TrackPointExtension>
        </extensions>
      </trkpt>
      <trkpt lat="53.637108318507671356201171875" lon="21.51871006004512310028076171875">
        <ele>138</ele>
        <time>2026-09-05T09:00:17.000Z</time>
        <extensions>
          <ns3:TrackPointExtension>
            <ns3:hr>178</ns3:hr>
          </ns3:TrackPointExtension>
        </extensions>
      </trkpt>
      <trkpt lat="53.6370464600622653961181640625" lon="21.51865323074162006378173828125">
        <ele>138.1999969482421875</ele>
        <time>2026-09-05T09:00:18.000Z</time>
        <extensions>
          <ns3:TrackPointExtension>
            <ns3:hr>179</ns3:hr>
          </ns3:TrackPointExtension>
        </extensions>
      </trkpt>
      <trkpt lat="53.63696222193539142608642578125" lon="21.5185976587235927581787109375">
        <ele>137.8000030517578125</ele>
        <time>2026-09-05T09:00:20.000Z</time>
        <extensions>
          <ns3:TrackPointExtension>
            <ns3:hr>178</ns3:hr>
          </ns3:TrackPointExtension>
        </extensions>
      </trkpt>
      <trkpt lat="53.636821322143077850341796875" lon="21.51848517358303070068359375">
        <ele>137</ele>
        <time>2026-09-05T09:00:23.000Z</time>
        <extensions>
          <ns3:TrackPointExtension>
            <ns3:hr>179</ns3:hr>
          </ns3:TrackPointExtension>
        </extensions>
      </trkpt>
      <trkpt lat="53.63677882589399814605712890625" lon="21.51843823492527008056640625">
        <ele>137.1999969482421875</ele>
        <time>2026-09-05T09:00:24.000Z</time>
        <extensions>
          <ns3:TrackPointExtension>
            <ns3:hr>179</ns3:hr>
          </ns3:TrackPointExtension>
        </extensions>
      </trkpt>
      <trkpt lat="53.63656349480152130126953125" lon="21.51815718971192836761474609375">
        <ele>137.1999969482421875</ele>
        <time>2026-09-05T09:00:29.000Z</time>
        <extensions>
          <ns3:TrackPointExtension>
            <ns3:hr>178</ns3:hr>
          </ns3:TrackPointExtension>
        </extensions>
      </trkpt>
      <trkpt lat="53.6364949308335781097412109375" lon="21.51804738678038120269775390625">
        <ele>137.1999969482421875</ele>
        <time>2026-09-05T09:00:31.000Z</time>
        <extensions>
          <ns3:TrackPointExtension>
            <ns3:hr>179</ns3:hr>
          </ns3:TrackPointExtension>
        </extensions>
      </trkpt>
      <trkpt lat="53.636392168700695037841796875" lon="21.51793054305016994476318359375">
        <ele>138.1999969482421875</ele>
        <time>2026-09-05T09:00:33.000Z</time>
        <extensions>
          <ns3:TrackPointExtension>
            <ns3:hr>178</ns3:hr>
          </ns3:TrackPointExtension>
        </extensions>
      </trkpt>
      <trkpt lat="53.63627742044627666473388671875" lon="21.51781705208122730255126953125">
        <ele>138.399993896484375</ele>
        <time>2026-09-05T09:00:35.000Z</time>
        <extensions>
          <ns3:TrackPointExtension>
            <ns3:hr>178</ns3:hr>
          </ns3:TrackPointExtension>
        </extensions>
      </trkpt>
      <trkpt lat="53.63621120341122150421142578125" lon="21.51776122860610485076904296875">
        <ele>138.600006103515625</ele>
        <time>2026-09-05T09:00:36.000Z</time>
        <extensions>
          <ns3:TrackPointExtension>
            <ns3:hr>179</ns3:hr>
          </ns3:TrackPointExtension>
        </extensions>
      </trkpt>
      <trkpt lat="53.636013306677341461181640625" lon="21.5175484120845794677734375">
        <ele>139</ele>
        <time>2026-09-05T09:00:40.000Z</time>
        <extensions>
          <ns3:TrackPointExtension>
            <ns3:hr>178</ns3:hr>
          </ns3:TrackPointExtension>
        </extensions>
      </trkpt>
      <trkpt lat="53.63590224646031856536865234375" lon="21.51745679788291454315185546875">
        <ele>138.600006103515625</ele>
        <time>2026-09-05T09:00:42.000Z</time>
        <extensions>
          <ns3:TrackPointExtension>
            <ns3:hr>179</ns3:hr>
          </ns3:TrackPointExtension>
        </extensions>
      </trkpt>
      <trkpt lat="53.6358387954533100128173828125" lon="21.5174116194248199462890625">
        <ele>138.399993896484375</ele>
        <time>2026-09-05T09:00:43.000Z</time>
        <extensions>
          <ns3:TrackPointExtension>
            <ns3:hr>178</ns3:hr>
          </ns3:TrackPointExtension>
        </extensions>
      </trkpt>
      <trkpt lat="53.63563167862594127655029296875" lon="21.5173259563744068145751953125">
        <ele>137.8000030517578125</ele>
        <time>2026-09-05T09:00:48.000Z</time>
        <extensions>
          <ns3:TrackPointExtension>
            <ns3:hr>179</ns3:hr>
          </ns3:TrackPointExtension>
        </extensions>
      </trkpt>
      <trkpt lat="53.6355497874319553375244140625" lon="21.5172904171049594879150390625">
        <ele>137.8000030517578125</ele>
        <time>2026-09-05T09:00:50.000Z</time>
        <extensions>
          <ns3:TrackPointExtension>
            <ns3:hr>180</ns3:hr>
          </ns3:TrackPointExtension>
        </extensions>
      </trkpt>
      <trkpt lat="53.6354663036763668060302734375" lon="21.51725672185420989990234375">
        <ele>138</ele>
        <time>2026-09-05T09:00:52.000Z</time>
        <extensions>
          <ns3:TrackPointExtension>
            <ns3:hr>181</ns3:hr>
          </ns3:TrackPointExtension>
        </extensions>
      </trkpt>
      <trkpt lat="53.6353449337184429168701171875" lon="21.517228893935680389404296875">
        <ele>138.600006103515625</ele>
        <time>2026-09-05T09:00:55.000Z</time>
        <extensions>
          <ns3:TrackPointExtension>
            <ns3:hr>181</ns3:hr>
          </ns3:TrackPointExtension>
        </extensions>
      </trkpt>
      <trkpt lat="53.63531182520091533660888671875" lon="21.5172216854989528656005859375">
        <ele>139</ele>
        <time>2026-09-05T09:00:56.000Z</time>
        <extensions>
          <ns3:TrackPointExtension>
            <ns3:hr>182</ns3:hr>
          </ns3:TrackPointExtension>
        </extensions>
      </trkpt>
      <trkpt lat="53.63523521460592746734619140625" lon="21.51721757836639881134033203125">
        <ele>139.1999969482421875</ele>
        <time>2026-09-05T09:00:58.000Z</time>
        <extensions>
          <ns3:TrackPointExtension>
            <ns3:hr>181</ns3:hr>
          </ns3:TrackPointExtension>
        </extensions>
      </trkpt>
      <trkpt lat="53.63515994511544704437255859375" lon="21.51721707545220851898193359375">
        <ele>139.1999969482421875</ele>
        <time>2026-09-05T09:01:01.000Z</time>
        <extensions>
          <ns3:TrackPointExtension>
            <ns3:hr>181</ns3:hr>
          </ns3:TrackPointExtension>
        </extensions>
      </trkpt>
      <trkpt lat="53.63504561595618724822998046875" lon="21.5171633474528789520263671875">
        <ele>139</ele>
        <time>2026-09-05T09:01:05.000Z</time>
        <extensions>
          <ns3:TrackPointExtension>
            <ns3:hr>181</ns3:hr>
          </ns3:TrackPointExtension>
        </extensions>
      </trkpt>
      <trkpt lat="53.63489205949008464813232421875" lon="21.51708899997174739837646484375">
        <ele>138.1999969482421875</ele>
        <time>2026-09-05T09:01:09.000Z</time>
        <extensions>
          <ns3:TrackPointExtension>
            <ns3:hr>181</ns3:hr>
          </ns3:TrackPointExtension>
        </extensions>
      </trkpt>
      <trkpt lat="53.6347206495702266693115234375" lon="21.517046503722667694091796875">
        <ele>137.8000030517578125</ele>
        <time>2026-09-05T09:01:13.000Z</time>
        <extensions>
          <ns3:TrackPointExtension>
            <ns3:hr>181</ns3:hr>
          </ns3:TrackPointExtension>
        </extensions>
      </trkpt>
      <trkpt lat="53.6346007883548736572265625" lon="21.5169839747250080108642578125">
        <ele>137.399993896484375</ele>
        <time>2026-09-05T09:01:16.000Z</time>
        <extensions>
          <ns3:TrackPointExtension>
            <ns3:hr>181</ns3:hr>
          </ns3:TrackPointExtension>
        </extensions>
      </trkpt>
      <trkpt lat="53.63443826325237751007080078125" lon="21.51690937578678131103515625">
        <ele>137.600006103515625</ele>
        <time>2026-09-05T09:01:20.000Z</time>
        <extensions>
          <ns3:TrackPointExtension>
            <ns3:hr>179</ns3:hr>
          </ns3:TrackPointExtension>
        </extensions>
      </trkpt>
      <trkpt lat="53.63428303040564060211181640625" lon="21.51688263751566410064697265625">
        <ele>138.399993896484375</ele>
        <time>2026-09-05T09:01:24.000Z</time>
        <extensions>
          <ns3:TrackPointExtension>
            <ns3:hr>178</ns3:hr>
          </ns3:TrackPointExtension>
        </extensions>
      </trkpt>
      <trkpt lat="53.63423357717692852020263671875" lon="21.51688431389629840850830078125">
        <ele>138.600006103515625</ele>
        <time>2026-09-05T09:01:25.000Z</time>
        <extensions>
          <ns3:TrackPointExtension>
            <ns3:hr>177</ns3:hr>
          </ns3:TrackPointExtension>
        </extensions>
      </trkpt>
      <trkpt lat="53.6341889016330242156982421875" lon="21.51688749901950359344482421875">
        <ele>138.600006103515625</ele>
        <time>2026-09-05T09:01:26.000Z</time>
        <extensions>
          <ns3:TrackPointExtension>
            <ns3:hr>177</ns3:hr>
          </ns3:TrackPointExtension>
        </extensions>
      </trkpt>
      <trkpt lat="53.634084127843379974365234375" lon="21.51686687953770160675048828125">
        <ele>138.399993896484375</ele>
        <time>2026-09-05T09:01:28.000Z</time>
        <extensions>
          <ns3:TrackPointExtension>
            <ns3:hr>177</ns3:hr>
          </ns3:TrackPointExtension>
        </extensions>
      </trkpt>
      <trkpt lat="53.6338838003575801849365234375" lon="21.5167700685560703277587890625">
        <ele>137.1999969482421875</ele>
        <time>2026-09-05T09:01:32.000Z</time>
        <extensions>
          <ns3:TrackPointExtension>
            <ns3:hr>177</ns3:hr>
          </ns3:TrackPointExtension>
        </extensions>
      </trkpt>
      <trkpt lat="53.63383694551885128021240234375" lon="21.51675556786358356475830078125">
        <ele>136.8000030517578125</ele>
        <time>2026-09-05T09:01:33.000Z</time>
        <extensions>
          <ns3:TrackPointExtension>
            <ns3:hr>177</ns3:hr>
          </ns3:TrackPointExtension>
        </extensions>
      </trkpt>
      <trkpt lat="53.63358867354691028594970703125" lon="21.5166889317333698272705078125">
        <ele>136.399993896484375</ele>
        <time>2026-09-05T09:01:38.000Z</time>
        <extensions>
          <ns3:TrackPointExtension>
            <ns3:hr>176</ns3:hr>
          </ns3:TrackPointExtension>
        </extensions>
      </trkpt>
      <trkpt lat="53.6334214545786380767822265625" lon="21.516646184027194976806640625">
        <ele>136.600006103515625</ele>
        <time>2026-09-05T09:01:41.000Z</time>
        <extensions>
          <ns3:TrackPointExtension>
            <ns3:hr>176</ns3:hr>
          </ns3:TrackPointExtension>
        </extensions>
      </trkpt>
      <trkpt lat="53.63327242434024810791015625" lon="21.51659916155040264129638671875">
        <ele>136.600006103515625</ele>
        <time>2026-09-05T09:01:43.000Z</time>
        <extensions>
          <ns3:TrackPointExtension>
            <ns3:hr>176</ns3:hr>
          </ns3:TrackPointExtension>
        </extensions>
      </trkpt>
      <trkpt lat="53.63307536579668521881103515625" lon="21.51653680019080638885498046875">
        <ele>136.1999969482421875</ele>
        <time>2026-09-05T09:01:46.000Z</time>
        <extensions>
          <ns3:TrackPointExtension>
            <ns3:hr>176</ns3:hr>
          </ns3:TrackPointExtension>
        </extensions>
      </trkpt>
      <trkpt lat="53.6329378187656402587890625" lon="21.51650176383554935455322265625">
        <ele>136.399993896484375</ele>
        <time>2026-09-05T09:01:48.000Z</time>
        <extensions>
          <ns3:TrackPointExtension>
            <ns3:hr>177</ns3:hr>
          </ns3:TrackPointExtension>
        </extensions>
      </trkpt>
      <trkpt lat="53.6328600347042083740234375" lon="21.516499333083629608154296875">
        <ele>136.8000030517578125</ele>
        <time>2026-09-05T09:01:49.000Z</time>
        <extensions>
          <ns3:TrackPointExtension>
            <ns3:hr>177</ns3:hr>
          </ns3:TrackPointExtension>
        </extensions>
      </trkpt>
      <trkpt lat="53.6326959170401096343994140625" lon="21.5164629556238651275634765625">
        <ele>137.600006103515625</ele>
        <time>2026-09-05T09:01:52.000Z</time>
        <extensions>
          <ns3:TrackPointExtension>
            <ns3:hr>177</ns3:hr>
          </ns3:TrackPointExtension>
        </extensions>
      </trkpt>
      <trkpt lat="53.63264587707817554473876953125" lon="21.5164505504071712493896484375">
        <ele>137.8000030517578125</ele>
        <time>2026-09-05T09:01:53.000Z</time>
        <extensions>
          <ns3:TrackPointExtension>
            <ns3:hr>177</ns3:hr>
          </ns3:TrackPointExtension>
        </extensions>
      </trkpt>
      <trkpt lat="53.632520735263824462890625" lon="21.51644258759915828704833984375">
        <ele>138.1999969482421875</ele>
        <time>2026-09-05T09:01:55.000Z</time>
        <extensions>
          <ns3:TrackPointExtension>
            <ns3:hr>177</ns3:hr>
          </ns3:TrackPointExtension>
        </extensions>
      </trkpt>
      <trkpt lat="53.632419146597385406494140625" lon="21.51636295951902866363525390625">
        <ele>138</ele>
        <time>2026-09-05T09:01:57.000Z</time>
        <extensions>
          <ns3:TrackPointExtension>
            <ns3:hr>177</ns3:hr>
          </ns3:TrackPointExtension>
        </extensions>
      </trkpt>
      <trkpt lat="53.6323690228164196014404296875" lon="21.5163197927176952362060546875">
        <ele>137.8000030517578125</ele>
        <time>2026-09-05T09:01:58.000Z</time>
        <extensions>
          <ns3:TrackPointExtension>
            <ns3:hr>177</ns3:hr>
          </ns3:TrackPointExtension>
        </extensions>
      </trkpt>
      <trkpt lat="53.63228629343211650848388671875" lon="21.51628919877111911773681640625">
        <ele>137.8000030517578125</ele>
        <time>2026-09-05T09:01:59.000Z</time>
        <extensions>
          <ns3:TrackPointExtension>
            <ns3:hr>177</ns3:hr>
          </ns3:TrackPointExtension>
        </extensions>
      </trkpt>
      <trkpt lat="53.63209250383079051971435546875" lon="21.5163006819784641265869140625">
        <ele>137.8000030517578125</ele>
        <time>2026-09-05T09:02:01.000Z</time>
        <extensions>
          <ns3:TrackPointExtension>
            <ns3:hr>178</ns3:hr>
          </ns3:TrackPointExtension>
        </extensions>
      </trkpt>
      <trkpt lat="53.6318342573940753936767578125" lon="21.51627830229699611663818359375">
        <ele>138.399993896484375</ele>
        <time>2026-09-05T09:02:04.000Z</time>
        <extensions>
          <ns3:TrackPointExtension>
            <ns3:hr>179</ns3:hr>
          </ns3:TrackPointExtension>
        </extensions>
      </trkpt>
      <trkpt lat="53.631721436977386474609375" lon="21.51621493510901927947998046875">
        <ele>137.399993896484375</ele>
        <time>2026-09-05T09:02:06.000Z</time>
        <extensions>
          <ns3:TrackPointExtension>
            <ns3:hr>179</ns3:hr>
          </ns3:TrackPointExtension>
        </extensions>
      </trkpt>
      <trkpt lat="53.63168321549892425537109375" lon="21.51618559844791889190673828125">
        <ele>136.8000030517578125</ele>
        <time>2026-09-05T09:02:07.000Z</time>
        <extensions>
          <ns3:TrackPointExtension>
            <ns3:hr>179</ns3:hr>
          </ns3:TrackPointExtension>
        </extensions>
      </trkpt>
      <trkpt lat="53.63164507783949375152587890625" lon="21.51613564230501651763916015625">
        <ele>137</ele>
        <time>2026-09-05T09:02:08.000Z</time>
        <extensions>
          <ns3:TrackPointExtension>
            <ns3:hr>178</ns3:hr>
          </ns3:TrackPointExtension>
        </extensions>
      </trkpt>
      <trkpt lat="53.6314637772738933563232421875" lon="21.51583154685795307159423828125">
        <ele>137.399993896484375</ele>
        <time>2026-09-05T09:02:12.000Z</time>
        <extensions>
          <ns3:TrackPointExtension>
            <ns3:hr>179</ns3:hr>
          </ns3:TrackPointExtension>
        </extensions>
      </trkpt>
      <trkpt lat="53.63136864267289638519287109375" lon="21.51567849330604076385498046875">
        <ele>137.1999969482421875</ele>
        <time>2026-09-05T09:02:14.000Z</time>
        <extensions>
          <ns3:TrackPointExtension>
            <ns3:hr>179</ns3:hr>
          </ns3:TrackPointExtension>
        </extensions>
      </trkpt>
      <trkpt lat="53.6313296668231487274169921875" lon="21.515615880489349365234375">
        <ele>137.1999969482421875</ele>
        <time>2026-09-05T09:02:15.000Z</time>
        <extensions>
          <ns3:TrackPointExtension>
            <ns3:hr>179</ns3:hr>
          </ns3:TrackPointExtension>
        </extensions>
      </trkpt>
      <trkpt lat="53.631171248853206634521484375" lon="21.51528907008469104766845703125">
        <ele>137</ele>
        <time>2026-09-05T09:02:19.000Z</time>
        <extensions>
          <ns3:TrackPointExtension>
            <ns3:hr>178</ns3:hr>
          </ns3:TrackPointExtension>
        </extensions>
      </trkpt>
      <trkpt lat="53.63114166073501110076904296875" lon="21.51512545533478260040283203125">
        <ele>137.1999969482421875</ele>
        <time>2026-09-05T09:02:21.000Z</time>
        <extensions>
          <ns3:TrackPointExtension>
            <ns3:hr>177</ns3:hr>
          </ns3:TrackPointExtension>
        </extensions>
      </trkpt>
      <trkpt lat="53.6311251483857631683349609375" lon="21.51505940593779087066650390625">
        <ele>137.1999969482421875</ele>
        <time>2026-09-05T09:02:22.000Z</time>
        <extensions>
          <ns3:TrackPointExtension>
            <ns3:hr>177</ns3:hr>
          </ns3:TrackPointExtension>
        </extensions>
      </trkpt>
      <trkpt lat="53.63109103403985500335693359375" lon="21.51492596603929996490478515625">
        <ele>137.600006103515625</ele>
        <time>2026-09-05T09:02:24.000Z</time>
        <extensions>
          <ns3:TrackPointExtension>
            <ns3:hr>177</ns3:hr>
          </ns3:TrackPointExtension>
        </extensions>
      </trkpt>
      <trkpt lat="53.63105214200913906097412109375" lon="21.51484549976885318756103515625">
        <ele>138</ele>
        <time>2026-09-05T09:02:25.000Z</time>
        <extensions>
          <ns3:TrackPointExtension>
            <ns3:hr>177</ns3:hr>
          </ns3:TrackPointExtension>
        </extensions>
      </trkpt>
      <trkpt lat="53.63102213479578495025634765625" lon="21.51477073319256305694580078125">
        <ele>138</ele>
        <time>2026-09-05T09:02:26.000Z</time>
        <extensions>
          <ns3:TrackPointExtension>
            <ns3:hr>177</ns3:hr>
          </ns3:TrackPointExtension>
        </extensions>
      </trkpt>
      <trkpt lat="53.6310039460659027099609375" lon="21.51470753364264965057373046875">
        <ele>138</ele>
        <time>2026-09-05T09:02:27.000Z</time>
        <extensions>
          <ns3:TrackPointExtension>
            <ns3:hr>177</ns3:hr>
          </ns3:TrackPointExtension>
        </extensions>
      </trkpt>
      <trkpt lat="53.6309283412992954254150390625" lon="21.51457677595317363739013671875">
        <ele>137.8000030517578125</ele>
        <time>2026-09-05T09:02:29.000Z</time>
        <extensions>
          <ns3:TrackPointExtension>
            <ns3:hr>177</ns3:hr>
          </ns3:TrackPointExtension>
        </extensions>
      </trkpt>
      <trkpt lat="53.63089732825756072998046875" lon="21.5145150013267993927001953125">
        <ele>137.8000030517578125</ele>
        <time>2026-09-05T09:02:30.000Z</time>
        <extensions>
          <ns3:TrackPointExtension>
            <ns3:hr>178</ns3:hr>
          </ns3:TrackPointExtension>
        </extensions>
      </trkpt>
      <trkpt lat="53.63078601658344268798828125" lon="21.514307297766208648681640625">
        <ele>138.1999969482421875</ele>
        <time>2026-09-05T09:02:33.000Z</time>
        <extensions>
          <ns3:TrackPointExtension>
            <ns3:hr>177</ns3:hr>
          </ns3:TrackPointExtension>
        </extensions>
      </trkpt>
      <trkpt lat="53.63069943152368068695068359375" lon="21.51407402940094470977783203125">
        <ele>138.1999969482421875</ele>
        <time>2026-09-05T09:02:36.000Z</time>
        <extensions>
          <ns3:TrackPointExtension>
            <ns3:hr>177</ns3:hr>
          </ns3:TrackPointExtension>
        </extensions>
      </trkpt>
      <trkpt lat="53.63066665828227996826171875" lon="21.513996832072734832763671875">
        <ele>138.1999969482421875</ele>
        <time>2026-09-05T09:02:37.000Z</time>
        <extensions>
          <ns3:TrackPointExtension>
            <ns3:hr>177</ns3:hr>
          </ns3:TrackPointExtension>
        </extensions>
      </trkpt>
      <trkpt lat="53.63055794499814510345458984375" lon="21.51376155205070972442626953125">
        <ele>138</ele>
        <time>2026-09-05T09:02:40.000Z</time>
        <extensions>
          <ns3:TrackPointExtension>
            <ns3:hr>176</ns3:hr>
          </ns3:TrackPointExtension>
        </extensions>
      </trkpt>
      <trkpt lat="53.63049030303955078125" lon="21.51362475939095020294189453125">
        <ele>138</ele>
        <time>2026-09-05T09:02:42.000Z</time>
        <extensions>
          <ns3:TrackPointExtension>
            <ns3:hr>177</ns3:hr>
          </ns3:TrackPointExtension>
        </extensions>
      </trkpt>
      <trkpt lat="53.63047278486192226409912109375" lon="21.51356977410614490509033203125">
        <ele>138</ele>
        <time>2026-09-05T09:02:43.000Z</time>
        <extensions>
          <ns3:TrackPointExtension>
            <ns3:hr>176</ns3:hr>
          </ns3:TrackPointExtension>
        </extensions>
      </trkpt>
      <trkpt lat="53.63038410432636737823486328125" lon="21.51333759538829326629638671875">
        <ele>138.399993896484375</ele>
        <time>2026-09-05T09:02:47.000Z</time>
        <extensions>
          <ns3:TrackPointExtension>
            <ns3:hr>176</ns3:hr>
          </ns3:TrackPointExtension>
        </extensions>
      </trkpt>
      <trkpt lat="53.63031604327261447906494140625" lon="21.51317381300032138824462890625">
        <ele>138.600006103515625</ele>
        <time>2026-09-05T09:02:50.000Z</time>
        <extensions>
          <ns3:TrackPointExtension>
            <ns3:hr>176</ns3:hr>
          </ns3:TrackPointExtension>
        </extensions>
      </trkpt>
      <trkpt lat="53.63027296029031276702880859375" lon="21.513057053089141845703125">
        <ele>138.600006103515625</ele>
        <time>2026-09-05T09:02:52.000Z</time>
        <extensions>
          <ns3:TrackPointExtension>
            <ns3:hr>177</ns3:hr>
          </ns3:TrackPointExtension>
        </extensions>
      </trkpt>
      <trkpt lat="53.6302443780004978179931640625" lon="21.5129811130464076995849609375">
        <ele>138.8000030517578125</ele>
        <time>2026-09-05T09:02:53.000Z</time>
        <extensions>
          <ns3:TrackPointExtension>
            <ns3:hr>177</ns3:hr>
          </ns3:TrackPointExtension>
        </extensions>
      </trkpt>
      <trkpt lat="53.63018260337412357330322265625" lon="21.512868963181972503662109375">
        <ele>139</ele>
        <time>2026-09-05T09:02:55.000Z</time>
        <extensions>
          <ns3:TrackPointExtension>
            <ns3:hr>177</ns3:hr>
          </ns3:TrackPointExtension>
        </extensions>
      </trkpt>
      <trkpt lat="53.6301494948565959930419921875" lon="21.51280618272721767425537109375">
        <ele>139</ele>
        <time>2026-09-05T09:02:56.000Z</time>
        <extensions>
          <ns3:TrackPointExtension>
            <ns3:hr>177</ns3:hr>
          </ns3:TrackPointExtension>
        </extensions>
      </trkpt>
      <trkpt lat="53.6300924979150295257568359375" lon="21.512663103640079498291015625">
        <ele>138.8000030517578125</ele>
        <time>2026-09-05T09:02:58.000Z</time>
        <extensions>
          <ns3:TrackPointExtension>
            <ns3:hr>176</ns3:hr>
          </ns3:TrackPointExtension>
        </extensions>
      </trkpt>
      <trkpt lat="53.63005838356912136077880859375" lon="21.51259814389050006866455078125">
        <ele>138.8000030517578125</ele>
        <time>2026-09-05T09:02:59.000Z</time>
        <extensions>
          <ns3:TrackPointExtension>
            <ns3:hr>176</ns3:hr>
          </ns3:TrackPointExtension>
        </extensions>
      </trkpt>
      <trkpt lat="53.6299114488065242767333984375" lon="21.51232221163809299468994140625">
        <ele>137.8000030517578125</ele>
        <time>2026-09-05T09:03:03.000Z</time>
        <extensions>
          <ns3:TrackPointExtension>
            <ns3:hr>175</ns3:hr>
          </ns3:TrackPointExtension>
        </extensions>
      </trkpt>
      <trkpt lat="53.62987666390836238861083984375" lon="21.5122552402317523956298828125">
        <ele>137.399993896484375</ele>
        <time>2026-09-05T09:03:04.000Z</time>
        <extensions>
          <ns3:TrackPointExtension>
            <ns3:hr>175</ns3:hr>
          </ns3:TrackPointExtension>
        </extensions>
      </trkpt>
      <trkpt lat="53.62980759702622890472412109375" lon="21.5121201239526271820068359375">
        <ele>136.8000030517578125</ele>
        <time>2026-09-05T09:03:06.000Z</time>
        <extensions>
          <ns3:TrackPointExtension>
            <ns3:hr>175</ns3:hr>
          </ns3:TrackPointExtension>
        </extensions>
      </trkpt>
      <trkpt lat="53.6297122947871685028076171875" lon="21.511926166713237762451171875">
        <ele>136.8000030517578125</ele>
        <time>2026-09-05T09:03:09.000Z</time>
        <extensions>
          <ns3:TrackPointExtension>
            <ns3:hr>175</ns3:hr>
          </ns3:TrackPointExtension>
        </extensions>
      </trkpt>
      <trkpt lat="53.62964968197047710418701171875" lon="21.51181208901107311248779296875">
        <ele>137.600006103515625</ele>
        <time>2026-09-05T09:03:11.000Z</time>
        <extensions>
          <ns3:TrackPointExtension>
            <ns3:hr>175</ns3:hr>
          </ns3:TrackPointExtension>
        </extensions>
      </trkpt>
      <trkpt lat="53.629567287862300872802734375" lon="21.5117080695927143096923828125">
        <ele>138</ele>
        <time>2026-09-05T09:03:13.000Z</time>
        <extensions>
          <ns3:TrackPointExtension>
            <ns3:hr>175</ns3:hr>
          </ns3:TrackPointExtension>
        </extensions>
      </trkpt>
      <trkpt lat="53.6295335926115512847900390625" lon="21.51165434159338474273681640625">
        <ele>138</ele>
        <time>2026-09-05T09:03:14.000Z</time>
        <extensions>
          <ns3:TrackPointExtension>
            <ns3:hr>176</ns3:hr>
          </ns3:TrackPointExtension>
        </extensions>
      </trkpt>
      <trkpt lat="53.6295045912265777587890625" lon="21.51159332133829593658447265625">
        <ele>137.8000030517578125</ele>
        <time>2026-09-05T09:03:15.000Z</time>
        <extensions>
          <ns3:TrackPointExtension>
            <ns3:hr>175</ns3:hr>
          </ns3:TrackPointExtension>
        </extensions>
      </trkpt>
      <trkpt lat="53.62944315187633037567138671875" lon="21.51145719923079013824462890625">
        <ele>137.399993896484375</ele>
        <time>2026-09-05T09:03:17.000Z</time>
        <extensions>
          <ns3:TrackPointExtension>
            <ns3:hr>175</ns3:hr>
          </ns3:TrackPointExtension>
        </extensions>
      </trkpt>
      <trkpt lat="53.62938498146831989288330078125" lon="21.51132459752261638641357421875">
        <ele>137</ele>
        <time>2026-09-05T09:03:19.000Z</time>
        <extensions>
          <ns3:TrackPointExtension>
            <ns3:hr>174</ns3:hr>
          </ns3:TrackPointExtension>
        </extensions>
      </trkpt>
      <trkpt lat="53.6293605901300907135009765625" lon="21.51125368662178516387939453125">
        <ele>137.1999969482421875</ele>
        <time>2026-09-05T09:03:20.000Z</time>
        <extensions>
          <ns3:TrackPointExtension>
            <ns3:hr>174</ns3:hr>
          </ns3:TrackPointExtension>
        </extensions>
      </trkpt>
      <trkpt lat="53.629329241812229156494140625" lon="21.51117271743714809417724609375">
        <ele>137.399993896484375</ele>
        <time>2026-09-05T09:03:21.000Z</time>
        <extensions>
          <ns3:TrackPointExtension>
            <ns3:hr>174</ns3:hr>
          </ns3:TrackPointExtension>
        </extensions>
      </trkpt>
      <trkpt lat="53.62926478497684001922607421875" lon="21.51104070246219635009765625">
        <ele>137.8000030517578125</ele>
        <time>2026-09-05T09:03:23.000Z</time>
        <extensions>
          <ns3:TrackPointExtension>
            <ns3:hr>173</ns3:hr>
          </ns3:TrackPointExtension>
        </extensions>
      </trkpt>
      <trkpt lat="53.62924014218151569366455078125" lon="21.5109526924788951873779296875">
        <ele>138.1999969482421875</ele>
        <time>2026-09-05T09:03:24.000Z</time>
        <extensions>
          <ns3:TrackPointExtension>
            <ns3:hr>174</ns3:hr>
          </ns3:TrackPointExtension>
        </extensions>
      </trkpt>
      <trkpt lat="53.6291989870369434356689453125" lon="21.5107944421470165252685546875">
        <ele>138</ele>
        <time>2026-09-05T09:03:26.000Z</time>
        <extensions>
          <ns3:TrackPointExtension>
            <ns3:hr>174</ns3:hr>
          </ns3:TrackPointExtension>
        </extensions>
      </trkpt>
      <trkpt lat="53.62917535006999969482421875" lon="21.51071171276271343231201171875">
        <ele>138</ele>
        <time>2026-09-05T09:03:27.000Z</time>
        <extensions>
          <ns3:TrackPointExtension>
            <ns3:hr>174</ns3:hr>
          </ns3:TrackPointExtension>
        </extensions>
      </trkpt>
      <trkpt lat="53.62909429706633090972900390625" lon="21.51031055487692356109619140625">
        <ele>137.8000030517578125</ele>
        <time>2026-09-05T09:03:32.000Z</time>
        <extensions>
          <ns3:TrackPointExtension>
            <ns3:hr>172</ns3:hr>
          </ns3:TrackPointExtension>
        </extensions>
      </trkpt>
      <trkpt lat="53.62904953770339488983154296875" lon="21.51007686741650104522705078125">
        <ele>137.8000030517578125</ele>
        <time>2026-09-05T09:03:35.000Z</time>
        <extensions>
          <ns3:TrackPointExtension>
            <ns3:hr>173</ns3:hr>
          </ns3:TrackPointExtension>
        </extensions>
      </trkpt>
      <trkpt lat="53.6289699934422969818115234375" lon="21.5098774619400501251220703125">
        <ele>138.600006103515625</ele>
        <time>2026-09-05T09:03:38.000Z</time>
        <extensions>
          <ns3:TrackPointExtension>
            <ns3:hr>173</ns3:hr>
          </ns3:TrackPointExtension>
        </extensions>
      </trkpt>
      <trkpt lat="53.6288635432720184326171875" lon="21.50966766290366649627685546875">
        <ele>138.399993896484375</ele>
        <time>2026-09-05T09:03:41.000Z</time>
        <extensions>
          <ns3:TrackPointExtension>
            <ns3:hr>173</ns3:hr>
          </ns3:TrackPointExtension>
        </extensions>
      </trkpt>
      <trkpt lat="53.62882037647068500518798828125" lon="21.50960505008697509765625">
        <ele>138.399993896484375</ele>
        <time>2026-09-05T09:03:42.000Z</time>
        <extensions>
          <ns3:TrackPointExtension>
            <ns3:hr>173</ns3:hr>
          </ns3:TrackPointExtension>
        </extensions>
      </trkpt>
      <trkpt lat="53.62871862016618251800537109375" lon="21.5094499848783016204833984375">
        <ele>138.600006103515625</ele>
        <time>2026-09-05T09:03:45.000Z</time>
        <extensions>
          <ns3:TrackPointExtension>
            <ns3:hr>172</ns3:hr>
          </ns3:TrackPointExtension>
        </extensions>
      </trkpt>
      <trkpt lat="53.62858392298221588134765625" lon="21.5092954225838184356689453125">
        <ele>139</ele>
        <time>2026-09-05T09:03:48.000Z</time>
        <extensions>
          <ns3:TrackPointExtension>
            <ns3:hr>172</ns3:hr>
          </ns3:TrackPointExtension>
        </extensions>
      </trkpt>
      <trkpt lat="53.62843983806669712066650390625" lon="21.5090929158031940460205078125">
        <ele>138.399993896484375</ele>
        <time>2026-09-05T09:03:52.000Z</time>
        <extensions>
          <ns3:TrackPointExtension>
            <ns3:hr>173</ns3:hr>
          </ns3:TrackPointExtension>
        </extensions>
      </trkpt>
      <trkpt lat="53.62840957939624786376953125" lon="21.50903851725161075592041015625">
        <ele>138</ele>
        <time>2026-09-05T09:03:53.000Z</time>
        <extensions>
          <ns3:TrackPointExtension>
            <ns3:hr>172</ns3:hr>
          </ns3:TrackPointExtension>
        </extensions>
      </trkpt>
      <trkpt lat="53.62835065461695194244384765625" lon="21.5089490823447704315185546875">
        <ele>137.399993896484375</ele>
        <time>2026-09-05T09:03:55.000Z</time>
        <extensions>
          <ns3:TrackPointExtension>
            <ns3:hr>172</ns3:hr>
          </ns3:TrackPointExtension>
        </extensions>
      </trkpt>
      <trkpt lat="53.62821855582296848297119140625" lon="21.50878856889903545379638671875">
        <ele>137</ele>
        <time>2026-09-05T09:03:59.000Z</time>
        <extensions>
          <ns3:TrackPointExtension>
            <ns3:hr>173</ns3:hr>
          </ns3:TrackPointExtension>
        </extensions>
      </trkpt>
      <trkpt lat="53.62818159162998199462890625" lon="21.50873475708067417144775390625">
        <ele>137.1999969482421875</ele>
        <time>2026-09-05T09:04:00.000Z</time>
        <extensions>
          <ns3:TrackPointExtension>
            <ns3:hr>172</ns3:hr>
          </ns3:TrackPointExtension>
        </extensions>
      </trkpt>
      <trkpt lat="53.6280506663024425506591796875" lon="21.5085806138813495635986328125">
        <ele>137.399993896484375</ele>
        <time>2026-09-05T09:04:03.000Z</time>
        <extensions>
          <ns3:TrackPointExtension>
            <ns3:hr>172</ns3:hr>
          </ns3:TrackPointExtension>
        </extensions>
      </trkpt>
      <trkpt lat="53.62795067019760608673095703125" lon="21.50839780457317829132080078125">
        <ele>137.1999969482421875</ele>
        <time>2026-09-05T09:04:06.000Z</time>
        <extensions>
          <ns3:TrackPointExtension>
            <ns3:hr>173</ns3:hr>
          </ns3:TrackPointExtension>
        </extensions>
      </trkpt>
      <trkpt lat="53.6279145441949367523193359375" lon="21.50832354091107845306396484375">
        <ele>137.1999969482421875</ele>
        <time>2026-09-05T09:04:07.000Z</time>
        <extensions>
          <ns3:TrackPointExtension>
            <ns3:hr>172</ns3:hr>
          </ns3:TrackPointExtension>
        </extensions>
      </trkpt>
      <trkpt lat="53.62784036435186862945556640625" lon="21.50819982402026653289794921875">
        <ele>137.399993896484375</ele>
        <time>2026-09-05T09:04:09.000Z</time>
        <extensions>
          <ns3:TrackPointExtension>
            <ns3:hr>172</ns3:hr>
          </ns3:TrackPointExtension>
        </extensions>
      </trkpt>
      <trkpt lat="53.62772167660295963287353515625" lon="21.5079922042787075042724609375">
        <ele>138.1999969482421875</ele>
        <time>2026-09-05T09:04:12.000Z</time>
        <extensions>
          <ns3:TrackPointExtension>
            <ns3:hr>171</ns3:hr>
          </ns3:TrackPointExtension>
        </extensions>
      </trkpt>
      <trkpt lat="53.62757599912583827972412109375" lon="21.5076807327568531036376953125">
        <ele>139.1999969482421875</ele>
        <time>2026-09-05T09:04:16.000Z</time>
        <extensions>
          <ns3:TrackPointExtension>
            <ns3:hr>171</ns3:hr>
          </ns3:TrackPointExtension>
        </extensions>
      </trkpt>
      <trkpt lat="53.6274669505655765533447265625" lon="21.50746171362698078155517578125">
        <ele>139</ele>
        <time>2026-09-05T09:04:18.000Z</time>
        <extensions>
          <ns3:TrackPointExtension>
            <ns3:hr>171</ns3:hr>
          </ns3:TrackPointExtension>
        </extensions>
      </trkpt>
      <trkpt lat="53.627339042723178863525390625" lon="21.50726356543600559234619140625">
        <ele>138.1999969482421875</ele>
        <time>2026-09-05T09:04:21.000Z</time>
        <extensions>
          <ns3:TrackPointExtension>
            <ns3:hr>170</ns3:hr>
          </ns3:TrackPointExtension>
        </extensions>
      </trkpt>
      <trkpt lat="53.62729621119797229766845703125" lon="21.507208161056041717529296875">
        <ele>138.1999969482421875</ele>
        <time>2026-09-05T09:04:22.000Z</time>
        <extensions>
          <ns3:TrackPointExtension>
            <ns3:hr>170</ns3:hr>
          </ns3:TrackPointExtension>
        </extensions>
      </trkpt>
      <trkpt lat="53.6272506974637508392333984375" lon="21.50715778581798076629638671875">
        <ele>138</ele>
        <time>2026-09-05T09:04:23.000Z</time>
        <extensions>
          <ns3:TrackPointExtension>
            <ns3:hr>171</ns3:hr>
          </ns3:TrackPointExtension>
        </extensions>
      </trkpt>
      <trkpt lat="53.6271467618644237518310546875" lon="21.50700741447508335113525390625">
        <ele>137.600006103515625</ele>
        <time>2026-09-05T09:04:26.000Z</time>
        <extensions>
          <ns3:TrackPointExtension>
            <ns3:hr>171</ns3:hr>
          </ns3:TrackPointExtension>
        </extensions>
      </trkpt>
      <trkpt lat="53.62709219567477703094482421875" lon="21.50691940449178218841552734375">
        <ele>137.399993896484375</ele>
        <time>2026-09-05T09:04:28.000Z</time>
        <extensions>
          <ns3:TrackPointExtension>
            <ns3:hr>172</ns3:hr>
          </ns3:TrackPointExtension>
        </extensions>
      </trkpt>
      <trkpt lat="53.62703100778162479400634765625" lon="21.50683592073619365692138671875">
        <ele>137</ele>
        <time>2026-09-05T09:04:30.000Z</time>
        <extensions>
          <ns3:TrackPointExtension>
            <ns3:hr>171</ns3:hr>
          </ns3:TrackPointExtension>
        </extensions>
      </trkpt>
      <trkpt lat="53.6270002461969852447509765625" lon="21.506803147494792938232421875">
        <ele>136.8000030517578125</ele>
        <time>2026-09-05T09:04:31.000Z</time>
        <extensions>
          <ns3:TrackPointExtension>
            <ns3:hr>171</ns3:hr>
          </ns3:TrackPointExtension>
        </extensions>
      </trkpt>
      <trkpt lat="53.62686739303171634674072265625" lon="21.50664481334388256072998046875">
        <ele>136.1999969482421875</ele>
        <time>2026-09-05T09:04:34.000Z</time>
        <extensions>
          <ns3:TrackPointExtension>
            <ns3:hr>172</ns3:hr>
          </ns3:TrackPointExtension>
        </extensions>
      </trkpt>
      <trkpt lat="53.62681592814624309539794921875" lon="21.50657490827143192291259765625">
        <ele>135.8000030517578125</ele>
        <time>2026-09-05T09:04:35.000Z</time>
        <extensions>
          <ns3:TrackPointExtension>
            <ns3:hr>172</ns3:hr>
          </ns3:TrackPointExtension>
        </extensions>
      </trkpt>
      <trkpt lat="53.6266265809535980224609375" lon="21.50626947171986103057861328125">
        <ele>134.600006103515625</ele>
        <time>2026-09-05T09:04:39.000Z</time>
        <extensions>
          <ns3:TrackPointExtension>
            <ns3:hr>171</ns3:hr>
          </ns3:TrackPointExtension>
        </extensions>
      </trkpt>
      <trkpt lat="53.62657888792455196380615234375" lon="21.50617877952754497528076171875">
        <ele>134.600006103515625</ele>
        <time>2026-09-05T09:04:40.000Z</time>
        <extensions>
          <ns3:TrackPointExtension>
            <ns3:hr>171</ns3:hr>
          </ns3:TrackPointExtension>
        </extensions>
      </trkpt>
      <trkpt lat="53.62639733590185642242431640625" lon="21.50577929802238941192626953125">
        <ele>134</ele>
        <time>2026-09-05T09:04:44.000Z</time>
        <extensions>
          <ns3:TrackPointExtension>
            <ns3:hr>167</ns3:hr>
          </ns3:TrackPointExtension>
        </extensions>
      </trkpt>
      <trkpt lat="53.6263476312160491943359375" lon="21.50566664524376392364501953125">
        <ele>134</ele>
        <time>2026-09-05T09:04:45.000Z</time>
        <extensions>
          <ns3:TrackPointExtension>
            <ns3:hr>167</ns3:hr>
          </ns3:TrackPointExtension>
        </extensions>
      </trkpt>
      <trkpt lat="53.62629826180636882781982421875" lon="21.5055765397846698760986328125">
        <ele>133.8000030517578125</ele>
        <time>2026-09-05T09:04:46.000Z</time>
        <extensions>
          <ns3:TrackPointExtension>
            <ns3:hr>167</ns3:hr>
          </ns3:TrackPointExtension>
        </extensions>
      </trkpt>
      <trkpt lat="53.62621058709919452667236328125" lon="21.50542742572724819183349609375">
        <ele>134</ele>
        <time>2026-09-05T09:04:48.000Z</time>
        <extensions>
          <ns3:TrackPointExtension>
            <ns3:hr>167</ns3:hr>
          </ns3:TrackPointExtension>
        </extensions>
      </trkpt>
      <trkpt lat="53.62597689963877201080322265625" lon="21.50509181432425975799560546875">
        <ele>134</ele>
        <time>2026-09-05T09:04:53.000Z</time>
        <extensions>
          <ns3:TrackPointExtension>
            <ns3:hr>165</ns3:hr>
          </ns3:TrackPointExtension>
        </extensions>
      </trkpt>
      <trkpt lat="53.62582434900104999542236328125" lon="21.50487455539405345916748046875">
        <ele>134.8000030517578125</ele>
        <time>2026-09-05T09:04:57.000Z</time>
        <extensions>
          <ns3:TrackPointExtension>
            <ns3:hr>167</ns3:hr>
          </ns3:TrackPointExtension>
        </extensions>
      </trkpt>
      <trkpt lat="53.62571127712726593017578125" lon="21.504741869866847991943359375">
        <ele>135.399993896484375</ele>
        <time>2026-09-05T09:05:00.000Z</time>
        <extensions>
          <ns3:TrackPointExtension>
            <ns3:hr>168</ns3:hr>
          </ns3:TrackPointExtension>
        </extensions>
      </trkpt>
      <trkpt lat="53.62557850778102874755859375" lon="21.50459812022745609283447265625">
        <ele>135.399993896484375</ele>
        <time>2026-09-05T09:05:03.000Z</time>
        <extensions>
          <ns3:TrackPointExtension>
            <ns3:hr>170</ns3:hr>
          </ns3:TrackPointExtension>
        </extensions>
      </trkpt>
      <trkpt lat="53.62543224357068538665771484375" lon="21.5044081024825572967529296875">
        <ele>135</ele>
        <time>2026-09-05T09:05:07.000Z</time>
        <extensions>
          <ns3:TrackPointExtension>
            <ns3:hr>171</ns3:hr>
          </ns3:TrackPointExtension>
        </extensions>
      </trkpt>
      <trkpt lat="53.62532713450491428375244140625" lon="21.50421204976737499237060546875">
        <ele>135</ele>
        <time>2026-09-05T09:05:12.000Z</time>
        <extensions>
          <ns3:TrackPointExtension>
            <ns3:hr>171</ns3:hr>
          </ns3:TrackPointExtension>
        </extensions>
      </trkpt>
      <trkpt lat="53.62522554583847522735595703125" lon="21.5040262229740619659423828125">
        <ele>135.8000030517578125</ele>
        <time>2026-09-05T09:05:16.000Z</time>
        <extensions>
          <ns3:TrackPointExtension>
            <ns3:hr>171</ns3:hr>
          </ns3:TrackPointExtension>
        </extensions>
      </trkpt>
      <trkpt lat="53.62513300962746143341064453125" lon="21.503930501639842987060546875">
        <ele>136.8000030517578125</ele>
        <time>2026-09-05T09:05:19.000Z</time>
        <extensions>
          <ns3:TrackPointExtension>
            <ns3:hr>169</ns3:hr>
          </ns3:TrackPointExtension>
        </extensions>
      </trkpt>
      <trkpt lat="53.62509696744382381439208984375" lon="21.50387057103216648101806640625">
        <ele>137</ele>
        <time>2026-09-05T09:05:20.000Z</time>
        <extensions>
          <ns3:TrackPointExtension>
            <ns3:hr>169</ns3:hr>
          </ns3:TrackPointExtension>
        </extensions>
      </trkpt>
      <trkpt lat="53.62497375346720218658447265625" lon="21.5037087164819240570068359375">
        <ele>137.600006103515625</ele>
        <time>2026-09-05T09:05:23.000Z</time>
        <extensions>
          <ns3:TrackPointExtension>
            <ns3:hr>170</ns3:hr>
          </ns3:TrackPointExtension>
        </extensions>
      </trkpt>
      <trkpt lat="53.6248132400214672088623046875" lon="21.503468491137027740478515625">
        <ele>137.8000030517578125</ele>
        <time>2026-09-05T09:05:27.000Z</time>
        <extensions>
          <ns3:TrackPointExtension>
            <ns3:hr>170</ns3:hr>
          </ns3:TrackPointExtension>
        </extensions>
      </trkpt>
      <trkpt lat="53.62475364468991756439208984375" lon="21.50338576175272464752197265625">
        <ele>138</ele>
        <time>2026-09-05T09:05:29.000Z</time>
        <extensions>
          <ns3:TrackPointExtension>
            <ns3:hr>171</ns3:hr>
          </ns3:TrackPointExtension>
        </extensions>
      </trkpt>
      <trkpt lat="53.624725900590419769287109375" lon="21.50334552861750125885009765625">
        <ele>138</ele>
        <time>2026-09-05T09:05:30.000Z</time>
        <extensions>
          <ns3:TrackPointExtension>
            <ns3:hr>172</ns3:hr>
          </ns3:TrackPointExtension>
        </extensions>
      </trkpt>
      <trkpt lat="53.62464987672865390777587890625" lon="21.50324863381683826446533203125">
        <ele>137.8000030517578125</ele>
        <time>2026-09-05T09:05:32.000Z</time>
        <extensions>
          <ns3:TrackPointExtension>
            <ns3:hr>172</ns3:hr>
          </ns3:TrackPointExtension>
        </extensions>
      </trkpt>
      <trkpt lat="53.6245554126799106597900390625" lon="21.50310848839581012725830078125">
        <ele>137.600006103515625</ele>
        <time>2026-09-05T09:05:34.000Z</time>
        <extensions>
          <ns3:TrackPointExtension>
            <ns3:hr>174</ns3:hr>
          </ns3:TrackPointExtension>
        </extensions>
      </trkpt>
      <trkpt lat="53.62440504133701324462890625" lon="21.50288100354373455047607421875">
        <ele>137</ele>
        <time>2026-09-05T09:05:38.000Z</time>
        <extensions>
          <ns3:TrackPointExtension>
            <ns3:hr>175</ns3:hr>
          </ns3:TrackPointExtension>
        </extensions>
      </trkpt>
      <trkpt lat="53.62437142990529537200927734375" lon="21.5028232522308826446533203125">
        <ele>137</ele>
        <time>2026-09-05T09:05:39.000Z</time>
        <extensions>
          <ns3:TrackPointExtension>
            <ns3:hr>175</ns3:hr>
          </ns3:TrackPointExtension>
        </extensions>
      </trkpt>
      <trkpt lat="53.62416070885956287384033203125" lon="21.50247917510569095611572265625">
        <ele>136.399993896484375</ele>
        <time>2026-09-05T09:05:45.000Z</time>
        <extensions>
          <ns3:TrackPointExtension>
            <ns3:hr>176</ns3:hr>
          </ns3:TrackPointExtension>
        </extensions>
      </trkpt>
      <trkpt lat="53.62406968139111995697021484375" lon="21.50232193060219287872314453125">
        <ele>136.600006103515625</ele>
        <time>2026-09-05T09:05:48.000Z</time>
        <extensions>
          <ns3:TrackPointExtension>
            <ns3:hr>176</ns3:hr>
          </ns3:TrackPointExtension>
        </extensions>
      </trkpt>
      <trkpt lat="53.62404520623385906219482421875" lon="21.50226241908967494964599609375">
        <ele>136.600006103515625</ele>
        <time>2026-09-05T09:05:49.000Z</time>
        <extensions>
          <ns3:TrackPointExtension>
            <ns3:hr>175</ns3:hr>
          </ns3:TrackPointExtension>
        </extensions>
      </trkpt>
      <trkpt lat="53.62387153320014476776123046875" lon="21.5019555576145648956298828125">
        <ele>136</ele>
        <time>2026-09-05T09:05:54.000Z</time>
        <extensions>
          <ns3:TrackPointExtension>
            <ns3:hr>174</ns3:hr>
          </ns3:TrackPointExtension>
        </extensions>
      </trkpt>
      <trkpt lat="53.62382895313203334808349609375" lon="21.5018834732472896575927734375">
        <ele>135.8000030517578125</ele>
        <time>2026-09-05T09:05:55.000Z</time>
        <extensions>
          <ns3:TrackPointExtension>
            <ns3:hr>174</ns3:hr>
          </ns3:TrackPointExtension>
        </extensions>
      </trkpt>
      <trkpt lat="53.62374613992869853973388671875" lon="21.50177408941090106964111328125">
        <ele>135</ele>
        <time>2026-09-05T09:05:57.000Z</time>
        <extensions>
          <ns3:TrackPointExtension>
            <ns3:hr>174</ns3:hr>
          </ns3:TrackPointExtension>
        </extensions>
      </trkpt>
      <trkpt lat="53.62368310801684856414794921875" lon="21.50171357207000255584716796875">
        <ele>134.8000030517578125</ele>
        <time>2026-09-05T09:05:58.000Z</time>
        <extensions>
          <ns3:TrackPointExtension>
            <ns3:hr>174</ns3:hr>
          </ns3:TrackPointExtension>
        </extensions>
      </trkpt>
      <trkpt lat="53.62364170141518115997314453125" lon="21.50165221653878688812255859375">
        <ele>134.399993896484375</ele>
        <time>2026-09-05T09:05:59.000Z</time>
        <extensions>
          <ns3:TrackPointExtension>
            <ns3:hr>174</ns3:hr>
          </ns3:TrackPointExtension>
        </extensions>
      </trkpt>
      <trkpt lat="53.623548410832881927490234375" lon="21.50147192180156707763671875">
        <ele>133.8000030517578125</ele>
        <time>2026-09-05T09:06:02.000Z</time>
        <extensions>
          <ns3:TrackPointExtension>
            <ns3:hr>173</ns3:hr>
          </ns3:TrackPointExtension>
        </extensions>
      </trkpt>
      <trkpt lat="53.623498789966106414794921875" lon="21.50134376250207424163818359375">
        <ele>133.1999969482421875</ele>
        <time>2026-09-05T09:06:04.000Z</time>
        <extensions>
          <ns3:TrackPointExtension>
            <ns3:hr>172</ns3:hr>
          </ns3:TrackPointExtension>
        </extensions>
      </trkpt>
      <trkpt lat="53.62339409999549388885498046875" lon="21.50115315802395343780517578125">
        <ele>133</ele>
        <time>2026-09-05T09:06:07.000Z</time>
        <extensions>
          <ns3:TrackPointExtension>
            <ns3:hr>172</ns3:hr>
          </ns3:TrackPointExtension>
        </extensions>
      </trkpt>
      <trkpt lat="53.62331380136311054229736328125" lon="21.50104939006268978118896484375">
        <ele>133</ele>
        <time>2026-09-05T09:06:09.000Z</time>
        <extensions>
          <ns3:TrackPointExtension>
            <ns3:hr>171</ns3:hr>
          </ns3:TrackPointExtension>
        </extensions>
      </trkpt>
      <trkpt lat="53.6231321655213832855224609375" lon="21.5008102543652057647705078125">
        <ele>132.8000030517578125</ele>
        <time>2026-09-05T09:06:15.000Z</time>
        <extensions>
          <ns3:TrackPointExtension>
            <ns3:hr>171</ns3:hr>
          </ns3:TrackPointExtension>
        </extensions>
      </trkpt>
      <trkpt lat="53.622950278222560882568359375" lon="21.50059877894818782806396484375">
        <ele>133.1999969482421875</ele>
        <time>2026-09-05T09:06:21.000Z</time>
        <extensions>
          <ns3:TrackPointExtension>
            <ns3:hr>168</ns3:hr>
          </ns3:TrackPointExtension>
        </extensions>
      </trkpt>
      <trkpt lat="53.62281071953475475311279296875" lon="21.50048746727406978607177734375">
        <ele>133.600006103515625</ele>
        <time>2026-09-05T09:06:25.000Z</time>
        <extensions>
          <ns3:TrackPointExtension>
            <ns3:hr>165</ns3:hr>
          </ns3:TrackPointExtension>
        </extensions>
      </trkpt>
      <trkpt lat="53.62277694046497344970703125" lon="21.5004719607532024383544921875">
        <ele>133.600006103515625</ele>
        <time>2026-09-05T09:06:26.000Z</time>
        <extensions>
          <ns3:TrackPointExtension>
            <ns3:hr>164</ns3:hr>
          </ns3:TrackPointExtension>
        </extensions>
      </trkpt>
      <trkpt lat="53.62258608452975749969482421875" lon="21.50036324746906757354736328125">
        <ele>132.8000030517578125</ele>
        <time>2026-09-05T09:06:30.000Z</time>
        <extensions>
          <ns3:TrackPointExtension>
            <ns3:hr>161</ns3:hr>
          </ns3:TrackPointExtension>
        </extensions>
      </trkpt>
      <trkpt lat="53.6225393973290920257568359375" lon="21.50035050697624683380126953125">
        <ele>132.1999969482421875</ele>
        <time>2026-09-05T09:06:31.000Z</time>
        <extensions>
          <ns3:TrackPointExtension>
            <ns3:hr>161</ns3:hr>
          </ns3:TrackPointExtension>
        </extensions>
      </trkpt>
      <trkpt lat="53.62238994799554347991943359375" lon="21.50022427551448345184326171875">
        <ele>132.399993896484375</ele>
        <time>2026-09-05T09:06:34.000Z</time>
        <extensions>
          <ns3:TrackPointExtension>
            <ns3:hr>159</ns3:hr>
          </ns3:TrackPointExtension>
        </extensions>
      </trkpt>
      <trkpt lat="53.622349798679351806640625" lon="21.50018588639795780181884765625">
        <ele>132.399993896484375</ele>
        <time>2026-09-05T09:06:35.000Z</time>
        <extensions>
          <ns3:TrackPointExtension>
            <ns3:hr>159</ns3:hr>
          </ns3:TrackPointExtension>
        </extensions>
      </trkpt>
      <trkpt lat="53.62223421223461627960205078125" lon="21.50007809512317180633544921875">
        <ele>132.8000030517578125</ele>
        <time>2026-09-05T09:06:37.000Z</time>
        <extensions>
          <ns3:TrackPointExtension>
            <ns3:hr>159</ns3:hr>
          </ns3:TrackPointExtension>
        </extensions>
      </trkpt>
      <trkpt lat="53.6221151053905487060546875" lon="21.49989620782434940338134765625">
        <ele>132.600006103515625</ele>
        <time>2026-09-05T09:06:39.000Z</time>
        <extensions>
          <ns3:TrackPointExtension>
            <ns3:hr>160</ns3:hr>
          </ns3:TrackPointExtension>
        </extensions>
      </trkpt>
      <trkpt lat="53.6219841800630092620849609375" lon="21.499681212007999420166015625">
        <ele>132.600006103515625</ele>
        <time>2026-09-05T09:06:42.000Z</time>
        <extensions>
          <ns3:TrackPointExtension>
            <ns3:hr>161</ns3:hr>
          </ns3:TrackPointExtension>
        </extensions>
      </trkpt>
      <trkpt lat="53.62193338572978973388671875" lon="21.499594710767269134521484375">
        <ele>132.600006103515625</ele>
        <time>2026-09-05T09:06:43.000Z</time>
        <extensions>
          <ns3:TrackPointExtension>
            <ns3:hr>161</ns3:hr>
          </ns3:TrackPointExtension>
        </extensions>
      </trkpt>
      <trkpt lat="53.62189139239490032196044921875" lon="21.49952740408480167388916015625">
        <ele>132.8000030517578125</ele>
        <time>2026-09-05T09:06:44.000Z</time>
        <extensions>
          <ns3:TrackPointExtension>
            <ns3:hr>162</ns3:hr>
          </ns3:TrackPointExtension>
        </extensions>
      </trkpt>
      <trkpt lat="53.62182383425533771514892578125" lon="21.49941860698163509368896484375">
        <ele>132.8000030517578125</ele>
        <time>2026-09-05T09:06:46.000Z</time>
        <extensions>
          <ns3:TrackPointExtension>
            <ns3:hr>163</ns3:hr>
          </ns3:TrackPointExtension>
        </extensions>
      </trkpt>
      <trkpt lat="53.62178184092044830322265625" lon="21.49936764501035213470458984375">
        <ele>133</ele>
        <time>2026-09-05T09:06:47.000Z</time>
        <extensions>
          <ns3:TrackPointExtension>
            <ns3:hr>163</ns3:hr>
          </ns3:TrackPointExtension>
        </extensions>
      </trkpt>
      <trkpt lat="53.62169659696519374847412109375" lon="21.49917569942772388458251953125">
        <ele>133.8000030517578125</ele>
        <time>2026-09-05T09:06:50.000Z</time>
        <extensions>
          <ns3:TrackPointExtension>
            <ns3:hr>165</ns3:hr>
          </ns3:TrackPointExtension>
        </extensions>
      </trkpt>
      <trkpt lat="53.62160372547805309295654296875" lon="21.499007306993007659912109375">
        <ele>133.8000030517578125</ele>
        <time>2026-09-05T09:06:53.000Z</time>
        <extensions>
          <ns3:TrackPointExtension>
            <ns3:hr>166</ns3:hr>
          </ns3:TrackPointExtension>
        </extensions>
      </trkpt>
      <trkpt lat="53.6215035617351531982421875" lon="21.498806141316890716552734375">
        <ele>133.1999969482421875</ele>
        <time>2026-09-05T09:06:56.000Z</time>
        <extensions>
          <ns3:TrackPointExtension>
            <ns3:hr>166</ns3:hr>
          </ns3:TrackPointExtension>
        </extensions>
      </trkpt>
      <trkpt lat="53.62147045321762561798095703125" lon="21.49874922819435596466064453125">
        <ele>133.1999969482421875</ele>
        <time>2026-09-05T09:06:57.000Z</time>
        <extensions>
          <ns3:TrackPointExtension>
            <ns3:hr>165</ns3:hr>
          </ns3:TrackPointExtension>
        </extensions>
      </trkpt>
      <trkpt lat="53.62141144461929798126220703125" lon="21.4986266009509563446044921875">
        <ele>133</ele>
        <time>2026-09-05T09:06:59.000Z</time>
        <extensions>
          <ns3:TrackPointExtension>
            <ns3:hr>165</ns3:hr>
          </ns3:TrackPointExtension>
        </extensions>
      </trkpt>
      <trkpt lat="53.62128169275820255279541015625" lon="21.49839517660439014434814453125">
        <ele>133.600006103515625</ele>
        <time>2026-09-05T09:07:03.000Z</time>
        <extensions>
          <ns3:TrackPointExtension>
            <ns3:hr>166</ns3:hr>
          </ns3:TrackPointExtension>
        </extensions>
      </trkpt>
      <trkpt lat="53.6211751587688922882080078125" lon="21.498079933226108551025390625">
        <ele>133.1999969482421875</ele>
        <time>2026-09-05T09:07:07.000Z</time>
        <extensions>
          <ns3:TrackPointExtension>
            <ns3:hr>167</ns3:hr>
          </ns3:TrackPointExtension>
        </extensions>
      </trkpt>
      <trkpt lat="53.6211278848350048065185546875" lon="21.49794423021376132965087890625">
        <ele>133</ele>
        <time>2026-09-05T09:07:09.000Z</time>
        <extensions>
          <ns3:TrackPointExtension>
            <ns3:hr>168</ns3:hr>
          </ns3:TrackPointExtension>
        </extensions>
      </trkpt>
      <trkpt lat="53.62101363949477672576904296875" lon="21.49762605316936969757080078125">
        <ele>131.8000030517578125</ele>
        <time>2026-09-05T09:07:14.000Z</time>
        <extensions>
          <ns3:TrackPointExtension>
            <ns3:hr>168</ns3:hr>
          </ns3:TrackPointExtension>
        </extensions>
      </trkpt>
      <trkpt lat="53.6208784393966197967529296875" lon="21.4972838200628757476806640625">
        <ele>131.1999969482421875</ele>
        <time>2026-09-05T09:07:19.000Z</time>
        <extensions>
          <ns3:TrackPointExtension>
            <ns3:hr>167</ns3:hr>
          </ns3:TrackPointExtension>
        </extensions>
      </trkpt>
      <trkpt lat="53.62085673026740550994873046875" lon="21.4971983246505260467529296875">
        <ele>131</ele>
        <time>2026-09-05T09:07:20.000Z</time>
        <extensions>
          <ns3:TrackPointExtension>
            <ns3:hr>167</ns3:hr>
          </ns3:TrackPointExtension>
        </extensions>
      </trkpt>
      <trkpt lat="53.6208358593285083770751953125" lon="21.4971047826111316680908203125">
        <ele>130.600006103515625</ele>
        <time>2026-09-05T09:07:21.000Z</time>
        <extensions>
          <ns3:TrackPointExtension>
            <ns3:hr>166</ns3:hr>
          </ns3:TrackPointExtension>
        </extensions>
      </trkpt>
      <trkpt lat="53.62068825401365756988525390625" lon="21.4967188797891139984130859375">
        <ele>130.1999969482421875</ele>
        <time>2026-09-05T09:07:25.000Z</time>
        <extensions>
          <ns3:TrackPointExtension>
            <ns3:hr>165</ns3:hr>
          </ns3:TrackPointExtension>
        </extensions>
      </trkpt>
      <trkpt lat="53.6206340231001377105712890625" lon="21.49661938659846782684326171875">
        <ele>130.1999969482421875</ele>
        <time>2026-09-05T09:07:26.000Z</time>
        <extensions>
          <ns3:TrackPointExtension>
            <ns3:hr>164</ns3:hr>
          </ns3:TrackPointExtension>
        </extensions>
      </trkpt>
      <trkpt lat="53.62052614800631999969482421875" lon="21.49636776186525821685791015625">
        <ele>130</ele>
        <time>2026-09-05T09:07:29.000Z</time>
        <extensions>
          <ns3:TrackPointExtension>
            <ns3:hr>168</ns3:hr>
          </ns3:TrackPointExtension>
        </extensions>
      </trkpt>
      <trkpt lat="53.62048172391951084136962890625" lon="21.49631042964756488800048828125">
        <ele>130</ele>
        <time>2026-09-05T09:07:30.000Z</time>
        <extensions>
          <ns3:TrackPointExtension>
            <ns3:hr>166</ns3:hr>
          </ns3:TrackPointExtension>
        </extensions>
      </trkpt>
      <trkpt lat="53.62042020075023174285888671875" lon="21.49617983959615230560302734375">
        <ele>130.1999969482421875</ele>
        <time>2026-09-05T09:07:32.000Z</time>
        <extensions>
          <ns3:TrackPointExtension>
            <ns3:hr>162</ns3:hr>
          </ns3:TrackPointExtension>
        </extensions>
      </trkpt>
      <trkpt lat="53.62039513885974884033203125" lon="21.4961110241711139678955078125">
        <ele>130.1999969482421875</ele>
        <time>2026-09-05T09:07:33.000Z</time>
        <extensions>
          <ns3:TrackPointExtension>
            <ns3:hr>161</ns3:hr>
          </ns3:TrackPointExtension>
        </extensions>
      </trkpt>
      <trkpt lat="53.6203202046453952789306640625" lon="21.49597230367362499237060546875">
        <ele>130.399993896484375</ele>
        <time>2026-09-05T09:07:35.000Z</time>
        <extensions>
          <ns3:TrackPointExtension>
            <ns3:hr>160</ns3:hr>
          </ns3:TrackPointExtension>
        </extensions>
      </trkpt>
      <trkpt lat="53.6202913708984851837158203125" lon="21.49592033587396144866943359375">
        <ele>130.600006103515625</ele>
        <time>2026-09-05T09:07:36.000Z</time>
        <extensions>
          <ns3:TrackPointExtension>
            <ns3:hr>159</ns3:hr>
          </ns3:TrackPointExtension>
        </extensions>
      </trkpt>
      <trkpt lat="53.62025432288646697998046875" lon="21.49586166255176067352294921875">
        <ele>130.600006103515625</ele>
        <time>2026-09-05T09:07:37.000Z</time>
        <extensions>
          <ns3:TrackPointExtension>
            <ns3:hr>159</ns3:hr>
          </ns3:TrackPointExtension>
        </extensions>
      </trkpt>
      <trkpt lat="53.6201565898954868316650390625" lon="21.4957019872963428497314453125">
        <ele>131.1999969482421875</ele>
        <time>2026-09-05T09:07:40.000Z</time>
        <extensions>
          <ns3:TrackPointExtension>
            <ns3:hr>160</ns3:hr>
          </ns3:TrackPointExtension>
        </extensions>
      </trkpt>
      <trkpt lat="53.62008827738463878631591796875" lon="21.49562068283557891845703125">
        <ele>131.1999969482421875</ele>
        <time>2026-09-05T09:07:42.000Z</time>
        <extensions>
          <ns3:TrackPointExtension>
            <ns3:hr>163</ns3:hr>
          </ns3:TrackPointExtension>
        </extensions>
      </trkpt>
      <trkpt lat="53.62005474977195262908935546875" lon="21.49557567201554775238037109375">
        <ele>131.600006103515625</ele>
        <time>2026-09-05T09:07:43.000Z</time>
        <extensions>
          <ns3:TrackPointExtension>
            <ns3:hr>164</ns3:hr>
          </ns3:TrackPointExtension>
        </extensions>
      </trkpt>
      <trkpt lat="53.620022647082805633544921875" lon="21.49553677998483180999755859375">
        <ele>131.8000030517578125</ele>
        <time>2026-09-05T09:07:44.000Z</time>
        <extensions>
          <ns3:TrackPointExtension>
            <ns3:hr>164</ns3:hr>
          </ns3:TrackPointExtension>
        </extensions>
      </trkpt>
      <trkpt lat="53.6199889518320560455322265625" lon="21.49549755267798900604248046875">
        <ele>131.8000030517578125</ele>
        <time>2026-09-05T09:07:45.000Z</time>
        <extensions>
          <ns3:TrackPointExtension>
            <ns3:hr>165</ns3:hr>
          </ns3:TrackPointExtension>
        </extensions>
      </trkpt>
      <trkpt lat="53.6199235729873180389404296875" lon="21.49543292820453643798828125">
        <ele>132.399993896484375</ele>
        <time>2026-09-05T09:07:47.000Z</time>
        <extensions>
          <ns3:TrackPointExtension>
            <ns3:hr>166</ns3:hr>
          </ns3:TrackPointExtension>
        </extensions>
      </trkpt>
      <trkpt lat="53.61988308839499950408935546875" lon="21.49541256017982959747314453125">
        <ele>132.600006103515625</ele>
        <time>2026-09-05T09:07:48.000Z</time>
        <extensions>
          <ns3:TrackPointExtension>
            <ns3:hr>166</ns3:hr>
          </ns3:TrackPointExtension>
        </extensions>
      </trkpt>
      <trkpt lat="53.61984168179333209991455078125" lon="21.4953960478305816650390625">
        <ele>133</ele>
        <time>2026-09-05T09:07:49.000Z</time>
        <extensions>
          <ns3:TrackPointExtension>
            <ns3:hr>167</ns3:hr>
          </ns3:TrackPointExtension>
        </extensions>
      </trkpt>
      <trkpt lat="53.619802705943584442138671875" lon="21.4953864924609661102294921875">
        <ele>133</ele>
        <time>2026-09-05T09:07:50.000Z</time>
        <extensions>
          <ns3:TrackPointExtension>
            <ns3:hr>166</ns3:hr>
          </ns3:TrackPointExtension>
        </extensions>
      </trkpt>
      <trkpt lat="53.6196764744818210601806640625" lon="21.4953885041177272796630859375">
        <ele>132.8000030517578125</ele>
        <time>2026-09-05T09:07:54.000Z</time>
        <extensions>
          <ns3:TrackPointExtension>
            <ns3:hr>167</ns3:hr>
          </ns3:TrackPointExtension>
        </extensions>
      </trkpt>
      <trkpt lat="53.61959391273558139801025390625" lon="21.495412476360797882080078125">
        <ele>133</ele>
        <time>2026-09-05T09:07:57.000Z</time>
        <extensions>
          <ns3:TrackPointExtension>
            <ns3:hr>167</ns3:hr>
          </ns3:TrackPointExtension>
        </extensions>
      </trkpt>
      <trkpt lat="53.61956407316029071807861328125" lon="21.49542379193007946014404296875">
        <ele>133</ele>
        <time>2026-09-05T09:07:58.000Z</time>
        <extensions>
          <ns3:TrackPointExtension>
            <ns3:hr>168</ns3:hr>
          </ns3:TrackPointExtension>
        </extensions>
      </trkpt>
      <trkpt lat="53.6194087564945220947265625" lon="21.4954713173210620880126953125">
        <ele>133.1999969482421875</ele>
        <time>2026-09-05T09:08:03.000Z</time>
        <extensions>
          <ns3:TrackPointExtension>
            <ns3:hr>169</ns3:hr>
          </ns3:TrackPointExtension>
        </extensions>
      </trkpt>
      <trkpt lat="53.61927892081439495086669921875" lon="21.49553443305194377899169921875">
        <ele>134</ele>
        <time>2026-09-05T09:08:07.000Z</time>
        <extensions>
          <ns3:TrackPointExtension>
            <ns3:hr>170</ns3:hr>
          </ns3:TrackPointExtension>
        </extensions>
      </trkpt>
      <trkpt lat="53.6190867237746715545654296875" lon="21.49551297537982463836669921875">
        <ele>135</ele>
        <time>2026-09-05T09:08:12.000Z</time>
        <extensions>
          <ns3:TrackPointExtension>
            <ns3:hr>173</ns3:hr>
          </ns3:TrackPointExtension>
        </extensions>
      </trkpt>
      <trkpt lat="53.61888899467885494232177734375" lon="21.49553342722356319427490234375">
        <ele>136</ele>
        <time>2026-09-05T09:08:17.000Z</time>
        <extensions>
          <ns3:TrackPointExtension>
            <ns3:hr>174</ns3:hr>
          </ns3:TrackPointExtension>
        </extensions>
      </trkpt>
      <trkpt lat="53.61885420978069305419921875" lon="21.49554449133574962615966796875">
        <ele>136.1999969482421875</ele>
        <time>2026-09-05T09:08:18.000Z</time>
        <extensions>
          <ns3:TrackPointExtension>
            <ns3:hr>174</ns3:hr>
          </ns3:TrackPointExtension>
        </extensions>
      </trkpt>
      <trkpt lat="53.618643321096897125244140625" lon="21.4957174099981784820556640625">
        <ele>135.399993896484375</ele>
        <time>2026-09-05T09:08:23.000Z</time>
        <extensions>
          <ns3:TrackPointExtension>
            <ns3:hr>175</ns3:hr>
          </ns3:TrackPointExtension>
        </extensions>
      </trkpt>
      <trkpt lat="53.61860920675098896026611328125" lon="21.495728306472301483154296875">
        <ele>135</ele>
        <time>2026-09-05T09:08:24.000Z</time>
        <extensions>
          <ns3:TrackPointExtension>
            <ns3:hr>175</ns3:hr>
          </ns3:TrackPointExtension>
        </extensions>
      </trkpt>
      <trkpt lat="53.6184399761259555816650390625" lon="21.49580248631536960601806640625">
        <ele>134.8000030517578125</ele>
        <time>2026-09-05T09:08:28.000Z</time>
        <extensions>
          <ns3:TrackPointExtension>
            <ns3:hr>176</ns3:hr>
          </ns3:TrackPointExtension>
        </extensions>
      </trkpt>
      <trkpt lat="53.6182190291583538055419921875" lon="21.4958297275006771087646484375">
        <ele>134.8000030517578125</ele>
        <time>2026-09-05T09:08:33.000Z</time>
        <extensions>
          <ns3:TrackPointExtension>
            <ns3:hr>175</ns3:hr>
          </ns3:TrackPointExtension>
        </extensions>
      </trkpt>
      <trkpt lat="53.61810260452330112457275390625" lon="21.4959137141704559326171875">
        <ele>135</ele>
        <time>2026-09-05T09:08:37.000Z</time>
        <extensions>
          <ns3:TrackPointExtension>
            <ns3:hr>176</ns3:hr>
          </ns3:TrackPointExtension>
        </extensions>
      </trkpt>
      <trkpt lat="53.61800235696136951446533203125" lon="21.4959517680108547210693359375">
        <ele>134.600006103515625</ele>
        <time>2026-09-05T09:08:40.000Z</time>
        <extensions>
          <ns3:TrackPointExtension>
            <ns3:hr>174</ns3:hr>
          </ns3:TrackPointExtension>
        </extensions>
      </trkpt>
      <trkpt lat="53.61786237917840480804443359375" lon="21.49602242745459079742431640625">
        <ele>134</ele>
        <time>2026-09-05T09:08:44.000Z</time>
        <extensions>
          <ns3:TrackPointExtension>
            <ns3:hr>172</ns3:hr>
          </ns3:TrackPointExtension>
        </extensions>
      </trkpt>
      <trkpt lat="53.6177198030054569244384765625" lon="21.496116556227207183837890625">
        <ele>134.399993896484375</ele>
        <time>2026-09-05T09:08:47.000Z</time>
        <extensions>
          <ns3:TrackPointExtension>
            <ns3:hr>169</ns3:hr>
          </ns3:TrackPointExtension>
        </extensions>
      </trkpt>
      <trkpt lat="53.617597259581089019775390625" lon="21.496195010840892791748046875">
        <ele>134</ele>
        <time>2026-09-05T09:08:50.000Z</time>
        <extensions>
          <ns3:TrackPointExtension>
            <ns3:hr>165</ns3:hr>
          </ns3:TrackPointExtension>
        </extensions>
      </trkpt>
      <trkpt lat="53.6173863708972930908203125" lon="21.49632317014038562774658203125">
        <ele>133.1999969482421875</ele>
        <time>2026-09-05T09:08:56.000Z</time>
        <extensions>
          <ns3:TrackPointExtension>
            <ns3:hr>164</ns3:hr>
          </ns3:TrackPointExtension>
        </extensions>
      </trkpt>
      <trkpt lat="53.6172292940318584442138671875" lon="21.49640900082886219024658203125">
        <ele>133.600006103515625</ele>
        <time>2026-09-05T09:09:00.000Z</time>
        <extensions>
          <ns3:TrackPointExtension>
            <ns3:hr>168</ns3:hr>
          </ns3:TrackPointExtension>
        </extensions>
      </trkpt>
      <trkpt lat="53.6170163936913013458251953125" lon="21.496451161801815032958984375">
        <ele>133.8000030517578125</ele>
        <time>2026-09-05T09:09:05.000Z</time>
        <extensions>
          <ns3:TrackPointExtension>
            <ns3:hr>171</ns3:hr>
          </ns3:TrackPointExtension>
        </extensions>
      </trkpt>
      <trkpt lat="53.61695964820683002471923828125" lon="21.49645912460982799530029296875">
        <ele>134</ele>
        <time>2026-09-05T09:09:06.000Z</time>
        <extensions>
          <ns3:TrackPointExtension>
            <ns3:hr>171</ns3:hr>
          </ns3:TrackPointExtension>
        </extensions>
      </trkpt>
      <trkpt lat="53.6167803592979907989501953125" lon="21.49648862890899181365966796875">
        <ele>133.8000030517578125</ele>
        <time>2026-09-05T09:09:09.000Z</time>
        <extensions>
          <ns3:TrackPointExtension>
            <ns3:hr>171</ns3:hr>
          </ns3:TrackPointExtension>
        </extensions>
      </trkpt>
      <trkpt lat="53.6166610009968280792236328125" lon="21.49648644961416721343994140625">
        <ele>133</ele>
        <time>2026-09-05T09:09:12.000Z</time>
        <extensions>
          <ns3:TrackPointExtension>
            <ns3:hr>171</ns3:hr>
          </ns3:TrackPointExtension>
        </extensions>
      </trkpt>
      <trkpt lat="53.61661213450133800506591796875" lon="21.49647655896842479705810546875">
        <ele>133</ele>
        <time>2026-09-05T09:09:13.000Z</time>
        <extensions>
          <ns3:TrackPointExtension>
            <ns3:hr>171</ns3:hr>
          </ns3:TrackPointExtension>
        </extensions>
      </trkpt>
      <trkpt lat="53.61639839597046375274658203125" lon="21.49650975130498409271240234375">
        <ele>133.1999969482421875</ele>
        <time>2026-09-05T09:09:18.000Z</time>
        <extensions>
          <ns3:TrackPointExtension>
            <ns3:hr>172</ns3:hr>
          </ns3:TrackPointExtension>
        </extensions>
      </trkpt>
      <trkpt lat="53.61619706265628337860107421875" lon="21.4965118467807769775390625">
        <ele>133</ele>
        <time>2026-09-05T09:09:23.000Z</time>
        <extensions>
          <ns3:TrackPointExtension>
            <ns3:hr>172</ns3:hr>
          </ns3:TrackPointExtension>
        </extensions>
      </trkpt>
      <trkpt lat="53.616092205047607421875" lon="21.4964888803660869598388671875">
        <ele>132.8000030517578125</ele>
        <time>2026-09-05T09:09:26.000Z</time>
        <extensions>
          <ns3:TrackPointExtension>
            <ns3:hr>171</ns3:hr>
          </ns3:TrackPointExtension>
        </extensions>
      </trkpt>
      <trkpt lat="53.61603763885796070098876953125" lon="21.49652031250298023223876953125">
        <ele>132.399993896484375</ele>
        <time>2026-09-05T09:09:29.000Z</time>
        <extensions>
          <ns3:TrackPointExtension>
            <ns3:hr>167</ns3:hr>
          </ns3:TrackPointExtension>
        </extensions>
      </trkpt>
      <trkpt lat="53.61601467244327068328857421875" lon="21.4965264312922954559326171875">
        <ele>132.399993896484375</ele>
        <time>2026-09-05T09:09:30.000Z</time>
        <extensions>
          <ns3:TrackPointExtension>
            <ns3:hr>166</ns3:hr>
          </ns3:TrackPointExtension>
        </extensions>
      </trkpt>
      <trkpt lat="53.6158845014870166778564453125" lon="21.4965582825243473052978515625">
        <ele>133</ele>
        <time>2026-09-05T09:09:33.000Z</time>
        <extensions>
          <ns3:TrackPointExtension>
            <ns3:hr>164</ns3:hr>
          </ns3:TrackPointExtension>
        </extensions>
      </trkpt>
      <trkpt lat="53.615738488733768463134765625" lon="21.496544368565082550048828125">
        <ele>132.600006103515625</ele>
        <time>2026-09-05T09:09:37.000Z</time>
        <extensions>
          <ns3:TrackPointExtension>
            <ns3:hr>163</ns3:hr>
          </ns3:TrackPointExtension>
        </extensions>
      </trkpt>
      <trkpt lat="53.6155680008232593536376953125" lon="21.49651587009429931640625">
        <ele>132.1999969482421875</ele>
        <time>2026-09-05T09:09:41.000Z</time>
        <extensions>
          <ns3:TrackPointExtension>
            <ns3:hr>162</ns3:hr>
          </ns3:TrackPointExtension>
        </extensions>
      </trkpt>
      <trkpt lat="53.61536541022360324859619140625" lon="21.49655417539179325103759765625">
        <ele>132.399993896484375</ele>
        <time>2026-09-05T09:09:46.000Z</time>
        <extensions>
          <ns3:TrackPointExtension>
            <ns3:hr>165</ns3:hr>
          </ns3:TrackPointExtension>
        </extensions>
      </trkpt>
      <trkpt lat="53.61520917154848575592041015625" lon="21.49656691588461399078369140625">
        <ele>131.8000030517578125</ele>
        <time>2026-09-05T09:09:49.000Z</time>
        <extensions>
          <ns3:TrackPointExtension>
            <ns3:hr>166</ns3:hr>
          </ns3:TrackPointExtension>
        </extensions>
      </trkpt>
      <trkpt lat="53.61514999531209468841552734375" lon="21.4965789020061492919921875">
        <ele>131.8000030517578125</ele>
        <time>2026-09-05T09:09:50.000Z</time>
        <extensions>
          <ns3:TrackPointExtension>
            <ns3:hr>166</ns3:hr>
          </ns3:TrackPointExtension>
        </extensions>
      </trkpt>
      <trkpt lat="53.61511194147169589996337890625" lon="21.49658435024321079254150390625">
        <ele>132.1999969482421875</ele>
        <time>2026-09-05T09:09:51.000Z</time>
        <extensions>
          <ns3:TrackPointExtension>
            <ns3:hr>167</ns3:hr>
          </ns3:TrackPointExtension>
        </extensions>
      </trkpt>
      <trkpt lat="53.61489267088472843170166015625" lon="21.49663246236741542816162109375">
        <ele>133</ele>
        <time>2026-09-05T09:09:56.000Z</time>
        <extensions>
          <ns3:TrackPointExtension>
            <ns3:hr>169</ns3:hr>
          </ns3:TrackPointExtension>
        </extensions>
      </trkpt>
      <trkpt lat="53.61481991596519947052001953125" lon="21.49665794335305690765380859375">
        <ele>133.1999969482421875</ele>
        <time>2026-09-05T09:09:58.000Z</time>
        <extensions>
          <ns3:TrackPointExtension>
            <ns3:hr>169</ns3:hr>
          </ns3:TrackPointExtension>
        </extensions>
      </trkpt>
      <trkpt lat="53.61471463926136493682861328125" lon="21.4966846816241741180419921875">
        <ele>133.600006103515625</ele>
        <time>2026-09-05T09:10:01.000Z</time>
        <extensions>
          <ns3:TrackPointExtension>
            <ns3:hr>170</ns3:hr>
          </ns3:TrackPointExtension>
        </extensions>
      </trkpt>
      <trkpt lat="53.6144760064780712127685546875" lon="21.496733129024505615234375">
        <ele>133.8000030517578125</ele>
        <time>2026-09-05T09:10:06.000Z</time>
        <extensions>
          <ns3:TrackPointExtension>
            <ns3:hr>170</ns3:hr>
          </ns3:TrackPointExtension>
        </extensions>
      </trkpt>
      <trkpt lat="53.61438372172415256500244140625" lon="21.4968080632388591766357421875">
        <ele>133.8000030517578125</ele>
        <time>2026-09-05T09:10:09.000Z</time>
        <extensions>
          <ns3:TrackPointExtension>
            <ns3:hr>170</ns3:hr>
          </ns3:TrackPointExtension>
        </extensions>
      </trkpt>
      <trkpt lat="53.614145256578922271728515625" lon="21.496846117079257965087890625">
        <ele>133.1999969482421875</ele>
        <time>2026-09-05T09:10:14.000Z</time>
        <extensions>
          <ns3:TrackPointExtension>
            <ns3:hr>170</ns3:hr>
          </ns3:TrackPointExtension>
        </extensions>
      </trkpt>
      <trkpt lat="53.61396990716457366943359375" lon="21.49690068326890468597412109375">
        <ele>133</ele>
        <time>2026-09-05T09:10:18.000Z</time>
        <extensions>
          <ns3:TrackPointExtension>
            <ns3:hr>170</ns3:hr>
          </ns3:TrackPointExtension>
        </extensions>
      </trkpt>
      <trkpt lat="53.61380067653954029083251953125" lon="21.49691945873200893402099609375">
        <ele>131.8000030517578125</ele>
        <time>2026-09-05T09:10:21.000Z</time>
        <extensions>
          <ns3:TrackPointExtension>
            <ns3:hr>170</ns3:hr>
          </ns3:TrackPointExtension>
        </extensions>
      </trkpt>
      <trkpt lat="53.6136995069682598114013671875" lon="21.49693303741514682769775390625">
        <ele>131.8000030517578125</ele>
        <time>2026-09-05T09:10:23.000Z</time>
        <extensions>
          <ns3:TrackPointExtension>
            <ns3:hr>170</ns3:hr>
          </ns3:TrackPointExtension>
        </extensions>
      </trkpt>
      <trkpt lat="53.61347906291484832763671875" lon="21.49697880260646343231201171875">
        <ele>131.600006103515625</ele>
        <time>2026-09-05T09:10:26.000Z</time>
        <extensions>
          <ns3:TrackPointExtension>
            <ns3:hr>169</ns3:hr>
          </ns3:TrackPointExtension>
        </extensions>
      </trkpt>
      <trkpt lat="53.613441176712512969970703125" lon="21.49700813926756381988525390625">
        <ele>131.600006103515625</ele>
        <time>2026-09-05T09:10:27.000Z</time>
        <extensions>
          <ns3:TrackPointExtension>
            <ns3:hr>169</ns3:hr>
          </ns3:TrackPointExtension>
        </extensions>
      </trkpt>
      <trkpt lat="53.61336062662303447723388671875" lon="21.49703814648091793060302734375">
        <ele>131</ele>
        <time>2026-09-05T09:10:29.000Z</time>
        <extensions>
          <ns3:TrackPointExtension>
            <ns3:hr>169</ns3:hr>
          </ns3:TrackPointExtension>
        </extensions>
      </trkpt>
      <trkpt lat="53.6133094131946563720703125" lon="21.49703915230929851531982421875">
        <ele>130.600006103515625</ele>
        <time>2026-09-05T09:10:30.000Z</time>
        <extensions>
          <ns3:TrackPointExtension>
            <ns3:hr>169</ns3:hr>
          </ns3:TrackPointExtension>
        </extensions>
      </trkpt>
      <trkpt lat="53.61312308348715305328369140625" lon="21.497089862823486328125">
        <ele>130.600006103515625</ele>
        <time>2026-09-05T09:10:34.000Z</time>
        <extensions>
          <ns3:TrackPointExtension>
            <ns3:hr>169</ns3:hr>
          </ns3:TrackPointExtension>
        </extensions>
      </trkpt>
      <trkpt lat="53.6129213310778141021728515625" lon="21.49715331383049488067626953125">
        <ele>131.600006103515625</ele>
        <time>2026-09-05T09:10:38.000Z</time>
        <extensions>
          <ns3:TrackPointExtension>
            <ns3:hr>168</ns3:hr>
          </ns3:TrackPointExtension>
        </extensions>
      </trkpt>
      <trkpt lat="53.6127798445522785186767578125" lon="21.49718709290027618408203125">
        <ele>131.8000030517578125</ele>
        <time>2026-09-05T09:10:41.000Z</time>
        <extensions>
          <ns3:TrackPointExtension>
            <ns3:hr>168</ns3:hr>
          </ns3:TrackPointExtension>
        </extensions>
      </trkpt>
      <trkpt lat="53.61274070106446743011474609375" lon="21.4971812255680561065673828125">
        <ele>132.1999969482421875</ele>
        <time>2026-09-05T09:10:42.000Z</time>
        <extensions>
          <ns3:TrackPointExtension>
            <ns3:hr>168</ns3:hr>
          </ns3:TrackPointExtension>
        </extensions>
      </trkpt>
      <trkpt lat="53.61253735609352588653564453125" lon="21.49724082089960575103759765625">
        <ele>131.600006103515625</ele>
        <time>2026-09-05T09:10:47.000Z</time>
        <extensions>
          <ns3:TrackPointExtension>
            <ns3:hr>167</ns3:hr>
          </ns3:TrackPointExtension>
        </extensions>
      </trkpt>
      <trkpt lat="53.612290509045124053955078125" lon="21.4972643740475177764892578125">
        <ele>131.1999969482421875</ele>
        <time>2026-09-05T09:10:52.000Z</time>
        <extensions>
          <ns3:TrackPointExtension>
            <ns3:hr>166</ns3:hr>
          </ns3:TrackPointExtension>
        </extensions>
      </trkpt>
      <trkpt lat="53.612074591219425201416015625" lon="21.49735682643949985504150390625">
        <ele>131.600006103515625</ele>
        <time>2026-09-05T09:10:57.000Z</time>
        <extensions>
          <ns3:TrackPointExtension>
            <ns3:hr>164</ns3:hr>
          </ns3:TrackPointExtension>
        </extensions>
      </trkpt>
      <trkpt lat="53.61183729954063892364501953125" lon="21.49739152751863002777099609375">
        <ele>132.399993896484375</ele>
        <time>2026-09-05T09:11:02.000Z</time>
        <extensions>
          <ns3:TrackPointExtension>
            <ns3:hr>164</ns3:hr>
          </ns3:TrackPointExtension>
        </extensions>
      </trkpt>
      <trkpt lat="53.6116935499012470245361328125" lon="21.49746470153331756591796875">
        <ele>132.399993896484375</ele>
        <time>2026-09-05T09:11:06.000Z</time>
        <extensions>
          <ns3:TrackPointExtension>
            <ns3:hr>164</ns3:hr>
          </ns3:TrackPointExtension>
        </extensions>
      </trkpt>
      <trkpt lat="53.611566312611103057861328125" lon="21.4975444972515106201171875">
        <ele>133.1999969482421875</ele>
        <time>2026-09-05T09:11:09.000Z</time>
        <extensions>
          <ns3:TrackPointExtension>
            <ns3:hr>165</ns3:hr>
          </ns3:TrackPointExtension>
        </extensions>
      </trkpt>
      <trkpt lat="53.61151744611561298370361328125" lon="21.4976100437343120574951171875">
        <ele>133.8000030517578125</ele>
        <time>2026-09-05T09:11:11.000Z</time>
        <extensions>
          <ns3:TrackPointExtension>
            <ns3:hr>165</ns3:hr>
          </ns3:TrackPointExtension>
        </extensions>
      </trkpt>
      <trkpt lat="53.61134159378707408905029296875" lon="21.49762722663581371307373046875">
        <ele>134</ele>
        <time>2026-09-05T09:11:15.000Z</time>
        <extensions>
          <ns3:TrackPointExtension>
            <ns3:hr>165</ns3:hr>
          </ns3:TrackPointExtension>
        </extensions>
      </trkpt>
      <trkpt lat="53.6111899651587009429931640625" lon="21.497655473649501800537109375">
        <ele>134.8000030517578125</ele>
        <time>2026-09-05T09:11:19.000Z</time>
        <extensions>
          <ns3:TrackPointExtension>
            <ns3:hr>166</ns3:hr>
          </ns3:TrackPointExtension>
        </extensions>
      </trkpt>
      <trkpt lat="53.6111624725162982940673828125" lon="21.4976700581610202789306640625">
        <ele>135</ele>
        <time>2026-09-05T09:11:20.000Z</time>
        <extensions>
          <ns3:TrackPointExtension>
            <ns3:hr>167</ns3:hr>
          </ns3:TrackPointExtension>
        </extensions>
      </trkpt>
      <trkpt lat="53.61116339452564716339111328125" lon="21.49772596545517444610595703125">
        <ele>135.399993896484375</ele>
        <time>2026-09-05T09:11:22.000Z</time>
        <extensions>
          <ns3:TrackPointExtension>
            <ns3:hr>168</ns3:hr>
          </ns3:TrackPointExtension>
        </extensions>
      </trkpt>
      <trkpt lat="53.61111243255436420440673828125" lon="21.49771909229457378387451171875">
        <ele>135.399993896484375</ele>
        <time>2026-09-05T09:11:24.000Z</time>
        <extensions>
          <ns3:TrackPointExtension>
            <ns3:hr>168</ns3:hr>
          </ns3:TrackPointExtension>
        </extensions>
      </trkpt>
      <trkpt lat="53.61100615002214908599853515625" lon="21.49775312282145023345947265625">
        <ele>135.600006103515625</ele>
        <time>2026-09-05T09:11:28.000Z</time>
        <extensions>
          <ns3:TrackPointExtension>
            <ns3:hr>169</ns3:hr>
          </ns3:TrackPointExtension>
        </extensions>
      </trkpt>
      <trkpt lat="53.61080414615571498870849609375" lon="21.49772982113063335418701171875">
        <ele>135.600006103515625</ele>
        <time>2026-09-05T09:11:34.000Z</time>
        <extensions>
          <ns3:TrackPointExtension>
            <ns3:hr>171</ns3:hr>
          </ns3:TrackPointExtension>
        </extensions>
      </trkpt>
      <trkpt lat="53.61068830825388431549072265625" lon="21.4977461658418178558349609375">
        <ele>135.399993896484375</ele>
        <time>2026-09-05T09:11:39.000Z</time>
        <extensions>
          <ns3:TrackPointExtension>
            <ns3:hr>173</ns3:hr>
          </ns3:TrackPointExtension>
        </extensions>
      </trkpt>
      <trkpt lat="53.6104956082999706268310546875" lon="21.49771414697170257568359375">
        <ele>136.1999969482421875</ele>
        <time>2026-09-05T09:11:43.000Z</time>
        <extensions>
          <ns3:TrackPointExtension>
            <ns3:hr>174</ns3:hr>
          </ns3:TrackPointExtension>
        </extensions>
      </trkpt>
      <trkpt lat="53.6103215999901294708251953125" lon="21.49775572121143341064453125">
        <ele>135.8000030517578125</ele>
        <time>2026-09-05T09:11:48.000Z</time>
        <extensions>
          <ns3:TrackPointExtension>
            <ns3:hr>174</ns3:hr>
          </ns3:TrackPointExtension>
        </extensions>
      </trkpt>
      <trkpt lat="53.61014499329030513763427734375" lon="21.4977961219847202301025390625">
        <ele>135.1999969482421875</ele>
        <time>2026-09-05T09:11:52.000Z</time>
        <extensions>
          <ns3:TrackPointExtension>
            <ns3:hr>174</ns3:hr>
          </ns3:TrackPointExtension>
        </extensions>
      </trkpt>
      <trkpt lat="53.61011045984923839569091796875" lon="21.49780911393463611602783203125">
        <ele>135.1999969482421875</ele>
        <time>2026-09-05T09:11:53.000Z</time>
        <extensions>
          <ns3:TrackPointExtension>
            <ns3:hr>174</ns3:hr>
          </ns3:TrackPointExtension>
        </extensions>
      </trkpt>
      <trkpt lat="53.60988599248230457305908203125" lon="21.497874073684215545654296875">
        <ele>134.600006103515625</ele>
        <time>2026-09-05T09:11:58.000Z</time>
        <extensions>
          <ns3:TrackPointExtension>
            <ns3:hr>174</ns3:hr>
          </ns3:TrackPointExtension>
        </extensions>
      </trkpt>
      <trkpt lat="53.60971064306795597076416015625" lon="21.4979221858084201812744140625">
        <ele>134.600006103515625</ele>
        <time>2026-09-05T09:12:02.000Z</time>
        <extensions>
          <ns3:TrackPointExtension>
            <ns3:hr>172</ns3:hr>
          </ns3:TrackPointExtension>
        </extensions>
      </trkpt>
      <trkpt lat="53.60963679850101470947265625" lon="21.49790852330625057220458984375">
        <ele>134.399993896484375</ele>
        <time>2026-09-05T09:12:04.000Z</time>
        <extensions>
          <ns3:TrackPointExtension>
            <ns3:hr>172</ns3:hr>
          </ns3:TrackPointExtension>
        </extensions>
      </trkpt>
      <trkpt lat="53.60955172218382358551025390625" lon="21.497903577983379364013671875">
        <ele>133.8000030517578125</ele>
        <time>2026-09-05T09:12:06.000Z</time>
        <extensions>
          <ns3:TrackPointExtension>
            <ns3:hr>171</ns3:hr>
          </ns3:TrackPointExtension>
        </extensions>
      </trkpt>
      <trkpt lat="53.609439991414546966552734375" lon="21.497904248535633087158203125">
        <ele>133.1999969482421875</ele>
        <time>2026-09-05T09:12:08.000Z</time>
        <extensions>
          <ns3:TrackPointExtension>
            <ns3:hr>171</ns3:hr>
          </ns3:TrackPointExtension>
        </extensions>
      </trkpt>
      <trkpt lat="53.6093476228415966033935546875" lon="21.4979081042110919952392578125">
        <ele>133</ele>
        <time>2026-09-05T09:12:10.000Z</time>
        <extensions>
          <ns3:TrackPointExtension>
            <ns3:hr>171</ns3:hr>
          </ns3:TrackPointExtension>
        </extensions>
      </trkpt>
      <trkpt lat="53.60910144634544849395751953125" lon="21.49794305674731731414794921875">
        <ele>133</ele>
        <time>2026-09-05T09:12:15.000Z</time>
        <extensions>
          <ns3:TrackPointExtension>
            <ns3:hr>169</ns3:hr>
          </ns3:TrackPointExtension>
        </extensions>
      </trkpt>
      <trkpt lat="53.6088517494499683380126953125" lon="21.4979473315179347991943359375">
        <ele>133</ele>
        <time>2026-09-05T09:12:20.000Z</time>
        <extensions>
          <ns3:TrackPointExtension>
            <ns3:hr>170</ns3:hr>
          </ns3:TrackPointExtension>
        </extensions>
      </trkpt>
      <trkpt lat="53.60871001146733760833740234375" lon="21.49796786718070507049560546875">
        <ele>133</ele>
        <time>2026-09-05T09:12:22.000Z</time>
        <extensions>
          <ns3:TrackPointExtension>
            <ns3:hr>169</ns3:hr>
          </ns3:TrackPointExtension>
        </extensions>
      </trkpt>
      <trkpt lat="53.60865754075348377227783203125" lon="21.49794925935566425323486328125">
        <ele>133.1999969482421875</ele>
        <time>2026-09-05T09:12:23.000Z</time>
        <extensions>
          <ns3:TrackPointExtension>
            <ns3:hr>169</ns3:hr>
          </ns3:TrackPointExtension>
        </extensions>
      </trkpt>
      <trkpt lat="53.60832788050174713134765625" lon="21.49781246669590473175048828125">
        <ele>132.600006103515625</ele>
        <time>2026-09-05T09:12:28.000Z</time>
        <extensions>
          <ns3:TrackPointExtension>
            <ns3:hr>167</ns3:hr>
          </ns3:TrackPointExtension>
        </extensions>
      </trkpt>
      <trkpt lat="53.60809796489775180816650390625" lon="21.49771439842879772186279296875">
        <ele>132.8000030517578125</ele>
        <time>2026-09-05T09:12:32.000Z</time>
        <extensions>
          <ns3:TrackPointExtension>
            <ns3:hr>167</ns3:hr>
          </ns3:TrackPointExtension>
        </extensions>
      </trkpt>
      <trkpt lat="53.60804264433681964874267578125" lon="21.49768891744315624237060546875">
        <ele>132.8000030517578125</ele>
        <time>2026-09-05T09:12:33.000Z</time>
        <extensions>
          <ns3:TrackPointExtension>
            <ns3:hr>167</ns3:hr>
          </ns3:TrackPointExtension>
        </extensions>
      </trkpt>
      <trkpt lat="53.60784047283232212066650390625" lon="21.49762202985584735870361328125">
        <ele>132.399993896484375</ele>
        <time>2026-09-05T09:12:37.000Z</time>
        <extensions>
          <ns3:TrackPointExtension>
            <ns3:hr>167</ns3:hr>
          </ns3:TrackPointExtension>
        </extensions>
      </trkpt>
      <trkpt lat="53.6077989824116230010986328125" lon="21.49761515669524669647216796875">
        <ele>132.1999969482421875</ele>
        <time>2026-09-05T09:12:38.000Z</time>
        <extensions>
          <ns3:TrackPointExtension>
            <ns3:hr>167</ns3:hr>
          </ns3:TrackPointExtension>
        </extensions>
      </trkpt>
      <trkpt lat="53.60773645341396331787109375" lon="21.49760727770626544952392578125">
        <ele>132.1999969482421875</ele>
        <time>2026-09-05T09:12:39.000Z</time>
        <extensions>
          <ns3:TrackPointExtension>
            <ns3:hr>167</ns3:hr>
          </ns3:TrackPointExtension>
        </extensions>
      </trkpt>
      <trkpt lat="53.60753671266138553619384765625" lon="21.4975151605904102325439453125">
        <ele>132.399993896484375</ele>
        <time>2026-09-05T09:12:43.000Z</time>
        <extensions>
          <ns3:TrackPointExtension>
            <ns3:hr>166</ns3:hr>
          </ns3:TrackPointExtension>
        </extensions>
      </trkpt>
      <trkpt lat="53.60722071491181850433349609375" lon="21.49745388887822628021240234375">
        <ele>131.600006103515625</ele>
        <time>2026-09-05T09:12:49.000Z</time>
        <extensions>
          <ns3:TrackPointExtension>
            <ns3:hr>167</ns3:hr>
          </ns3:TrackPointExtension>
        </extensions>
      </trkpt>
      <trkpt lat="53.60709607601165771484375" lon="21.49744215421378612518310546875">
        <ele>132.600006103515625</ele>
        <time>2026-09-05T09:12:53.000Z</time>
        <extensions>
          <ns3:TrackPointExtension>
            <ns3:hr>167</ns3:hr>
          </ns3:TrackPointExtension>
        </extensions>
      </trkpt>
      <trkpt lat="53.60698820091784000396728515625" lon="21.49743310175836086273193359375">
        <ele>132.600006103515625</ele>
        <time>2026-09-05T09:12:56.000Z</time>
        <extensions>
          <ns3:TrackPointExtension>
            <ns3:hr>167</ns3:hr>
          </ns3:TrackPointExtension>
        </extensions>
      </trkpt>
      <trkpt lat="53.60686783678829669952392578125" lon="21.49737141095101833343505859375">
        <ele>133.1999969482421875</ele>
        <time>2026-09-05T09:12:59.000Z</time>
        <extensions>
          <ns3:TrackPointExtension>
            <ns3:hr>166</ns3:hr>
          </ns3:TrackPointExtension>
        </extensions>
      </trkpt>
      <trkpt lat="53.60681519843637943267822265625" lon="21.49736084975302219390869140625">
        <ele>133.1999969482421875</ele>
        <time>2026-09-05T09:13:00.000Z</time>
        <extensions>
          <ns3:TrackPointExtension>
            <ns3:hr>166</ns3:hr>
          </ns3:TrackPointExtension>
        </extensions>
      </trkpt>
      <trkpt lat="53.6067173816263675689697265625" lon="21.4973793737590312957763671875">
        <ele>133.1999969482421875</ele>
        <time>2026-09-05T09:13:02.000Z</time>
        <extensions>
          <ns3:TrackPointExtension>
            <ns3:hr>166</ns3:hr>
          </ns3:TrackPointExtension>
        </extensions>
      </trkpt>
      <trkpt lat="53.6066360771656036376953125" lon="21.4973730035126209259033203125">
        <ele>133.1999969482421875</ele>
        <time>2026-09-05T09:13:04.000Z</time>
        <extensions>
          <ns3:TrackPointExtension>
            <ns3:hr>167</ns3:hr>
          </ns3:TrackPointExtension>
        </extensions>
      </trkpt>
      <trkpt lat="53.6065542697906494140625" lon="21.49736923165619373321533203125">
        <ele>133.600006103515625</ele>
        <time>2026-09-05T09:13:07.000Z</time>
        <extensions>
          <ns3:TrackPointExtension>
            <ns3:hr>167</ns3:hr>
          </ns3:TrackPointExtension>
        </extensions>
      </trkpt>
      <trkpt lat="53.606414459645748138427734375" lon="21.49729144759476184844970703125">
        <ele>133.8000030517578125</ele>
        <time>2026-09-05T09:13:11.000Z</time>
        <extensions>
          <ns3:TrackPointExtension>
            <ns3:hr>166</ns3:hr>
          </ns3:TrackPointExtension>
        </extensions>
      </trkpt>
      <trkpt lat="53.60627238638699054718017578125" lon="21.49728105403482913970947265625">
        <ele>133.8000030517578125</ele>
        <time>2026-09-05T09:13:15.000Z</time>
        <extensions>
          <ns3:TrackPointExtension>
            <ns3:hr>167</ns3:hr>
          </ns3:TrackPointExtension>
        </extensions>
      </trkpt>
      <trkpt lat="53.6061812750995159149169921875" lon="21.49724031798541545867919921875">
        <ele>133.600006103515625</ele>
        <time>2026-09-05T09:13:18.000Z</time>
        <extensions>
          <ns3:TrackPointExtension>
            <ns3:hr>167</ns3:hr>
          </ns3:TrackPointExtension>
        </extensions>
      </trkpt>
      <trkpt lat="53.6060079373419284820556640625" lon="21.49715214036405086517333984375">
        <ele>133.600006103515625</ele>
        <time>2026-09-05T09:13:22.000Z</time>
        <extensions>
          <ns3:TrackPointExtension>
            <ns3:hr>167</ns3:hr>
          </ns3:TrackPointExtension>
        </extensions>
      </trkpt>
      <trkpt lat="53.60588170588016510009765625" lon="21.49700076319277286529541015625">
        <ele>132.1999969482421875</ele>
        <time>2026-09-05T09:13:26.000Z</time>
        <extensions>
          <ns3:TrackPointExtension>
            <ns3:hr>166</ns3:hr>
          </ns3:TrackPointExtension>
        </extensions>
      </trkpt>
      <trkpt lat="53.60581171698868274688720703125" lon="21.496939994394779205322265625">
        <ele>131.1999969482421875</ele>
        <time>2026-09-05T09:13:28.000Z</time>
        <extensions>
          <ns3:TrackPointExtension>
            <ns3:hr>166</ns3:hr>
          </ns3:TrackPointExtension>
        </extensions>
      </trkpt>
      <trkpt lat="53.6057544685900211334228515625" lon="21.49688911624252796173095703125">
        <ele>132.8000030517578125</ele>
        <time>2026-09-05T09:13:30.000Z</time>
        <extensions>
          <ns3:TrackPointExtension>
            <ns3:hr>166</ns3:hr>
          </ns3:TrackPointExtension>
        </extensions>
      </trkpt>
      <trkpt lat="53.6057236231863498687744140625" lon="21.4968251623213291168212890625">
        <ele>134.8000030517578125</ele>
        <time>2026-09-05T09:13:31.000Z</time>
        <extensions>
          <ns3:TrackPointExtension>
            <ns3:hr>166</ns3:hr>
          </ns3:TrackPointExtension>
        </extensions>
      </trkpt>
      <trkpt lat="53.60568397678434848785400390625" lon="21.49674545042216777801513671875">
        <ele>134</ele>
        <time>2026-09-05T09:13:33.000Z</time>
        <extensions>
          <ns3:TrackPointExtension>
            <ns3:hr>166</ns3:hr>
          </ns3:TrackPointExtension>
        </extensions>
      </trkpt>
      <trkpt lat="53.60562765039503574371337890625" lon="21.49665978737175464630126953125">
        <ele>133.8000030517578125</ele>
        <time>2026-09-05T09:13:35.000Z</time>
        <extensions>
          <ns3:TrackPointExtension>
            <ns3:hr>166</ns3:hr>
          </ns3:TrackPointExtension>
        </extensions>
      </trkpt>
      <trkpt lat="53.6055878363549709320068359375" lon="21.49661066941916942596435546875">
        <ele>133.8000030517578125</ele>
        <time>2026-09-05T09:13:36.000Z</time>
        <extensions>
          <ns3:TrackPointExtension>
            <ns3:hr>167</ns3:hr>
          </ns3:TrackPointExtension>
        </extensions>
      </trkpt>
      <trkpt lat="53.60549840144813060760498046875" lon="21.4964184723794460296630859375">
        <ele>132.1999969482421875</ele>
        <time>2026-09-05T09:13:40.000Z</time>
        <extensions>
          <ns3:TrackPointExtension>
            <ns3:hr>165</ns3:hr>
          </ns3:TrackPointExtension>
        </extensions>
      </trkpt>
      <trkpt lat="53.6054252274334430694580078125" lon="21.4962518401443958282470703125">
        <ele>133.600006103515625</ele>
        <time>2026-09-05T09:13:43.000Z</time>
        <extensions>
          <ns3:TrackPointExtension>
            <ns3:hr>166</ns3:hr>
          </ns3:TrackPointExtension>
        </extensions>
      </trkpt>
      <trkpt lat="53.60537954606115818023681640625" lon="21.49612720124423503875732421875">
        <ele>133.8000030517578125</ele>
        <time>2026-09-05T09:13:45.000Z</time>
        <extensions>
          <ns3:TrackPointExtension>
            <ns3:hr>165</ns3:hr>
          </ns3:TrackPointExtension>
        </extensions>
      </trkpt>
      <trkpt lat="53.6053518019616603851318359375" lon="21.4960013888776302337646484375">
        <ele>133.8000030517578125</ele>
        <time>2026-09-05T09:13:47.000Z</time>
        <extensions>
          <ns3:TrackPointExtension>
            <ns3:hr>165</ns3:hr>
          </ns3:TrackPointExtension>
        </extensions>
      </trkpt>
      <trkpt lat="53.6052813939750194549560546875" lon="21.49580785073339939117431640625">
        <ele>133.1999969482421875</ele>
        <time>2026-09-05T09:13:51.000Z</time>
        <extensions>
          <ns3:TrackPointExtension>
            <ns3:hr>165</ns3:hr>
          </ns3:TrackPointExtension>
        </extensions>
      </trkpt>
      <trkpt lat="53.60510964877903461456298828125" lon="21.49560551159083843231201171875">
        <ele>132.8000030517578125</ele>
        <time>2026-09-05T09:13:56.000Z</time>
        <extensions>
          <ns3:TrackPointExtension>
            <ns3:hr>165</ns3:hr>
          </ns3:TrackPointExtension>
        </extensions>
      </trkpt>
      <trkpt lat="53.60498224385082721710205078125" lon="21.49551783688366413116455078125">
        <ele>132.1999969482421875</ele>
        <time>2026-09-05T09:13:59.000Z</time>
        <extensions>
          <ns3:TrackPointExtension>
            <ns3:hr>165</ns3:hr>
          </ns3:TrackPointExtension>
        </extensions>
      </trkpt>
      <trkpt lat="53.604936562478542327880859375" lon="21.49549235589802265167236328125">
        <ele>132.1999969482421875</ele>
        <time>2026-09-05T09:14:00.000Z</time>
        <extensions>
          <ns3:TrackPointExtension>
            <ns3:hr>165</ns3:hr>
          </ns3:TrackPointExtension>
        </extensions>
      </trkpt>
      <trkpt lat="53.60483757220208644866943359375" lon="21.4954894222319126129150390625">
        <ele>132.399993896484375</ele>
        <time>2026-09-05T09:14:02.000Z</time>
        <extensions>
          <ns3:TrackPointExtension>
            <ns3:hr>165</ns3:hr>
          </ns3:TrackPointExtension>
        </extensions>
      </trkpt>
      <trkpt lat="53.60479499213397502899169921875" lon="21.49549554102122783660888671875">
        <ele>132.399993896484375</ele>
        <time>2026-09-05T09:14:03.000Z</time>
        <extensions>
          <ns3:TrackPointExtension>
            <ns3:hr>165</ns3:hr>
          </ns3:TrackPointExtension>
        </extensions>
      </trkpt>
      <trkpt lat="53.60464914701879024505615234375" lon="21.49553275667130947113037109375">
        <ele>131.1999969482421875</ele>
        <time>2026-09-05T09:14:07.000Z</time>
        <extensions>
          <ns3:TrackPointExtension>
            <ns3:hr>165</ns3:hr>
          </ns3:TrackPointExtension>
        </extensions>
      </trkpt>
      <trkpt lat="53.60441495664417743682861328125" lon="21.4955739118158817291259765625">
        <ele>131.8000030517578125</ele>
        <time>2026-09-05T09:14:12.000Z</time>
        <extensions>
          <ns3:TrackPointExtension>
            <ns3:hr>165</ns3:hr>
          </ns3:TrackPointExtension>
        </extensions>
      </trkpt>
      <trkpt lat="53.6042621545493602752685546875" lon="21.49560115300118923187255859375">
        <ele>132.399993896484375</ele>
        <time>2026-09-05T09:14:16.000Z</time>
        <extensions>
          <ns3:TrackPointExtension>
            <ns3:hr>166</ns3:hr>
          </ns3:TrackPointExtension>
        </extensions>
      </trkpt>
      <trkpt lat="53.6041042394936084747314453125" lon="21.49562579579651355743408203125">
        <ele>132.8000030517578125</ele>
        <time>2026-09-05T09:14:20.000Z</time>
        <extensions>
          <ns3:TrackPointExtension>
            <ns3:hr>167</ns3:hr>
          </ns3:TrackPointExtension>
        </extensions>
      </trkpt>
      <trkpt lat="53.60401933081448078155517578125" lon="21.49566737003624439239501953125">
        <ele>132.8000030517578125</ele>
        <time>2026-09-05T09:14:22.000Z</time>
        <extensions>
          <ns3:TrackPointExtension>
            <ns3:hr>167</ns3:hr>
          </ns3:TrackPointExtension>
        </extensions>
      </trkpt>
      <trkpt lat="53.60393442213535308837890625" lon="21.4956902526319026947021484375">
        <ele>132.8000030517578125</ele>
        <time>2026-09-05T09:14:24.000Z</time>
        <extensions>
          <ns3:TrackPointExtension>
            <ns3:hr>167</ns3:hr>
          </ns3:TrackPointExtension>
        </extensions>
      </trkpt>
      <trkpt lat="53.603816740214824676513671875" lon="21.4957415498793125152587890625">
        <ele>132.8000030517578125</ele>
        <time>2026-09-05T09:14:27.000Z</time>
        <extensions>
          <ns3:TrackPointExtension>
            <ns3:hr>167</ns3:hr>
          </ns3:TrackPointExtension>
        </extensions>
      </trkpt>
      <trkpt lat="53.603595457971096038818359375" lon="21.4958079345524311065673828125">
        <ele>132.600006103515625</ele>
        <time>2026-09-05T09:14:32.000Z</time>
        <extensions>
          <ns3:TrackPointExtension>
            <ns3:hr>166</ns3:hr>
          </ns3:TrackPointExtension>
        </extensions>
      </trkpt>
      <trkpt lat="53.603461347520351409912109375" lon="21.49589133448898792266845703125">
        <ele>133.1999969482421875</ele>
        <time>2026-09-05T09:14:35.000Z</time>
        <extensions>
          <ns3:TrackPointExtension>
            <ns3:hr>167</ns3:hr>
          </ns3:TrackPointExtension>
        </extensions>
      </trkpt>
      <trkpt lat="53.60340544022619724273681640625" lon="21.49592285044491291046142578125">
        <ele>133.600006103515625</ele>
        <time>2026-09-05T09:14:36.000Z</time>
        <extensions>
          <ns3:TrackPointExtension>
            <ns3:hr>166</ns3:hr>
          </ns3:TrackPointExtension>
        </extensions>
      </trkpt>
      <trkpt lat="53.6033545620739459991455078125" lon="21.495935507118701934814453125">
        <ele>133.1999969482421875</ele>
        <time>2026-09-05T09:14:37.000Z</time>
        <extensions>
          <ns3:TrackPointExtension>
            <ns3:hr>167</ns3:hr>
          </ns3:TrackPointExtension>
        </extensions>
      </trkpt>
      <trkpt lat="53.6032564938068389892578125" lon="21.49597951211035251617431640625">
        <ele>133</ele>
        <time>2026-09-05T09:14:39.000Z</time>
        <extensions>
          <ns3:TrackPointExtension>
            <ns3:hr>167</ns3:hr>
          </ns3:TrackPointExtension>
        </extensions>
      </trkpt>
      <trkpt lat="53.60316471196711063385009765625" lon="21.49603483267128467559814453125">
        <ele>132.399993896484375</ele>
        <time>2026-09-05T09:14:41.000Z</time>
        <extensions>
          <ns3:TrackPointExtension>
            <ns3:hr>169</ns3:hr>
          </ns3:TrackPointExtension>
        </extensions>
      </trkpt>
      <trkpt lat="53.6030987463891506195068359375" lon="21.49603374302387237548828125">
        <ele>132.399993896484375</ele>
        <time>2026-09-05T09:14:42.000Z</time>
        <extensions>
          <ns3:TrackPointExtension>
            <ns3:hr>169</ns3:hr>
          </ns3:TrackPointExtension>
        </extensions>
      </trkpt>
      <trkpt lat="53.60296019352972507476806640625" lon="21.49609451182186603546142578125">
        <ele>132.8000030517578125</ele>
        <time>2026-09-05T09:14:44.000Z</time>
        <extensions>
          <ns3:TrackPointExtension>
            <ns3:hr>170</ns3:hr>
          </ns3:TrackPointExtension>
        </extensions>
      </trkpt>
      <trkpt lat="53.60276355408132076263427734375" lon="21.496211104094982147216796875">
        <ele>132.8000030517578125</ele>
        <time>2026-09-05T09:14:48.000Z</time>
        <extensions>
          <ns3:TrackPointExtension>
            <ns3:hr>171</ns3:hr>
          </ns3:TrackPointExtension>
        </extensions>
      </trkpt>
      <trkpt lat="53.60267370007932186126708984375" lon="21.4962558634579181671142578125">
        <ele>133</ele>
        <time>2026-09-05T09:14:50.000Z</time>
        <extensions>
          <ns3:TrackPointExtension>
            <ns3:hr>171</ns3:hr>
          </ns3:TrackPointExtension>
        </extensions>
      </trkpt>
      <trkpt lat="53.60258803702890872955322265625" lon="21.49629735387861728668212890625">
        <ele>133.600006103515625</ele>
        <time>2026-09-05T09:14:52.000Z</time>
        <extensions>
          <ns3:TrackPointExtension>
            <ns3:hr>171</ns3:hr>
          </ns3:TrackPointExtension>
        </extensions>
      </trkpt>
      <trkpt lat="53.60242970287799835205078125" lon="21.4964154548943042755126953125">
        <ele>133.1999969482421875</ele>
        <time>2026-09-05T09:14:56.000Z</time>
        <extensions>
          <ns3:TrackPointExtension>
            <ns3:hr>172</ns3:hr>
          </ns3:TrackPointExtension>
        </extensions>
      </trkpt>
      <trkpt lat="53.60237337648868560791015625" lon="21.49642207659780979156494140625">
        <ele>133.1999969482421875</ele>
        <time>2026-09-05T09:14:57.000Z</time>
        <extensions>
          <ns3:TrackPointExtension>
            <ns3:hr>172</ns3:hr>
          </ns3:TrackPointExtension>
        </extensions>
      </trkpt>
      <trkpt lat="53.6023004539310932159423828125" lon="21.4964426122605800628662109375">
        <ele>133.1999969482421875</ele>
        <time>2026-09-05T09:14:59.000Z</time>
        <extensions>
          <ns3:TrackPointExtension>
            <ns3:hr>172</ns3:hr>
          </ns3:TrackPointExtension>
        </extensions>
      </trkpt>
      <trkpt lat="53.60224538482725620269775390625" lon="21.4964684285223484039306640625">
        <ele>133.1999969482421875</ele>
        <time>2026-09-05T09:15:00.000Z</time>
        <extensions>
          <ns3:TrackPointExtension>
            <ns3:hr>172</ns3:hr>
          </ns3:TrackPointExtension>
        </extensions>
      </trkpt>
      <trkpt lat="53.6021757312119007110595703125" lon="21.49651863612234592437744140625">
        <ele>133.600006103515625</ele>
        <time>2026-09-05T09:15:02.000Z</time>
        <extensions>
          <ns3:TrackPointExtension>
            <ns3:hr>172</ns3:hr>
          </ns3:TrackPointExtension>
        </extensions>
      </trkpt>
      <trkpt lat="53.60195419751107692718505859375" lon="21.4965951628983020782470703125">
        <ele>133.8000030517578125</ele>
        <time>2026-09-05T09:15:07.000Z</time>
        <extensions>
          <ns3:TrackPointExtension>
            <ns3:hr>172</ns3:hr>
          </ns3:TrackPointExtension>
        </extensions>
      </trkpt>
      <trkpt lat="53.60172562301158905029296875" lon="21.49666632525622844696044921875">
        <ele>133.8000030517578125</ele>
        <time>2026-09-05T09:15:12.000Z</time>
        <extensions>
          <ns3:TrackPointExtension>
            <ns3:hr>172</ns3:hr>
          </ns3:TrackPointExtension>
        </extensions>
      </trkpt>
      <trkpt lat="53.6016718111932277679443359375" lon="21.49666984565556049346923828125">
        <ele>133.600006103515625</ele>
        <time>2026-09-05T09:15:13.000Z</time>
        <extensions>
          <ns3:TrackPointExtension>
            <ns3:hr>172</ns3:hr>
          </ns3:TrackPointExtension>
        </extensions>
      </trkpt>
      <trkpt lat="53.60155421309173107147216796875" lon="21.4967022836208343505859375">
        <ele>133.600006103515625</ele>
        <time>2026-09-05T09:15:16.000Z</time>
        <extensions>
          <ns3:TrackPointExtension>
            <ns3:hr>172</ns3:hr>
          </ns3:TrackPointExtension>
        </extensions>
      </trkpt>
      <trkpt lat="53.60149285756051540374755859375" lon="21.4967172034084796905517578125">
        <ele>133.600006103515625</ele>
        <time>2026-09-05T09:15:17.000Z</time>
        <extensions>
          <ns3:TrackPointExtension>
            <ns3:hr>172</ns3:hr>
          </ns3:TrackPointExtension>
        </extensions>
      </trkpt>
      <trkpt lat="53.60136427916586399078369140625" lon="21.496736817061901092529296875">
        <ele>133.1999969482421875</ele>
        <time>2026-09-05T09:15:20.000Z</time>
        <extensions>
          <ns3:TrackPointExtension>
            <ns3:hr>172</ns3:hr>
          </ns3:TrackPointExtension>
        </extensions>
      </trkpt>
      <trkpt lat="53.60113293863832950592041015625" lon="21.496810577809810638427734375">
        <ele>133.600006103515625</ele>
        <time>2026-09-05T09:15:25.000Z</time>
        <extensions>
          <ns3:TrackPointExtension>
            <ns3:hr>173</ns3:hr>
          </ns3:TrackPointExtension>
        </extensions>
      </trkpt>
      <trkpt lat="53.6010870896279811859130859375" lon="21.49683295749127864837646484375">
        <ele>133</ele>
        <time>2026-09-05T09:15:26.000Z</time>
        <extensions>
          <ns3:TrackPointExtension>
            <ns3:hr>172</ns3:hr>
          </ns3:TrackPointExtension>
        </extensions>
      </trkpt>
      <trkpt lat="53.60104425810277462005615234375" lon="21.4968617074191570281982421875">
        <ele>132.399993896484375</ele>
        <time>2026-09-05T09:15:27.000Z</time>
        <extensions>
          <ns3:TrackPointExtension>
            <ns3:hr>173</ns3:hr>
          </ns3:TrackPointExtension>
        </extensions>
      </trkpt>
      <trkpt lat="53.600937388837337493896484375" lon="21.496910490095615386962890625">
        <ele>131.8000030517578125</ele>
        <time>2026-09-05T09:15:29.000Z</time>
        <extensions>
          <ns3:TrackPointExtension>
            <ns3:hr>172</ns3:hr>
          </ns3:TrackPointExtension>
        </extensions>
      </trkpt>
      <trkpt lat="53.60084946267306804656982421875" lon="21.4969579316675662994384765625">
        <ele>131.8000030517578125</ele>
        <time>2026-09-05T09:15:31.000Z</time>
        <extensions>
          <ns3:TrackPointExtension>
            <ns3:hr>173</ns3:hr>
          </ns3:TrackPointExtension>
        </extensions>
      </trkpt>
      <trkpt lat="53.60080637969076633453369140625" lon="21.49698466993868350982666015625">
        <ele>131.8000030517578125</ele>
        <time>2026-09-05T09:15:32.000Z</time>
        <extensions>
          <ns3:TrackPointExtension>
            <ns3:hr>172</ns3:hr>
          </ns3:TrackPointExtension>
        </extensions>
      </trkpt>
      <trkpt lat="53.60076673328876495361328125" lon="21.4969944767653942108154296875">
        <ele>131.8000030517578125</ele>
        <time>2026-09-05T09:15:33.000Z</time>
        <extensions>
          <ns3:TrackPointExtension>
            <ns3:hr>172</ns3:hr>
          </ns3:TrackPointExtension>
        </extensions>
      </trkpt>
      <trkpt lat="53.6006710119545459747314453125" lon="21.4970125816762447357177734375">
        <ele>131.600006103515625</ele>
        <time>2026-09-05T09:15:36.000Z</time>
        <extensions>
          <ns3:TrackPointExtension>
            <ns3:hr>172</ns3:hr>
          </ns3:TrackPointExtension>
        </extensions>
      </trkpt>
      <trkpt lat="53.6005516536533832550048828125" lon="21.4971034415066242218017578125">
        <ele>132.1999969482421875</ele>
        <time>2026-09-05T09:15:40.000Z</time>
        <extensions>
          <ns3:TrackPointExtension>
            <ns3:hr>171</ns3:hr>
          </ns3:TrackPointExtension>
        </extensions>
      </trkpt>
      <trkpt lat="53.60037303529679775238037109375" lon="21.4971818961203098297119140625">
        <ele>131.1999969482421875</ele>
        <time>2026-09-05T09:15:44.000Z</time>
        <extensions>
          <ns3:TrackPointExtension>
            <ns3:hr>171</ns3:hr>
          </ns3:TrackPointExtension>
        </extensions>
      </trkpt>
      <trkpt lat="53.60017438419163227081298828125" lon="21.49725406430661678314208984375">
        <ele>131.8000030517578125</ele>
        <time>2026-09-05T09:15:48.000Z</time>
        <extensions>
          <ns3:TrackPointExtension>
            <ns3:hr>170</ns3:hr>
          </ns3:TrackPointExtension>
        </extensions>
      </trkpt>
      <trkpt lat="53.60009173862636089324951171875" lon="21.49728910066187381744384765625">
        <ele>132.8000030517578125</ele>
        <time>2026-09-05T09:15:50.000Z</time>
        <extensions>
          <ns3:TrackPointExtension>
            <ns3:hr>170</ns3:hr>
          </ns3:TrackPointExtension>
        </extensions>
      </trkpt>
      <trkpt lat="53.59997690655291080474853515625" lon="21.497312821447849273681640625">
        <ele>132.600006103515625</ele>
        <time>2026-09-05T09:15:52.000Z</time>
        <extensions>
          <ns3:TrackPointExtension>
            <ns3:hr>170</ns3:hr>
          </ns3:TrackPointExtension>
        </extensions>
      </trkpt>
      <trkpt lat="53.59986609779298305511474609375" lon="21.49733771570026874542236328125">
        <ele>132.399993896484375</ele>
        <time>2026-09-05T09:15:54.000Z</time>
        <extensions>
          <ns3:TrackPointExtension>
            <ns3:hr>170</ns3:hr>
          </ns3:TrackPointExtension>
        </extensions>
      </trkpt>
      <trkpt lat="53.599775992333889007568359375" lon="21.49737962521612644195556640625">
        <ele>131.8000030517578125</ele>
        <time>2026-09-05T09:15:56.000Z</time>
        <extensions>
          <ns3:TrackPointExtension>
            <ns3:hr>170</ns3:hr>
          </ns3:TrackPointExtension>
        </extensions>
      </trkpt>
      <trkpt lat="53.59965520910918712615966796875" lon="21.497439555823802947998046875">
        <ele>132.8000030517578125</ele>
        <time>2026-09-05T09:15:59.000Z</time>
        <extensions>
          <ns3:TrackPointExtension>
            <ns3:hr>170</ns3:hr>
          </ns3:TrackPointExtension>
        </extensions>
      </trkpt>
      <trkpt lat="53.5996169038116931915283203125" lon="21.4974598400294780731201171875">
        <ele>132.600006103515625</ele>
        <time>2026-09-05T09:16:00.000Z</time>
        <extensions>
          <ns3:TrackPointExtension>
            <ns3:hr>171</ns3:hr>
          </ns3:TrackPointExtension>
        </extensions>
      </trkpt>
      <trkpt lat="53.599487654864788055419921875" lon="21.4975081197917461395263671875">
        <ele>132.399993896484375</ele>
        <time>2026-09-05T09:16:03.000Z</time>
        <extensions>
          <ns3:TrackPointExtension>
            <ns3:hr>171</ns3:hr>
          </ns3:TrackPointExtension>
        </extensions>
      </trkpt>
      <trkpt lat="53.5994405485689640045166015625" lon="21.4975178427994251251220703125">
        <ele>131.8000030517578125</ele>
        <time>2026-09-05T09:16:04.000Z</time>
        <extensions>
          <ns3:TrackPointExtension>
            <ns3:hr>171</ns3:hr>
          </ns3:TrackPointExtension>
        </extensions>
      </trkpt>
      <trkpt lat="53.59934893436729907989501953125" lon="21.49755715392529964447021484375">
        <ele>131.8000030517578125</ele>
        <time>2026-09-05T09:16:06.000Z</time>
        <extensions>
          <ns3:TrackPointExtension>
            <ns3:hr>170</ns3:hr>
          </ns3:TrackPointExtension>
        </extensions>
      </trkpt>
      <trkpt lat="53.59930836595594882965087890625" lon="21.4975641109049320220947265625">
        <ele>131.8000030517578125</ele>
        <time>2026-09-05T09:16:07.000Z</time>
        <extensions>
          <ns3:TrackPointExtension>
            <ns3:hr>171</ns3:hr>
          </ns3:TrackPointExtension>
        </extensions>
      </trkpt>
      <trkpt lat="53.5992621816694736480712890625" lon="21.49758112616837024688720703125">
        <ele>131.8000030517578125</ele>
        <time>2026-09-05T09:16:08.000Z</time>
        <extensions>
          <ns3:TrackPointExtension>
            <ns3:hr>171</ns3:hr>
          </ns3:TrackPointExtension>
        </extensions>
      </trkpt>
      <trkpt lat="53.59917006455361843109130859375" lon="21.4976140670478343963623046875">
        <ele>131.8000030517578125</ele>
        <time>2026-09-05T09:16:10.000Z</time>
        <extensions>
          <ns3:TrackPointExtension>
            <ns3:hr>171</ns3:hr>
          </ns3:TrackPointExtension>
        </extensions>
      </trkpt>
      <trkpt lat="53.59913117252290248870849609375" lon="21.4976425655186176300048828125">
        <ele>132.1999969482421875</ele>
        <time>2026-09-05T09:16:11.000Z</time>
        <extensions>
          <ns3:TrackPointExtension>
            <ns3:hr>171</ns3:hr>
          </ns3:TrackPointExtension>
        </extensions>
      </trkpt>
      <trkpt lat="53.5990670509636402130126953125" lon="21.4976651966571807861328125">
        <ele>132.399993896484375</ele>
        <time>2026-09-05T09:16:12.000Z</time>
        <extensions>
          <ns3:TrackPointExtension>
            <ns3:hr>170</ns3:hr>
          </ns3:TrackPointExtension>
        </extensions>
      </trkpt>
      <trkpt lat="53.59892145730555057525634765625" lon="21.49772579781711101531982421875">
        <ele>132.8000030517578125</ele>
        <time>2026-09-05T09:16:15.000Z</time>
        <extensions>
          <ns3:TrackPointExtension>
            <ns3:hr>171</ns3:hr>
          </ns3:TrackPointExtension>
        </extensions>
      </trkpt>
      <trkpt lat="53.5986898653209209442138671875" lon="21.4977966248989105224609375">
        <ele>132.8000030517578125</ele>
        <time>2026-09-05T09:16:20.000Z</time>
        <extensions>
          <ns3:TrackPointExtension>
            <ns3:hr>171</ns3:hr>
          </ns3:TrackPointExtension>
        </extensions>
      </trkpt>
      <trkpt lat="53.59848040156066417694091796875" lon="21.49784968234598636627197265625">
        <ele>132.1999969482421875</ele>
        <time>2026-09-05T09:16:24.000Z</time>
        <extensions>
          <ns3:TrackPointExtension>
            <ns3:hr>171</ns3:hr>
          </ns3:TrackPointExtension>
        </extensions>
      </trkpt>
      <trkpt lat="53.59829365275800228118896484375" lon="21.49793869815766811370849609375">
        <ele>131.8000030517578125</ele>
        <time>2026-09-05T09:16:28.000Z</time>
        <extensions>
          <ns3:TrackPointExtension>
            <ns3:hr>171</ns3:hr>
          </ns3:TrackPointExtension>
        </extensions>
      </trkpt>
      <trkpt lat="53.59813724644482135772705078125" lon="21.497992761433124542236328125">
        <ele>131.600006103515625</ele>
        <time>2026-09-05T09:16:32.000Z</time>
        <extensions>
          <ns3:TrackPointExtension>
            <ns3:hr>171</ns3:hr>
          </ns3:TrackPointExtension>
        </extensions>
      </trkpt>
      <trkpt lat="53.59807739965617656707763671875" lon="21.49800290353596210479736328125">
        <ele>131.600006103515625</ele>
        <time>2026-09-05T09:16:33.000Z</time>
        <extensions>
          <ns3:TrackPointExtension>
            <ns3:hr>171</ns3:hr>
          </ns3:TrackPointExtension>
        </extensions>
      </trkpt>
      <trkpt lat="53.59793054871261119842529296875" lon="21.498042047023773193359375">
        <ele>131.600006103515625</ele>
        <time>2026-09-05T09:16:36.000Z</time>
        <extensions>
          <ns3:TrackPointExtension>
            <ns3:hr>170</ns3:hr>
          </ns3:TrackPointExtension>
        </extensions>
      </trkpt>
      <trkpt lat="53.59788461588323116302490234375" lon="21.49805638007819652557373046875">
        <ele>131.1999969482421875</ele>
        <time>2026-09-05T09:16:37.000Z</time>
        <extensions>
          <ns3:TrackPointExtension>
            <ns3:hr>170</ns3:hr>
          </ns3:TrackPointExtension>
        </extensions>
      </trkpt>
      <trkpt lat="53.597777746617794036865234375" lon="21.49809326045215129852294921875">
        <ele>131.8000030517578125</ele>
        <time>2026-09-05T09:16:39.000Z</time>
        <extensions>
          <ns3:TrackPointExtension>
            <ns3:hr>170</ns3:hr>
          </ns3:TrackPointExtension>
        </extensions>
      </trkpt>
      <trkpt lat="53.5976347513496875762939453125" lon="21.49812544696033000946044921875">
        <ele>131.8000030517578125</ele>
        <time>2026-09-05T09:16:42.000Z</time>
        <extensions>
          <ns3:TrackPointExtension>
            <ns3:hr>169</ns3:hr>
          </ns3:TrackPointExtension>
        </extensions>
      </trkpt>
      <trkpt lat="53.59747859649360179901123046875" lon="21.49817288853228092193603515625">
        <ele>132.1999969482421875</ele>
        <time>2026-09-05T09:16:46.000Z</time>
        <extensions>
          <ns3:TrackPointExtension>
            <ns3:hr>171</ns3:hr>
          </ns3:TrackPointExtension>
        </extensions>
      </trkpt>
      <trkpt lat="53.59743182547390460968017578125" lon="21.4981949329376220703125">
        <ele>132.600006103515625</ele>
        <time>2026-09-05T09:16:47.000Z</time>
        <extensions>
          <ns3:TrackPointExtension>
            <ns3:hr>171</ns3:hr>
          </ns3:TrackPointExtension>
        </extensions>
      </trkpt>
      <trkpt lat="53.59739142470061779022216796875" lon="21.49822234176099300384521484375">
        <ele>132.8000030517578125</ele>
        <time>2026-09-05T09:16:48.000Z</time>
        <extensions>
          <ns3:TrackPointExtension>
            <ns3:hr>171</ns3:hr>
          </ns3:TrackPointExtension>
        </extensions>
      </trkpt>
      <trkpt lat="53.59735672362148761749267578125" lon="21.498234160244464874267578125">
        <ele>132.8000030517578125</ele>
        <time>2026-09-05T09:16:49.000Z</time>
        <extensions>
          <ns3:TrackPointExtension>
            <ns3:hr>171</ns3:hr>
          </ns3:TrackPointExtension>
        </extensions>
      </trkpt>
      <trkpt lat="53.5972250439226627349853515625" lon="21.49827866815030574798583984375">
        <ele>132.399993896484375</ele>
        <time>2026-09-05T09:16:53.000Z</time>
        <extensions>
          <ns3:TrackPointExtension>
            <ns3:hr>171</ns3:hr>
          </ns3:TrackPointExtension>
        </extensions>
      </trkpt>
      <trkpt lat="53.59705933369696140289306640625" lon="21.49830766953527927398681640625">
        <ele>132.600006103515625</ele>
        <time>2026-09-05T09:16:57.000Z</time>
        <extensions>
          <ns3:TrackPointExtension>
            <ns3:hr>171</ns3:hr>
          </ns3:TrackPointExtension>
        </extensions>
      </trkpt>
      <trkpt lat="53.596993200480937957763671875" lon="21.4983062446117401123046875">
        <ele>132.600006103515625</ele>
        <time>2026-09-05T09:16:58.000Z</time>
        <extensions>
          <ns3:TrackPointExtension>
            <ns3:hr>171</ns3:hr>
          </ns3:TrackPointExtension>
        </extensions>
      </trkpt>
      <trkpt lat="53.59683486633002758026123046875" lon="21.49835519492626190185546875">
        <ele>132.399993896484375</ele>
        <time>2026-09-05T09:17:01.000Z</time>
        <extensions>
          <ns3:TrackPointExtension>
            <ns3:hr>171</ns3:hr>
          </ns3:TrackPointExtension>
        </extensions>
      </trkpt>
      <trkpt lat="53.59670813195407390594482421875" lon="21.49841965176165103912353515625">
        <ele>132.8000030517578125</ele>
        <time>2026-09-05T09:17:04.000Z</time>
        <extensions>
          <ns3:TrackPointExtension>
            <ns3:hr>171</ns3:hr>
          </ns3:TrackPointExtension>
        </extensions>
      </trkpt>
      <trkpt lat="53.5965363867580890655517578125" lon="21.49849156849086284637451171875">
        <ele>133</ele>
        <time>2026-09-05T09:17:08.000Z</time>
        <extensions>
          <ns3:TrackPointExtension>
            <ns3:hr>171</ns3:hr>
          </ns3:TrackPointExtension>
        </extensions>
      </trkpt>
      <trkpt lat="53.59638425521552562713623046875" lon="21.4985739625990390777587890625">
        <ele>133</ele>
        <time>2026-09-05T09:17:12.000Z</time>
        <extensions>
          <ns3:TrackPointExtension>
            <ns3:hr>172</ns3:hr>
          </ns3:TrackPointExtension>
        </extensions>
      </trkpt>
      <trkpt lat="53.59623841010034084320068359375" lon="21.49863305501639842987060546875">
        <ele>132.600006103515625</ele>
        <time>2026-09-05T09:17:15.000Z</time>
        <extensions>
          <ns3:TrackPointExtension>
            <ns3:hr>172</ns3:hr>
          </ns3:TrackPointExtension>
        </extensions>
      </trkpt>
      <trkpt lat="53.596031963825225830078125" lon="21.498721651732921600341796875">
        <ele>132.600006103515625</ele>
        <time>2026-09-05T09:17:20.000Z</time>
        <extensions>
          <ns3:TrackPointExtension>
            <ns3:hr>172</ns3:hr>
          </ns3:TrackPointExtension>
        </extensions>
      </trkpt>
      <trkpt lat="53.595812357962131500244140625" lon="21.49884679354727268218994140625">
        <ele>132.399993896484375</ele>
        <time>2026-09-05T09:17:25.000Z</time>
        <extensions>
          <ns3:TrackPointExtension>
            <ns3:hr>172</ns3:hr>
          </ns3:TrackPointExtension>
        </extensions>
      </trkpt>
      <trkpt lat="53.595682270824909210205078125" lon="21.4989030361175537109375">
        <ele>132.399993896484375</ele>
        <time>2026-09-05T09:17:28.000Z</time>
        <extensions>
          <ns3:TrackPointExtension>
            <ns3:hr>172</ns3:hr>
          </ns3:TrackPointExtension>
        </extensions>
      </trkpt>
      <trkpt lat="53.5954923368990421295166015625" lon="21.4989162795245647430419921875">
        <ele>132.399993896484375</ele>
        <time>2026-09-05T09:17:31.000Z</time>
        <extensions>
          <ns3:TrackPointExtension>
            <ns3:hr>171</ns3:hr>
          </ns3:TrackPointExtension>
        </extensions>
      </trkpt>
      <trkpt lat="53.59532696194946765899658203125" lon="21.49899959564208984375">
        <ele>132.1999969482421875</ele>
        <time>2026-09-05T09:17:34.000Z</time>
        <extensions>
          <ns3:TrackPointExtension>
            <ns3:hr>171</ns3:hr>
          </ns3:TrackPointExtension>
        </extensions>
      </trkpt>
      <trkpt lat="53.5952398739755153656005859375" lon="21.4990205504000186920166015625">
        <ele>132.1999969482421875</ele>
        <time>2026-09-05T09:17:36.000Z</time>
        <extensions>
          <ns3:TrackPointExtension>
            <ns3:hr>171</ns3:hr>
          </ns3:TrackPointExtension>
        </extensions>
      </trkpt>
      <trkpt lat="53.59513920731842517852783203125" lon="21.49904862977564334869384765625">
        <ele>132.399993896484375</ele>
        <time>2026-09-05T09:17:38.000Z</time>
        <extensions>
          <ns3:TrackPointExtension>
            <ns3:hr>171</ns3:hr>
          </ns3:TrackPointExtension>
        </extensions>
      </trkpt>
      <trkpt lat="53.595032505691051483154296875" lon="21.499079056084156036376953125">
        <ele>132.600006103515625</ele>
        <time>2026-09-05T09:17:40.000Z</time>
        <extensions>
          <ns3:TrackPointExtension>
            <ns3:hr>172</ns3:hr>
          </ns3:TrackPointExtension>
        </extensions>
      </trkpt>
      <trkpt lat="53.594927899539470672607421875" lon="21.49911216460168361663818359375">
        <ele>132.600006103515625</ele>
        <time>2026-09-05T09:17:42.000Z</time>
        <extensions>
          <ns3:TrackPointExtension>
            <ns3:hr>172</ns3:hr>
          </ns3:TrackPointExtension>
        </extensions>
      </trkpt>
      <trkpt lat="53.59487014822661876678466796875" lon="21.49912892840802669525146484375">
        <ele>132.399993896484375</ele>
        <time>2026-09-05T09:17:43.000Z</time>
        <extensions>
          <ns3:TrackPointExtension>
            <ns3:hr>172</ns3:hr>
          </ns3:TrackPointExtension>
        </extensions>
      </trkpt>
      <trkpt lat="53.59473234973847866058349609375" lon="21.499213837087154388427734375">
        <ele>132.399993896484375</ele>
        <time>2026-09-05T09:17:46.000Z</time>
        <extensions>
          <ns3:TrackPointExtension>
            <ns3:hr>172</ns3:hr>
          </ns3:TrackPointExtension>
        </extensions>
      </trkpt>
      <trkpt lat="53.594605363905429840087890625" lon="21.499259434640407562255859375">
        <ele>132.600006103515625</ele>
        <time>2026-09-05T09:17:49.000Z</time>
        <extensions>
          <ns3:TrackPointExtension>
            <ns3:hr>172</ns3:hr>
          </ns3:TrackPointExtension>
        </extensions>
      </trkpt>
      <trkpt lat="53.59457192011177539825439453125" lon="21.4992760308086872100830078125">
        <ele>132.600006103515625</ele>
        <time>2026-09-05T09:17:50.000Z</time>
        <extensions>
          <ns3:TrackPointExtension>
            <ns3:hr>173</ns3:hr>
          </ns3:TrackPointExtension>
        </extensions>
      </trkpt>
      <trkpt lat="53.5944271646440029144287109375" lon="21.4993397332727909088134765625">
        <ele>132.600006103515625</ele>
        <time>2026-09-05T09:17:55.000Z</time>
        <extensions>
          <ns3:TrackPointExtension>
            <ns3:hr>172</ns3:hr>
          </ns3:TrackPointExtension>
        </extensions>
      </trkpt>
      <trkpt lat="53.59429464675486087799072265625" lon="21.49940519593656063079833984375">
        <ele>132.8000030517578125</ele>
        <time>2026-09-05T09:17:59.000Z</time>
        <extensions>
          <ns3:TrackPointExtension>
            <ns3:hr>172</ns3:hr>
          </ns3:TrackPointExtension>
        </extensions>
      </trkpt>
      <trkpt lat="53.59408275224268436431884765625" lon="21.4994515478610992431640625">
        <ele>132.600006103515625</ele>
        <time>2026-09-05T09:18:04.000Z</time>
        <extensions>
          <ns3:TrackPointExtension>
            <ns3:hr>171</ns3:hr>
          </ns3:TrackPointExtension>
        </extensions>
      </trkpt>
      <trkpt lat="53.59389030374586582183837890625" lon="21.49951147846877574920654296875">
        <ele>133.1999969482421875</ele>
        <time>2026-09-05T09:18:09.000Z</time>
        <extensions>
          <ns3:TrackPointExtension>
            <ns3:hr>170</ns3:hr>
          </ns3:TrackPointExtension>
        </extensions>
      </trkpt>
      <trkpt lat="53.59370674006640911102294921875" lon="21.499574594199657440185546875">
        <ele>133</ele>
        <time>2026-09-05T09:18:14.000Z</time>
        <extensions>
          <ns3:TrackPointExtension>
            <ns3:hr>170</ns3:hr>
          </ns3:TrackPointExtension>
        </extensions>
      </trkpt>
      <trkpt lat="53.59357464127242565155029296875" lon="21.4996267296373844146728515625">
        <ele>133.600006103515625</ele>
        <time>2026-09-05T09:18:18.000Z</time>
        <extensions>
          <ns3:TrackPointExtension>
            <ns3:hr>169</ns3:hr>
          </ns3:TrackPointExtension>
        </extensions>
      </trkpt>
      <trkpt lat="53.5935383476316928863525390625" lon="21.49969504214823246002197265625">
        <ele>133</ele>
        <time>2026-09-05T09:18:23.000Z</time>
        <extensions>
          <ns3:TrackPointExtension>
            <ns3:hr>170</ns3:hr>
          </ns3:TrackPointExtension>
        </extensions>
      </trkpt>
      <trkpt lat="53.593512363731861114501953125" lon="21.49973141960799694061279296875">
        <ele>132.600006103515625</ele>
        <time>2026-09-05T09:18:30.000Z</time>
        <extensions>
          <ns3:TrackPointExtension>
            <ns3:hr>169</ns3:hr>
          </ns3:TrackPointExtension>
        </extensions>
      </trkpt>
      <trkpt lat="53.59353256411850452423095703125" lon="21.4997071959078311920166015625">
        <ele>132.8000030517578125</ele>
        <time>2026-09-05T09:18:33.000Z</time>
        <extensions>
          <ns3:TrackPointExtension>
            <ns3:hr>168</ns3:hr>
          </ns3:TrackPointExtension>
        </extensions>
      </trkpt>
      <trkpt lat="53.5935490764677524566650390625" lon="21.4997095428407192230224609375">
        <ele>132.8000030517578125</ele>
        <time>2026-09-05T09:18:34.000Z</time>
        <extensions>
          <ns3:TrackPointExtension>
            <ns3:hr>167</ns3:hr>
          </ns3:TrackPointExtension>
        </extensions>
      </trkpt>
      <trkpt lat="53.593604899942874908447265625" lon="21.49972236715257167816162109375">
        <ele>132.600006103515625</ele>
        <time>2026-09-05T09:18:36.000Z</time>
        <extensions>
          <ns3:TrackPointExtension>
            <ns3:hr>165</ns3:hr>
          </ns3:TrackPointExtension>
        </extensions>
      </trkpt>
      <trkpt lat="53.59374613501131534576416015625" lon="21.49967241100966930389404296875">
        <ele>132.600006103515625</ele>
        <time>2026-09-05T09:18:41.000Z</time>
        <extensions>
          <ns3:TrackPointExtension>
            <ns3:hr>164</ns3:hr>
          </ns3:TrackPointExtension>
        </extensions>
      </trkpt>
      <trkpt lat="53.593935482203960418701171875" lon="21.4996129833161830902099609375">
        <ele>132.8000030517578125</ele>
        <time>2026-09-05T09:18:46.000Z</time>
        <extensions>
          <ns3:TrackPointExtension>
            <ns3:hr>166</ns3:hr>
          </ns3:TrackPointExtension>
        </extensions>
      </trkpt>
      <trkpt lat="53.59407168813049793243408203125" lon="21.4995811320841312408447265625">
        <ele>132.600006103515625</ele>
        <time>2026-09-05T09:18:49.000Z</time>
        <extensions>
          <ns3:TrackPointExtension>
            <ns3:hr>166</ns3:hr>
          </ns3:TrackPointExtension>
        </extensions>
      </trkpt>
      <trkpt lat="53.594122566282749176025390625" lon="21.4995596744120121002197265625">
        <ele>132.399993896484375</ele>
        <time>2026-09-05T09:18:50.000Z</time>
        <extensions>
          <ns3:TrackPointExtension>
            <ns3:hr>166</ns3:hr>
          </ns3:TrackPointExtension>
        </extensions>
      </trkpt>
      <trkpt lat="53.59429213218390941619873046875" lon="21.499492786824703216552734375">
        <ele>132.1999969482421875</ele>
        <time>2026-09-05T09:18:54.000Z</time>
        <extensions>
          <ns3:TrackPointExtension>
            <ns3:hr>167</ns3:hr>
          </ns3:TrackPointExtension>
        </extensions>
      </trkpt>
      <trkpt lat="53.594433702528476715087890625" lon="21.49942447431385517120361328125">
        <ele>132.399993896484375</ele>
        <time>2026-09-05T09:18:57.000Z</time>
        <extensions>
          <ns3:TrackPointExtension>
            <ns3:hr>166</ns3:hr>
          </ns3:TrackPointExtension>
        </extensions>
      </trkpt>
      <trkpt lat="53.594488017261028289794921875" lon="21.49940771050751209259033203125">
        <ele>132.600006103515625</ele>
        <time>2026-09-05T09:18:58.000Z</time>
        <extensions>
          <ns3:TrackPointExtension>
            <ns3:hr>166</ns3:hr>
          </ns3:TrackPointExtension>
        </extensions>
      </trkpt>
      <trkpt lat="53.59461785294115543365478515625" lon="21.49933109991252422332763671875">
        <ele>132.399993896484375</ele>
        <time>2026-09-05T09:19:01.000Z</time>
        <extensions>
          <ns3:TrackPointExtension>
            <ns3:hr>167</ns3:hr>
          </ns3:TrackPointExtension>
        </extensions>
      </trkpt>
      <trkpt lat="53.59466881491243839263916015625" lon="21.49930595420300960540771484375">
        <ele>132.600006103515625</ele>
        <time>2026-09-05T09:19:02.000Z</time>
        <extensions>
          <ns3:TrackPointExtension>
            <ns3:hr>167</ns3:hr>
          </ns3:TrackPointExtension>
        </extensions>
      </trkpt>
      <trkpt lat="53.594858832657337188720703125" lon="21.49926806800067424774169921875">
        <ele>132.1999969482421875</ele>
        <time>2026-09-05T09:19:06.000Z</time>
        <extensions>
          <ns3:TrackPointExtension>
            <ns3:hr>168</ns3:hr>
          </ns3:TrackPointExtension>
        </extensions>
      </trkpt>
      <trkpt lat="53.5949079506099224090576171875" lon="21.49926153011620044708251953125">
        <ele>132.1999969482421875</ele>
        <time>2026-09-05T09:19:07.000Z</time>
        <extensions>
          <ns3:TrackPointExtension>
            <ns3:hr>168</ns3:hr>
          </ns3:TrackPointExtension>
        </extensions>
      </trkpt>
      <trkpt lat="53.59499688260257244110107421875" lon="21.49918693117797374725341796875">
        <ele>132.399993896484375</ele>
        <time>2026-09-05T09:19:09.000Z</time>
        <extensions>
          <ns3:TrackPointExtension>
            <ns3:hr>168</ns3:hr>
          </ns3:TrackPointExtension>
        </extensions>
      </trkpt>
      <trkpt lat="53.5950397141277790069580078125" lon="21.49915709160268306732177734375">
        <ele>132.600006103515625</ele>
        <time>2026-09-05T09:19:10.000Z</time>
        <extensions>
          <ns3:TrackPointExtension>
            <ns3:hr>168</ns3:hr>
          </ns3:TrackPointExtension>
        </extensions>
      </trkpt>
      <trkpt lat="53.59522084705531597137451171875" lon="21.49902180768549442291259765625">
        <ele>132.600006103515625</ele>
        <time>2026-09-05T09:19:14.000Z</time>
        <extensions>
          <ns3:TrackPointExtension>
            <ns3:hr>168</ns3:hr>
          </ns3:TrackPointExtension>
        </extensions>
      </trkpt>
      <trkpt lat="53.59536300413310527801513671875" lon="21.49897688068449497222900390625">
        <ele>132.399993896484375</ele>
        <time>2026-09-05T09:19:17.000Z</time>
        <extensions>
          <ns3:TrackPointExtension>
            <ns3:hr>168</ns3:hr>
          </ns3:TrackPointExtension>
        </extensions>
      </trkpt>
      <trkpt lat="53.59541597776114940643310546875" lon="21.4989638887345790863037109375">
        <ele>132.399993896484375</ele>
        <time>2026-09-05T09:19:18.000Z</time>
        <extensions>
          <ns3:TrackPointExtension>
            <ns3:hr>168</ns3:hr>
          </ns3:TrackPointExtension>
        </extensions>
      </trkpt>
      <trkpt lat="53.59566651284694671630859375" lon="21.49891166947782039642333984375">
        <ele>133.1999969482421875</ele>
        <time>2026-09-05T09:19:23.000Z</time>
        <extensions>
          <ns3:TrackPointExtension>
            <ns3:hr>169</ns3:hr>
          </ns3:TrackPointExtension>
        </extensions>
      </trkpt>
      <trkpt lat="53.5958026349544525146484375" lon="21.4988721907138824462890625">
        <ele>133</ele>
        <time>2026-09-05T09:19:26.000Z</time>
        <extensions>
          <ns3:TrackPointExtension>
            <ns3:hr>169</ns3:hr>
          </ns3:TrackPointExtension>
        </extensions>
      </trkpt>
      <trkpt lat="53.59584680758416652679443359375" lon="21.49886372499167919158935546875">
        <ele>133</ele>
        <time>2026-09-05T09:19:27.000Z</time>
        <extensions>
          <ns3:TrackPointExtension>
            <ns3:hr>169</ns3:hr>
          </ns3:TrackPointExtension>
        </extensions>
      </trkpt>
      <trkpt lat="53.5960210673511028289794921875" lon="21.49882189929485321044921875">
        <ele>133</ele>
        <time>2026-09-05T09:19:31.000Z</time>
        <extensions>
          <ns3:TrackPointExtension>
            <ns3:hr>169</ns3:hr>
          </ns3:TrackPointExtension>
        </extensions>
      </trkpt>
      <trkpt lat="53.596209995448589324951171875" lon="21.4987519942224025726318359375">
        <ele>133.8000030517578125</ele>
        <time>2026-09-05T09:19:35.000Z</time>
        <extensions>
          <ns3:TrackPointExtension>
            <ns3:hr>169</ns3:hr>
          </ns3:TrackPointExtension>
        </extensions>
      </trkpt>
      <trkpt lat="53.59634737484157085418701171875" lon="21.49870933033525943756103515625">
        <ele>133.1999969482421875</ele>
        <time>2026-09-05T09:19:38.000Z</time>
        <extensions>
          <ns3:TrackPointExtension>
            <ns3:hr>170</ns3:hr>
          </ns3:TrackPointExtension>
        </extensions>
      </trkpt>
      <trkpt lat="53.5963898710906505584716796875" lon="21.498695500195026397705078125">
        <ele>133</ele>
        <time>2026-09-05T09:19:39.000Z</time>
        <extensions>
          <ns3:TrackPointExtension>
            <ns3:hr>170</ns3:hr>
          </ns3:TrackPointExtension>
        </extensions>
      </trkpt>
      <trkpt lat="53.596425913274288177490234375" lon="21.49865652434527873992919921875">
        <ele>132.8000030517578125</ele>
        <time>2026-09-05T09:19:40.000Z</time>
        <extensions>
          <ns3:TrackPointExtension>
            <ns3:hr>169</ns3:hr>
          </ns3:TrackPointExtension>
        </extensions>
      </trkpt>
      <trkpt lat="53.596520125865936279296875" lon="21.4986336417496204376220703125">
        <ele>132.8000030517578125</ele>
        <time>2026-09-05T09:19:42.000Z</time>
        <extensions>
          <ns3:TrackPointExtension>
            <ns3:hr>170</ns3:hr>
          </ns3:TrackPointExtension>
        </extensions>
      </trkpt>
      <trkpt lat="53.59655323438346385955810546875" lon="21.49860053323209285736083984375">
        <ele>132.8000030517578125</ele>
        <time>2026-09-05T09:19:43.000Z</time>
        <extensions>
          <ns3:TrackPointExtension>
            <ns3:hr>169</ns3:hr>
          </ns3:TrackPointExtension>
        </extensions>
      </trkpt>
      <trkpt lat="53.59669421799480915069580078125" lon="21.4985209889709949493408203125">
        <ele>132.600006103515625</ele>
        <time>2026-09-05T09:19:47.000Z</time>
        <extensions>
          <ns3:TrackPointExtension>
            <ns3:hr>169</ns3:hr>
          </ns3:TrackPointExtension>
        </extensions>
      </trkpt>
      <trkpt lat="53.5968877561390399932861328125" lon="21.4984723739326000213623046875">
        <ele>133</ele>
        <time>2026-09-05T09:19:52.000Z</time>
        <extensions>
          <ns3:TrackPointExtension>
            <ns3:hr>169</ns3:hr>
          </ns3:TrackPointExtension>
        </extensions>
      </trkpt>
      <trkpt lat="53.59707224182784557342529296875" lon="21.49840959347784519195556640625">
        <ele>132.1999969482421875</ele>
        <time>2026-09-05T09:19:56.000Z</time>
        <extensions>
          <ns3:TrackPointExtension>
            <ns3:hr>169</ns3:hr>
          </ns3:TrackPointExtension>
        </extensions>
      </trkpt>
      <trkpt lat="53.59712974168360233306884765625" lon="21.49839534424245357513427734375">
        <ele>132.1999969482421875</ele>
        <time>2026-09-05T09:19:57.000Z</time>
        <extensions>
          <ns3:TrackPointExtension>
            <ns3:hr>170</ns3:hr>
          </ns3:TrackPointExtension>
        </extensions>
      </trkpt>
      <trkpt lat="53.59734934754669666290283203125" lon="21.49829342029988765716552734375">
        <ele>132.399993896484375</ele>
        <time>2026-09-05T09:20:01.000Z</time>
        <extensions>
          <ns3:TrackPointExtension>
            <ns3:hr>169</ns3:hr>
          </ns3:TrackPointExtension>
        </extensions>
      </trkpt>
      <trkpt lat="53.59749569557607173919677734375" lon="21.49824178777635097503662109375">
        <ele>132.1999969482421875</ele>
        <time>2026-09-05T09:20:04.000Z</time>
        <extensions>
          <ns3:TrackPointExtension>
            <ns3:hr>168</ns3:hr>
          </ns3:TrackPointExtension>
        </extensions>
      </trkpt>
      <trkpt lat="53.5976689495146274566650390625" lon="21.49819820187985897064208984375">
        <ele>131.600006103515625</ele>
        <time>2026-09-05T09:20:07.000Z</time>
        <extensions>
          <ns3:TrackPointExtension>
            <ns3:hr>168</ns3:hr>
          </ns3:TrackPointExtension>
        </extensions>
      </trkpt>
      <trkpt lat="53.59772267751395702362060546875" lon="21.4981552027165889739990234375">
        <ele>131.8000030517578125</ele>
        <time>2026-09-05T09:20:08.000Z</time>
        <extensions>
          <ns3:TrackPointExtension>
            <ns3:hr>168</ns3:hr>
          </ns3:TrackPointExtension>
        </extensions>
      </trkpt>
      <trkpt lat="53.59791277907788753509521484375" lon="21.49810440838336944580078125">
        <ele>131.8000030517578125</ele>
        <time>2026-09-05T09:20:12.000Z</time>
        <extensions>
          <ns3:TrackPointExtension>
            <ns3:hr>168</ns3:hr>
          </ns3:TrackPointExtension>
        </extensions>
      </trkpt>
      <trkpt lat="53.5979609750211238861083984375" lon="21.49810449220240116119384765625">
        <ele>131.8000030517578125</ele>
        <time>2026-09-05T09:20:13.000Z</time>
        <extensions>
          <ns3:TrackPointExtension>
            <ns3:hr>168</ns3:hr>
          </ns3:TrackPointExtension>
        </extensions>
      </trkpt>
      <trkpt lat="53.59805770218372344970703125" lon="21.49807431735098361968994140625">
        <ele>131.8000030517578125</ele>
        <time>2026-09-05T09:20:15.000Z</time>
        <extensions>
          <ns3:TrackPointExtension>
            <ns3:hr>169</ns3:hr>
          </ns3:TrackPointExtension>
        </extensions>
      </trkpt>
      <trkpt lat="53.598102964460849761962890625" lon="21.49806761182844638824462890625">
        <ele>131.8000030517578125</ele>
        <time>2026-09-05T09:20:16.000Z</time>
        <extensions>
          <ns3:TrackPointExtension>
            <ns3:hr>170</ns3:hr>
          </ns3:TrackPointExtension>
        </extensions>
      </trkpt>
      <trkpt lat="53.59819223172962665557861328125" lon="21.49801664985716342926025390625">
        <ele>131.600006103515625</ele>
        <time>2026-09-05T09:20:18.000Z</time>
        <extensions>
          <ns3:TrackPointExtension>
            <ns3:hr>169</ns3:hr>
          </ns3:TrackPointExtension>
        </extensions>
      </trkpt>
      <trkpt lat="53.598282337188720703125" lon="21.49797909893095493316650390625">
        <ele>131.600006103515625</ele>
        <time>2026-09-05T09:20:20.000Z</time>
        <extensions>
          <ns3:TrackPointExtension>
            <ns3:hr>168</ns3:hr>
          </ns3:TrackPointExtension>
        </extensions>
      </trkpt>
      <trkpt lat="53.5983844287693500518798828125" lon="21.497956551611423492431640625">
        <ele>131.600006103515625</ele>
        <time>2026-09-05T09:20:22.000Z</time>
        <extensions>
          <ns3:TrackPointExtension>
            <ns3:hr>168</ns3:hr>
          </ns3:TrackPointExtension>
        </extensions>
      </trkpt>
      <trkpt lat="53.5984300263226032257080078125" lon="21.49792763404548168182373046875">
        <ele>131.600006103515625</ele>
        <time>2026-09-05T09:20:23.000Z</time>
        <extensions>
          <ns3:TrackPointExtension>
            <ns3:hr>167</ns3:hr>
          </ns3:TrackPointExtension>
        </extensions>
      </trkpt>
      <trkpt lat="53.59860093332827091217041015625" lon="21.49785471148788928985595703125">
        <ele>132.399993896484375</ele>
        <time>2026-09-05T09:20:27.000Z</time>
        <extensions>
          <ns3:TrackPointExtension>
            <ns3:hr>166</ns3:hr>
          </ns3:TrackPointExtension>
        </extensions>
      </trkpt>
      <trkpt lat="53.598713167011737823486328125" lon="21.49784984998404979705810546875">
        <ele>132.399993896484375</ele>
        <time>2026-09-05T09:20:29.000Z</time>
        <extensions>
          <ns3:TrackPointExtension>
            <ns3:hr>166</ns3:hr>
          </ns3:TrackPointExtension>
        </extensions>
      </trkpt>
      <trkpt lat="53.59876186586916446685791015625" lon="21.497848592698574066162109375">
        <ele>132.399993896484375</ele>
        <time>2026-09-05T09:20:30.000Z</time>
        <extensions>
          <ns3:TrackPointExtension>
            <ns3:hr>167</ns3:hr>
          </ns3:TrackPointExtension>
        </extensions>
      </trkpt>
      <trkpt lat="53.59885943122208118438720703125" lon="21.4978202618658542633056640625">
        <ele>132.600006103515625</ele>
        <time>2026-09-05T09:20:32.000Z</time>
        <extensions>
          <ns3:TrackPointExtension>
            <ns3:hr>167</ns3:hr>
          </ns3:TrackPointExtension>
        </extensions>
      </trkpt>
      <trkpt lat="53.59891190193593502044677734375" lon="21.49781632237136363983154296875">
        <ele>132.8000030517578125</ele>
        <time>2026-09-05T09:20:33.000Z</time>
        <extensions>
          <ns3:TrackPointExtension>
            <ns3:hr>168</ns3:hr>
          </ns3:TrackPointExtension>
        </extensions>
      </trkpt>
      <trkpt lat="53.5990293323993682861328125" lon="21.4977847225964069366455078125">
        <ele>133</ele>
        <time>2026-09-05T09:20:35.000Z</time>
        <extensions>
          <ns3:TrackPointExtension>
            <ns3:hr>168</ns3:hr>
          </ns3:TrackPointExtension>
        </extensions>
      </trkpt>
      <trkpt lat="53.59908423386514186859130859375" lon="21.49775035679340362548828125">
        <ele>133</ele>
        <time>2026-09-05T09:20:36.000Z</time>
        <extensions>
          <ns3:TrackPointExtension>
            <ns3:hr>168</ns3:hr>
          </ns3:TrackPointExtension>
        </extensions>
      </trkpt>
      <trkpt lat="53.5991421528160572052001953125" lon="21.497727222740650177001953125">
        <ele>133.1999969482421875</ele>
        <time>2026-09-05T09:20:37.000Z</time>
        <extensions>
          <ns3:TrackPointExtension>
            <ns3:hr>168</ns3:hr>
          </ns3:TrackPointExtension>
        </extensions>
      </trkpt>
      <trkpt lat="53.599238879978656768798828125" lon="21.49769864045083522796630859375">
        <ele>133.1999969482421875</ele>
        <time>2026-09-05T09:20:39.000Z</time>
        <extensions>
          <ns3:TrackPointExtension>
            <ns3:hr>169</ns3:hr>
          </ns3:TrackPointExtension>
        </extensions>
      </trkpt>
      <trkpt lat="53.59930065460503101348876953125" lon="21.4976740814745426177978515625">
        <ele>133</ele>
        <time>2026-09-05T09:20:40.000Z</time>
        <extensions>
          <ns3:TrackPointExtension>
            <ns3:hr>169</ns3:hr>
          </ns3:TrackPointExtension>
        </extensions>
      </trkpt>
      <trkpt lat="53.59941448085010051727294921875" lon="21.49763728491961956024169921875">
        <ele>132.600006103515625</ele>
        <time>2026-09-05T09:20:42.000Z</time>
        <extensions>
          <ns3:TrackPointExtension>
            <ns3:hr>170</ns3:hr>
          </ns3:TrackPointExtension>
        </extensions>
      </trkpt>
      <trkpt lat="53.5996112041175365447998046875" lon="21.49756453000009059906005859375">
        <ele>132.399993896484375</ele>
        <time>2026-09-05T09:20:46.000Z</time>
        <extensions>
          <ns3:TrackPointExtension>
            <ns3:hr>170</ns3:hr>
          </ns3:TrackPointExtension>
        </extensions>
      </trkpt>
      <trkpt lat="53.59974724240601062774658203125" lon="21.4974980615079402923583984375">
        <ele>132.399993896484375</ele>
        <time>2026-09-05T09:20:49.000Z</time>
        <extensions>
          <ns3:TrackPointExtension>
            <ns3:hr>170</ns3:hr>
          </ns3:TrackPointExtension>
        </extensions>
      </trkpt>
      <trkpt lat="53.59994069673120975494384765625" lon="21.49741449393332004547119140625">
        <ele>132.1999969482421875</ele>
        <time>2026-09-05T09:20:53.000Z</time>
        <extensions>
          <ns3:TrackPointExtension>
            <ns3:hr>170</ns3:hr>
          </ns3:TrackPointExtension>
        </extensions>
      </trkpt>
      <trkpt lat="53.60007832758128643035888671875" lon="21.4973414875566959381103515625">
        <ele>132.399993896484375</ele>
        <time>2026-09-05T09:20:56.000Z</time>
        <extensions>
          <ns3:TrackPointExtension>
            <ns3:hr>169</ns3:hr>
          </ns3:TrackPointExtension>
        </extensions>
      </trkpt>
      <trkpt lat="53.60012426041066646575927734375" lon="21.4973307587206363677978515625">
        <ele>132.399993896484375</ele>
        <time>2026-09-05T09:20:57.000Z</time>
        <extensions>
          <ns3:TrackPointExtension>
            <ns3:hr>169</ns3:hr>
          </ns3:TrackPointExtension>
        </extensions>
      </trkpt>
      <trkpt lat="53.60021797008812427520751953125" lon="21.49729178287088871002197265625">
        <ele>132.399993896484375</ele>
        <time>2026-09-05T09:20:59.000Z</time>
        <extensions>
          <ns3:TrackPointExtension>
            <ns3:hr>170</ns3:hr>
          </ns3:TrackPointExtension>
        </extensions>
      </trkpt>
      <trkpt lat="53.60025803558528423309326171875" lon="21.4972923696041107177734375">
        <ele>132.399993896484375</ele>
        <time>2026-09-05T09:21:00.000Z</time>
        <extensions>
          <ns3:TrackPointExtension>
            <ns3:hr>169</ns3:hr>
          </ns3:TrackPointExtension>
        </extensions>
      </trkpt>
      <trkpt lat="53.600358702242374420166015625" lon="21.4972539804875850677490234375">
        <ele>132.1999969482421875</ele>
        <time>2026-09-05T09:21:02.000Z</time>
        <extensions>
          <ns3:TrackPointExtension>
            <ns3:hr>169</ns3:hr>
          </ns3:TrackPointExtension>
        </extensions>
      </trkpt>
      <trkpt lat="53.60040203668177127838134765625" lon="21.4972419105470180511474609375">
        <ele>131.8000030517578125</ele>
        <time>2026-09-05T09:21:03.000Z</time>
        <extensions>
          <ns3:TrackPointExtension>
            <ns3:hr>169</ns3:hr>
          </ns3:TrackPointExtension>
        </extensions>
      </trkpt>
      <trkpt lat="53.60044444911181926727294921875" lon="21.4972341991961002349853515625">
        <ele>131.8000030517578125</ele>
        <time>2026-09-05T09:21:04.000Z</time>
        <extensions>
          <ns3:TrackPointExtension>
            <ns3:hr>168</ns3:hr>
          </ns3:TrackPointExtension>
        </extensions>
      </trkpt>
      <trkpt lat="53.60049289651215076446533203125" lon="21.49721919558942317962646484375">
        <ele>131.600006103515625</ele>
        <time>2026-09-05T09:21:05.000Z</time>
        <extensions>
          <ns3:TrackPointExtension>
            <ns3:hr>169</ns3:hr>
          </ns3:TrackPointExtension>
        </extensions>
      </trkpt>
      <trkpt lat="53.6005969159305095672607421875" lon="21.4971892721951007843017578125">
        <ele>131.600006103515625</ele>
        <time>2026-09-05T09:21:07.000Z</time>
        <extensions>
          <ns3:TrackPointExtension>
            <ns3:hr>168</ns3:hr>
          </ns3:TrackPointExtension>
        </extensions>
      </trkpt>
      <trkpt lat="53.60071434639394283294677734375" lon="21.4971295930445194244384765625">
        <ele>133</ele>
        <time>2026-09-05T09:21:10.000Z</time>
        <extensions>
          <ns3:TrackPointExtension>
            <ns3:hr>169</ns3:hr>
          </ns3:TrackPointExtension>
        </extensions>
      </trkpt>
      <trkpt lat="53.60075759701430797576904296875" lon="21.49711190722882747650146484375">
        <ele>133.1999969482421875</ele>
        <time>2026-09-05T09:21:11.000Z</time>
        <extensions>
          <ns3:TrackPointExtension>
            <ns3:hr>169</ns3:hr>
          </ns3:TrackPointExtension>
        </extensions>
      </trkpt>
      <trkpt lat="53.60090645961463451385498046875" lon="21.49704602546989917755126953125">
        <ele>133.1999969482421875</ele>
        <time>2026-09-05T09:21:15.000Z</time>
        <extensions>
          <ns3:TrackPointExtension>
            <ns3:hr>168</ns3:hr>
          </ns3:TrackPointExtension>
        </extensions>
      </trkpt>
      <trkpt lat="53.6009881831705570220947265625" lon="21.497005708515644073486328125">
        <ele>133.1999969482421875</ele>
        <time>2026-09-05T09:21:17.000Z</time>
        <extensions>
          <ns3:TrackPointExtension>
            <ns3:hr>169</ns3:hr>
          </ns3:TrackPointExtension>
        </extensions>
      </trkpt>
      <trkpt lat="53.60103386454284191131591796875" lon="21.4970011822879314422607421875">
        <ele>133.1999969482421875</ele>
        <time>2026-09-05T09:21:18.000Z</time>
        <extensions>
          <ns3:TrackPointExtension>
            <ns3:hr>169</ns3:hr>
          </ns3:TrackPointExtension>
        </extensions>
      </trkpt>
      <trkpt lat="53.6010699905455112457275390625" lon="21.49696472100913524627685546875">
        <ele>133.1999969482421875</ele>
        <time>2026-09-05T09:21:19.000Z</time>
        <extensions>
          <ns3:TrackPointExtension>
            <ns3:hr>169</ns3:hr>
          </ns3:TrackPointExtension>
        </extensions>
      </trkpt>
      <trkpt lat="53.60116194002330303192138671875" lon="21.49693228304386138916015625">
        <ele>133.1999969482421875</ele>
        <time>2026-09-05T09:21:21.000Z</time>
        <extensions>
          <ns3:TrackPointExtension>
            <ns3:hr>169</ns3:hr>
          </ns3:TrackPointExtension>
        </extensions>
      </trkpt>
      <trkpt lat="53.60120619647204875946044921875" lon="21.496896408498287200927734375">
        <ele>133.600006103515625</ele>
        <time>2026-09-05T09:21:22.000Z</time>
        <extensions>
          <ns3:TrackPointExtension>
            <ns3:hr>169</ns3:hr>
          </ns3:TrackPointExtension>
        </extensions>
      </trkpt>
      <trkpt lat="53.6012832261621952056884765625" lon="21.496866233646869659423828125">
        <ele>133.600006103515625</ele>
        <time>2026-09-05T09:21:24.000Z</time>
        <extensions>
          <ns3:TrackPointExtension>
            <ns3:hr>169</ns3:hr>
          </ns3:TrackPointExtension>
        </extensions>
      </trkpt>
      <trkpt lat="53.60132589004933834075927734375" lon="21.49684846401214599609375">
        <ele>133.1999969482421875</ele>
        <time>2026-09-05T09:21:25.000Z</time>
        <extensions>
          <ns3:TrackPointExtension>
            <ns3:hr>169</ns3:hr>
          </ns3:TrackPointExtension>
        </extensions>
      </trkpt>
      <trkpt lat="53.601366542279720306396484375" lon="21.49684083648025989532470703125">
        <ele>133.1999969482421875</ele>
        <time>2026-09-05T09:21:26.000Z</time>
        <extensions>
          <ns3:TrackPointExtension>
            <ns3:hr>168</ns3:hr>
          </ns3:TrackPointExtension>
        </extensions>
      </trkpt>
      <trkpt lat="53.60143971629440784454345703125" lon="21.4968010224401950836181640625">
        <ele>133.8000030517578125</ele>
        <time>2026-09-05T09:21:28.000Z</time>
        <extensions>
          <ns3:TrackPointExtension>
            <ns3:hr>168</ns3:hr>
          </ns3:TrackPointExtension>
        </extensions>
      </trkpt>
      <trkpt lat="53.6015326716005802154541015625" lon="21.49677260778844356536865234375">
        <ele>134</ele>
        <time>2026-09-05T09:21:30.000Z</time>
        <extensions>
          <ns3:TrackPointExtension>
            <ns3:hr>168</ns3:hr>
          </ns3:TrackPointExtension>
        </extensions>
      </trkpt>
      <trkpt lat="53.6016471683979034423828125" lon="21.49673522450029850006103515625">
        <ele>134.600006103515625</ele>
        <time>2026-09-05T09:21:33.000Z</time>
        <extensions>
          <ns3:TrackPointExtension>
            <ns3:hr>168</ns3:hr>
          </ns3:TrackPointExtension>
        </extensions>
      </trkpt>
      <trkpt lat="53.60168698243796825408935546875" lon="21.4967188797891139984130859375">
        <ele>134.399993896484375</ele>
        <time>2026-09-05T09:21:34.000Z</time>
        <extensions>
          <ns3:TrackPointExtension>
            <ns3:hr>169</ns3:hr>
          </ns3:TrackPointExtension>
        </extensions>
      </trkpt>
      <trkpt lat="53.60191010870039463043212890625" lon="21.4966625533998012542724609375">
        <ele>134</ele>
        <time>2026-09-05T09:21:39.000Z</time>
        <extensions>
          <ns3:TrackPointExtension>
            <ns3:hr>170</ns3:hr>
          </ns3:TrackPointExtension>
        </extensions>
      </trkpt>
      <trkpt lat="53.6020141281187534332275390625" lon="21.496582925319671630859375">
        <ele>134.399993896484375</ele>
        <time>2026-09-05T09:21:42.000Z</time>
        <extensions>
          <ns3:TrackPointExtension>
            <ns3:hr>170</ns3:hr>
          </ns3:TrackPointExtension>
        </extensions>
      </trkpt>
      <trkpt lat="53.60205746255815029144287109375" lon="21.496572196483612060546875">
        <ele>134.399993896484375</ele>
        <time>2026-09-05T09:21:43.000Z</time>
        <extensions>
          <ns3:TrackPointExtension>
            <ns3:hr>169</ns3:hr>
          </ns3:TrackPointExtension>
        </extensions>
      </trkpt>
      <trkpt lat="53.6022441275417804718017578125" lon="21.4965225756168365478515625">
        <ele>133.8000030517578125</ele>
        <time>2026-09-05T09:21:47.000Z</time>
        <extensions>
          <ns3:TrackPointExtension>
            <ns3:hr>169</ns3:hr>
          </ns3:TrackPointExtension>
        </extensions>
      </trkpt>
      <trkpt lat="53.60228980891406536102294921875" lon="21.4965073205530643463134765625">
        <ele>133.600006103515625</ele>
        <time>2026-09-05T09:21:48.000Z</time>
        <extensions>
          <ns3:TrackPointExtension>
            <ns3:hr>169</ns3:hr>
          </ns3:TrackPointExtension>
        </extensions>
      </trkpt>
      <trkpt lat="53.60238821245729923248291015625" lon="21.49646759033203125">
        <ele>133.1999969482421875</ele>
        <time>2026-09-05T09:21:50.000Z</time>
        <extensions>
          <ns3:TrackPointExtension>
            <ns3:hr>168</ns3:hr>
          </ns3:TrackPointExtension>
        </extensions>
      </trkpt>
      <trkpt lat="53.6025502346456050872802734375" lon="21.4964077435433864593505859375">
        <ele>133.600006103515625</ele>
        <time>2026-09-05T09:21:53.000Z</time>
        <extensions>
          <ns3:TrackPointExtension>
            <ns3:hr>168</ns3:hr>
          </ns3:TrackPointExtension>
        </extensions>
      </trkpt>
      <trkpt lat="53.60260144807398319244384765625" lon="21.4963831007480621337890625">
        <ele>133.1999969482421875</ele>
        <time>2026-09-05T09:21:54.000Z</time>
        <extensions>
          <ns3:TrackPointExtension>
            <ns3:hr>167</ns3:hr>
          </ns3:TrackPointExtension>
        </extensions>
      </trkpt>
      <trkpt lat="53.6027839221060276031494140625" lon="21.49631395004689693450927734375">
        <ele>133</ele>
        <time>2026-09-05T09:21:58.000Z</time>
        <extensions>
          <ns3:TrackPointExtension>
            <ns3:hr>167</ns3:hr>
          </ns3:TrackPointExtension>
        </extensions>
      </trkpt>
      <trkpt lat="53.60282264649868011474609375" lon="21.4963024668395519256591796875">
        <ele>133</ele>
        <time>2026-09-05T09:21:59.000Z</time>
        <extensions>
          <ns3:TrackPointExtension>
            <ns3:hr>167</ns3:hr>
          </ns3:TrackPointExtension>
        </extensions>
      </trkpt>
      <trkpt lat="53.60292515717446804046630859375" lon="21.49626986123621463775634765625">
        <ele>132.8000030517578125</ele>
        <time>2026-09-05T09:22:01.000Z</time>
        <extensions>
          <ns3:TrackPointExtension>
            <ns3:hr>167</ns3:hr>
          </ns3:TrackPointExtension>
        </extensions>
      </trkpt>
      <trkpt lat="53.60301316715776920318603515625" lon="21.496230550110340118408203125">
        <ele>133</ele>
        <time>2026-09-05T09:22:03.000Z</time>
        <extensions>
          <ns3:TrackPointExtension>
            <ns3:hr>166</ns3:hr>
          </ns3:TrackPointExtension>
        </extensions>
      </trkpt>
      <trkpt lat="53.6031000874936580657958984375" lon="21.4962002076208591461181640625">
        <ele>133</ele>
        <time>2026-09-05T09:22:05.000Z</time>
        <extensions>
          <ns3:TrackPointExtension>
            <ns3:hr>167</ns3:hr>
          </ns3:TrackPointExtension>
        </extensions>
      </trkpt>
      <trkpt lat="53.6032137461006641387939453125" lon="21.4961750619113445281982421875">
        <ele>133.1999969482421875</ele>
        <time>2026-09-05T09:22:07.000Z</time>
        <extensions>
          <ns3:TrackPointExtension>
            <ns3:hr>166</ns3:hr>
          </ns3:TrackPointExtension>
        </extensions>
      </trkpt>
      <trkpt lat="53.60336990095674991607666015625" lon="21.496132649481296539306640625">
        <ele>133.1999969482421875</ele>
        <time>2026-09-05T09:22:10.000Z</time>
        <extensions>
          <ns3:TrackPointExtension>
            <ns3:hr>165</ns3:hr>
          </ns3:TrackPointExtension>
        </extensions>
      </trkpt>
      <trkpt lat="53.60342002473771572113037109375" lon="21.4961177296936511993408203125">
        <ele>133</ele>
        <time>2026-09-05T09:22:11.000Z</time>
        <extensions>
          <ns3:TrackPointExtension>
            <ns3:hr>164</ns3:hr>
          </ns3:TrackPointExtension>
        </extensions>
      </trkpt>
      <trkpt lat="53.60358565114438533782958984375" lon="21.49605511687695980072021484375">
        <ele>133</ele>
        <time>2026-09-05T09:22:14.000Z</time>
        <extensions>
          <ns3:TrackPointExtension>
            <ns3:hr>164</ns3:hr>
          </ns3:TrackPointExtension>
        </extensions>
      </trkpt>
      <trkpt lat="53.6036952026188373565673828125" lon="21.49600700475275516510009765625">
        <ele>133.1999969482421875</ele>
        <time>2026-09-05T09:22:16.000Z</time>
        <extensions>
          <ns3:TrackPointExtension>
            <ns3:hr>165</ns3:hr>
          </ns3:TrackPointExtension>
        </extensions>
      </trkpt>
      <trkpt lat="53.60374725423753261566162109375" lon="21.4959866367280483245849609375">
        <ele>133.1999969482421875</ele>
        <time>2026-09-05T09:22:17.000Z</time>
        <extensions>
          <ns3:TrackPointExtension>
            <ns3:hr>165</ns3:hr>
          </ns3:TrackPointExtension>
        </extensions>
      </trkpt>
      <trkpt lat="53.60391355119645595550537109375" lon="21.49591832421720027923583984375">
        <ele>132.8000030517578125</ele>
        <time>2026-09-05T09:22:20.000Z</time>
        <extensions>
          <ns3:TrackPointExtension>
            <ns3:hr>165</ns3:hr>
          </ns3:TrackPointExtension>
        </extensions>
      </trkpt>
      <trkpt lat="53.60407046042382717132568359375" lon="21.49586074054241180419921875">
        <ele>131.8000030517578125</ele>
        <time>2026-09-05T09:22:23.000Z</time>
        <extensions>
          <ns3:TrackPointExtension>
            <ns3:hr>165</ns3:hr>
          </ns3:TrackPointExtension>
        </extensions>
      </trkpt>
      <trkpt lat="53.60418428666889667510986328125" lon="21.49582612328231334686279296875">
        <ele>131.8000030517578125</ele>
        <time>2026-09-05T09:22:25.000Z</time>
        <extensions>
          <ns3:TrackPointExtension>
            <ns3:hr>165</ns3:hr>
          </ns3:TrackPointExtension>
        </extensions>
      </trkpt>
      <trkpt lat="53.604432642459869384765625" lon="21.495708525180816650390625">
        <ele>131.8000030517578125</ele>
        <time>2026-09-05T09:22:30.000Z</time>
        <extensions>
          <ns3:TrackPointExtension>
            <ns3:hr>166</ns3:hr>
          </ns3:TrackPointExtension>
        </extensions>
      </trkpt>
      <trkpt lat="53.60453699715435504913330078125" lon="21.49567709304392337799072265625">
        <ele>131.8000030517578125</ele>
        <time>2026-09-05T09:22:32.000Z</time>
        <extensions>
          <ns3:TrackPointExtension>
            <ns3:hr>166</ns3:hr>
          </ns3:TrackPointExtension>
        </extensions>
      </trkpt>
      <trkpt lat="53.60465484671294689178466796875" lon="21.49564809165894985198974609375">
        <ele>131.8000030517578125</ele>
        <time>2026-09-05T09:22:34.000Z</time>
        <extensions>
          <ns3:TrackPointExtension>
            <ns3:hr>167</ns3:hr>
          </ns3:TrackPointExtension>
        </extensions>
      </trkpt>
      <trkpt lat="53.60481410287320613861083984375" lon="21.4955826289951801300048828125">
        <ele>132.1999969482421875</ele>
        <time>2026-09-05T09:22:37.000Z</time>
        <extensions>
          <ns3:TrackPointExtension>
            <ns3:hr>167</ns3:hr>
          </ns3:TrackPointExtension>
        </extensions>
      </trkpt>
      <trkpt lat="53.6049114167690277099609375" lon="21.49557114578783512115478515625">
        <ele>132.399993896484375</ele>
        <time>2026-09-05T09:22:39.000Z</time>
        <extensions>
          <ns3:TrackPointExtension>
            <ns3:hr>167</ns3:hr>
          </ns3:TrackPointExtension>
        </extensions>
      </trkpt>
      <trkpt lat="53.6049685813486576080322265625" lon="21.4955936931073665618896484375">
        <ele>132.399993896484375</ele>
        <time>2026-09-05T09:22:40.000Z</time>
        <extensions>
          <ns3:TrackPointExtension>
            <ns3:hr>167</ns3:hr>
          </ns3:TrackPointExtension>
        </extensions>
      </trkpt>
      <trkpt lat="53.6051194556057453155517578125" lon="21.4956641010940074920654296875">
        <ele>132.399993896484375</ele>
        <time>2026-09-05T09:22:43.000Z</time>
        <extensions>
          <ns3:TrackPointExtension>
            <ns3:hr>166</ns3:hr>
          </ns3:TrackPointExtension>
        </extensions>
      </trkpt>
      <trkpt lat="53.60516555607318878173828125" lon="21.4957073517143726348876953125">
        <ele>132.399993896484375</ele>
        <time>2026-09-05T09:22:44.000Z</time>
        <extensions>
          <ns3:TrackPointExtension>
            <ns3:hr>166</ns3:hr>
          </ns3:TrackPointExtension>
        </extensions>
      </trkpt>
      <trkpt lat="53.6052793823182582855224609375" lon="21.4958599023520946502685546875">
        <ele>132.8000030517578125</ele>
        <time>2026-09-05T09:22:47.000Z</time>
        <extensions>
          <ns3:TrackPointExtension>
            <ns3:hr>166</ns3:hr>
          </ns3:TrackPointExtension>
        </extensions>
      </trkpt>
      <trkpt lat="53.60531651414930820465087890625" lon="21.4959232695400714874267578125">
        <ele>132.8000030517578125</ele>
        <time>2026-09-05T09:22:48.000Z</time>
        <extensions>
          <ns3:TrackPointExtension>
            <ns3:hr>166</ns3:hr>
          </ns3:TrackPointExtension>
        </extensions>
      </trkpt>
      <trkpt lat="53.6053722538053989410400390625" lon="21.49602661840617656707763671875">
        <ele>133</ele>
        <time>2026-09-05T09:22:50.000Z</time>
        <extensions>
          <ns3:TrackPointExtension>
            <ns3:hr>166</ns3:hr>
          </ns3:TrackPointExtension>
        </extensions>
      </trkpt>
      <trkpt lat="53.60545900650322437286376953125" lon="21.49619056843221187591552734375">
        <ele>133</ele>
        <time>2026-09-05T09:22:53.000Z</time>
        <extensions>
          <ns3:TrackPointExtension>
            <ns3:hr>166</ns3:hr>
          </ns3:TrackPointExtension>
        </extensions>
      </trkpt>
      <trkpt lat="53.60548348166048526763916015625" lon="21.49624438025057315826416015625">
        <ele>133</ele>
        <time>2026-09-05T09:22:54.000Z</time>
        <extensions>
          <ns3:TrackPointExtension>
            <ns3:hr>166</ns3:hr>
          </ns3:TrackPointExtension>
        </extensions>
      </trkpt>
      <trkpt lat="53.60552673228085041046142578125" lon="21.49637572467327117919921875">
        <ele>133</ele>
        <time>2026-09-05T09:22:56.000Z</time>
        <extensions>
          <ns3:TrackPointExtension>
            <ns3:hr>166</ns3:hr>
          </ns3:TrackPointExtension>
        </extensions>
      </trkpt>
      <trkpt lat="53.60561943612992763519287109375" lon="21.49656641297042369842529296875">
        <ele>133</ele>
        <time>2026-09-05T09:22:59.000Z</time>
        <extensions>
          <ns3:TrackPointExtension>
            <ns3:hr>167</ns3:hr>
          </ns3:TrackPointExtension>
        </extensions>
      </trkpt>
      <trkpt lat="53.605739213526248931884765625" lon="21.4968120865523815155029296875">
        <ele>132.8000030517578125</ele>
        <time>2026-09-05T09:23:03.000Z</time>
        <extensions>
          <ns3:TrackPointExtension>
            <ns3:hr>167</ns3:hr>
          </ns3:TrackPointExtension>
        </extensions>
      </trkpt>
      <trkpt lat="53.60582998953759670257568359375" lon="21.49698198772966861724853515625">
        <ele>133</ele>
        <time>2026-09-05T09:23:06.000Z</time>
        <extensions>
          <ns3:TrackPointExtension>
            <ns3:hr>166</ns3:hr>
          </ns3:TrackPointExtension>
        </extensions>
      </trkpt>
      <trkpt lat="53.60586033202707767486572265625" lon="21.49702942930161952972412109375">
        <ele>133</ele>
        <time>2026-09-05T09:23:07.000Z</time>
        <extensions>
          <ns3:TrackPointExtension>
            <ns3:hr>167</ns3:hr>
          </ns3:TrackPointExtension>
        </extensions>
      </trkpt>
      <trkpt lat="53.60592319630086421966552734375" lon="21.49710486643016338348388671875">
        <ele>132.8000030517578125</ele>
        <time>2026-09-05T09:23:09.000Z</time>
        <extensions>
          <ns3:TrackPointExtension>
            <ns3:hr>166</ns3:hr>
          </ns3:TrackPointExtension>
        </extensions>
      </trkpt>
      <trkpt lat="53.6059589870274066925048828125" lon="21.49713856168091297149658203125">
        <ele>132.8000030517578125</ele>
        <time>2026-09-05T09:23:10.000Z</time>
        <extensions>
          <ns3:TrackPointExtension>
            <ns3:hr>166</ns3:hr>
          </ns3:TrackPointExtension>
        </extensions>
      </trkpt>
      <trkpt lat="53.6061608232557773590087890625" lon="21.497304774820804595947265625">
        <ele>133.1999969482421875</ele>
        <time>2026-09-05T09:23:15.000Z</time>
        <extensions>
          <ns3:TrackPointExtension>
            <ns3:hr>167</ns3:hr>
          </ns3:TrackPointExtension>
        </extensions>
      </trkpt>
      <trkpt lat="53.60625511966645717620849609375" lon="21.49739588610827922821044921875">
        <ele>133.1999969482421875</ele>
        <time>2026-09-05T09:23:18.000Z</time>
        <extensions>
          <ns3:TrackPointExtension>
            <ns3:hr>167</ns3:hr>
          </ns3:TrackPointExtension>
        </extensions>
      </trkpt>
      <trkpt lat="53.606474138796329498291015625" lon="21.49755044840276241302490234375">
        <ele>132.600006103515625</ele>
        <time>2026-09-05T09:23:24.000Z</time>
        <extensions>
          <ns3:TrackPointExtension>
            <ns3:hr>168</ns3:hr>
          </ns3:TrackPointExtension>
        </extensions>
      </trkpt>
      <trkpt lat="53.606586121022701263427734375" lon="21.49759939871728420257568359375">
        <ele>131.8000030517578125</ele>
        <time>2026-09-05T09:23:27.000Z</time>
        <extensions>
          <ns3:TrackPointExtension>
            <ns3:hr>168</ns3:hr>
          </ns3:TrackPointExtension>
        </extensions>
      </trkpt>
      <trkpt lat="53.6066375859081745147705078125" lon="21.497623287141323089599609375">
        <ele>131.600006103515625</ele>
        <time>2026-09-05T09:23:28.000Z</time>
        <extensions>
          <ns3:TrackPointExtension>
            <ns3:hr>168</ns3:hr>
          </ns3:TrackPointExtension>
        </extensions>
      </trkpt>
      <trkpt lat="53.60675384290516376495361328125" lon="21.497666537761688232421875">
        <ele>131.1999969482421875</ele>
        <time>2026-09-05T09:23:30.000Z</time>
        <extensions>
          <ns3:TrackPointExtension>
            <ns3:hr>167</ns3:hr>
          </ns3:TrackPointExtension>
        </extensions>
      </trkpt>
      <trkpt lat="53.6068250052630901336669921875" lon="21.49767458438873291015625">
        <ele>131</ele>
        <time>2026-09-05T09:23:31.000Z</time>
        <extensions>
          <ns3:TrackPointExtension>
            <ns3:hr>168</ns3:hr>
          </ns3:TrackPointExtension>
        </extensions>
      </trkpt>
      <trkpt lat="53.607172183692455291748046875" lon="21.49768942035734653472900390625">
        <ele>131.1999969482421875</ele>
        <time>2026-09-05T09:23:35.000Z</time>
        <extensions>
          <ns3:TrackPointExtension>
            <ns3:hr>168</ns3:hr>
          </ns3:TrackPointExtension>
        </extensions>
      </trkpt>
      <trkpt lat="53.60730051063001155853271484375" lon="21.49769830517470836639404296875">
        <ele>130.600006103515625</ele>
        <time>2026-09-05T09:23:37.000Z</time>
        <extensions>
          <ns3:TrackPointExtension>
            <ns3:hr>168</ns3:hr>
          </ns3:TrackPointExtension>
        </extensions>
      </trkpt>
      <trkpt lat="53.60737091861665248870849609375" lon="21.4977159909904003143310546875">
        <ele>131</ele>
        <time>2026-09-05T09:23:38.000Z</time>
        <extensions>
          <ns3:TrackPointExtension>
            <ns3:hr>168</ns3:hr>
          </ns3:TrackPointExtension>
        </extensions>
      </trkpt>
      <trkpt lat="53.607634194195270538330078125" lon="21.49774524383246898651123046875">
        <ele>131.600006103515625</ele>
        <time>2026-09-05T09:23:43.000Z</time>
        <extensions>
          <ns3:TrackPointExtension>
            <ns3:hr>168</ns3:hr>
          </ns3:TrackPointExtension>
        </extensions>
      </trkpt>
      <trkpt lat="53.60782387666404247283935546875" lon="21.49779352359473705291748046875">
        <ele>132.399993896484375</ele>
        <time>2026-09-05T09:23:47.000Z</time>
        <extensions>
          <ns3:TrackPointExtension>
            <ns3:hr>170</ns3:hr>
          </ns3:TrackPointExtension>
        </extensions>
      </trkpt>
      <trkpt lat="53.60786377452313899993896484375" lon="21.497800648212432861328125">
        <ele>132.600006103515625</ele>
        <time>2026-09-05T09:23:48.000Z</time>
        <extensions>
          <ns3:TrackPointExtension>
            <ns3:hr>171</ns3:hr>
          </ns3:TrackPointExtension>
        </extensions>
      </trkpt>
      <trkpt lat="53.60796175897121429443359375" lon="21.4978336729109287261962890625">
        <ele>132.8000030517578125</ele>
        <time>2026-09-05T09:23:50.000Z</time>
        <extensions>
          <ns3:TrackPointExtension>
            <ns3:hr>171</ns3:hr>
          </ns3:TrackPointExtension>
        </extensions>
      </trkpt>
      <trkpt lat="53.60800869762897491455078125" lon="21.49784850887954235076904296875">
        <ele>132.8000030517578125</ele>
        <time>2026-09-05T09:23:51.000Z</time>
        <extensions>
          <ns3:TrackPointExtension>
            <ns3:hr>172</ns3:hr>
          </ns3:TrackPointExtension>
        </extensions>
      </trkpt>
      <trkpt lat="53.60805169679224491119384765625" lon="21.49787398986518383026123046875">
        <ele>132.8000030517578125</ele>
        <time>2026-09-05T09:23:52.000Z</time>
        <extensions>
          <ns3:TrackPointExtension>
            <ns3:hr>172</ns3:hr>
          </ns3:TrackPointExtension>
        </extensions>
      </trkpt>
      <trkpt lat="53.608119003474712371826171875" lon="21.49795294739305973052978515625">
        <ele>132.600006103515625</ele>
        <time>2026-09-05T09:23:54.000Z</time>
        <extensions>
          <ns3:TrackPointExtension>
            <ns3:hr>172</ns3:hr>
          </ns3:TrackPointExtension>
        </extensions>
      </trkpt>
      <trkpt lat="53.6081627570092678070068359375" lon="21.4979771710932254791259765625">
        <ele>132.600006103515625</ele>
        <time>2026-09-05T09:23:55.000Z</time>
        <extensions>
          <ns3:TrackPointExtension>
            <ns3:hr>172</ns3:hr>
          </ns3:TrackPointExtension>
        </extensions>
      </trkpt>
      <trkpt lat="53.6084155552089214324951171875" lon="21.4980904944241046905517578125">
        <ele>132.8000030517578125</ele>
        <time>2026-09-05T09:24:00.000Z</time>
        <extensions>
          <ns3:TrackPointExtension>
            <ns3:hr>171</ns3:hr>
          </ns3:TrackPointExtension>
        </extensions>
      </trkpt>
      <trkpt lat="53.60847246833145618438720703125" lon="21.49811605922877788543701171875">
        <ele>132.8000030517578125</ele>
        <time>2026-09-05T09:24:01.000Z</time>
        <extensions>
          <ns3:TrackPointExtension>
            <ns3:hr>170</ns3:hr>
          </ns3:TrackPointExtension>
        </extensions>
      </trkpt>
      <trkpt lat="53.60856818966567516326904296875" lon="21.49813592433929443359375">
        <ele>132.8000030517578125</ele>
        <time>2026-09-05T09:24:03.000Z</time>
        <extensions>
          <ns3:TrackPointExtension>
            <ns3:hr>171</ns3:hr>
          </ns3:TrackPointExtension>
        </extensions>
      </trkpt>
      <trkpt lat="53.608611524105072021484375" lon="21.49813684634864330291748046875">
        <ele>133</ele>
        <time>2026-09-05T09:24:04.000Z</time>
        <extensions>
          <ns3:TrackPointExtension>
            <ns3:hr>171</ns3:hr>
          </ns3:TrackPointExtension>
        </extensions>
      </trkpt>
      <trkpt lat="53.6086616478860378265380859375" lon="21.498137600719928741455078125">
        <ele>133</ele>
        <time>2026-09-05T09:24:05.000Z</time>
        <extensions>
          <ns3:TrackPointExtension>
            <ns3:hr>171</ns3:hr>
          </ns3:TrackPointExtension>
        </extensions>
      </trkpt>
      <trkpt lat="53.60876298509538173675537109375" lon="21.49812712334096431732177734375">
        <ele>133.1999969482421875</ele>
        <time>2026-09-05T09:24:07.000Z</time>
        <extensions>
          <ns3:TrackPointExtension>
            <ns3:hr>172</ns3:hr>
          </ns3:TrackPointExtension>
        </extensions>
      </trkpt>
      <trkpt lat="53.60891268588602542877197265625" lon="21.49811488576233386993408203125">
        <ele>133.1999969482421875</ele>
        <time>2026-09-05T09:24:10.000Z</time>
        <extensions>
          <ns3:TrackPointExtension>
            <ns3:hr>172</ns3:hr>
          </ns3:TrackPointExtension>
        </extensions>
      </trkpt>
      <trkpt lat="53.60908091068267822265625" lon="21.49811304174363613128662109375">
        <ele>133.600006103515625</ele>
        <time>2026-09-05T09:24:14.000Z</time>
        <extensions>
          <ns3:TrackPointExtension>
            <ns3:hr>173</ns3:hr>
          </ns3:TrackPointExtension>
        </extensions>
      </trkpt>
      <trkpt lat="53.6091209761798381805419921875" lon="21.49810709059238433837890625">
        <ele>133.8000030517578125</ele>
        <time>2026-09-05T09:24:15.000Z</time>
        <extensions>
          <ns3:TrackPointExtension>
            <ns3:hr>172</ns3:hr>
          </ns3:TrackPointExtension>
        </extensions>
      </trkpt>
      <trkpt lat="53.6091618798673152923583984375" lon="21.49809502065181732177734375">
        <ele>133.8000030517578125</ele>
        <time>2026-09-05T09:24:16.000Z</time>
        <extensions>
          <ns3:TrackPointExtension>
            <ns3:hr>172</ns3:hr>
          </ns3:TrackPointExtension>
        </extensions>
      </trkpt>
      <trkpt lat="53.6092383228242397308349609375" lon="21.4980965293943881988525390625">
        <ele>133.8000030517578125</ele>
        <time>2026-09-05T09:24:18.000Z</time>
        <extensions>
          <ns3:TrackPointExtension>
            <ns3:hr>172</ns3:hr>
          </ns3:TrackPointExtension>
        </extensions>
      </trkpt>
      <trkpt lat="53.6093456111848354339599609375" lon="21.49806761182844638824462890625">
        <ele>133.8000030517578125</ele>
        <time>2026-09-05T09:24:21.000Z</time>
        <extensions>
          <ns3:TrackPointExtension>
            <ns3:hr>172</ns3:hr>
          </ns3:TrackPointExtension>
        </extensions>
      </trkpt>
      <trkpt lat="53.60938508994877338409423828125" lon="21.49806015193462371826171875">
        <ele>133.8000030517578125</ele>
        <time>2026-09-05T09:24:22.000Z</time>
        <extensions>
          <ns3:TrackPointExtension>
            <ns3:hr>172</ns3:hr>
          </ns3:TrackPointExtension>
        </extensions>
      </trkpt>
      <trkpt lat="53.60945499502122402191162109375" lon="21.49804581888020038604736328125">
        <ele>133.8000030517578125</ele>
        <time>2026-09-05T09:24:24.000Z</time>
        <extensions>
          <ns3:TrackPointExtension>
            <ns3:hr>172</ns3:hr>
          </ns3:TrackPointExtension>
        </extensions>
      </trkpt>
      <trkpt lat="53.609609641134738922119140625" lon="21.498058140277862548828125">
        <ele>133.8000030517578125</ele>
        <time>2026-09-05T09:24:28.000Z</time>
        <extensions>
          <ns3:TrackPointExtension>
            <ns3:hr>172</ns3:hr>
          </ns3:TrackPointExtension>
        </extensions>
      </trkpt>
      <trkpt lat="53.609765209257602691650390625" lon="21.4980338327586650848388671875">
        <ele>134</ele>
        <time>2026-09-05T09:24:32.000Z</time>
        <extensions>
          <ns3:TrackPointExtension>
            <ns3:hr>173</ns3:hr>
          </ns3:TrackPointExtension>
        </extensions>
      </trkpt>
      <trkpt lat="53.609866797924041748046875" lon="21.49800516664981842041015625">
        <ele>134</ele>
        <time>2026-09-05T09:24:35.000Z</time>
        <extensions>
          <ns3:TrackPointExtension>
            <ns3:hr>173</ns3:hr>
          </ns3:TrackPointExtension>
        </extensions>
      </trkpt>
      <trkpt lat="53.6099910177290439605712890625" lon="21.49800189770758152008056640625">
        <ele>134.600006103515625</ele>
        <time>2026-09-05T09:24:39.000Z</time>
        <extensions>
          <ns3:TrackPointExtension>
            <ns3:hr>172</ns3:hr>
          </ns3:TrackPointExtension>
        </extensions>
      </trkpt>
      <trkpt lat="53.61017860472202301025390625" lon="21.49801413528621196746826171875">
        <ele>135</ele>
        <time>2026-09-05T09:24:43.000Z</time>
        <extensions>
          <ns3:TrackPointExtension>
            <ns3:hr>172</ns3:hr>
          </ns3:TrackPointExtension>
        </extensions>
      </trkpt>
      <trkpt lat="53.6102221906185150146484375" lon="21.49800508283078670501708984375">
        <ele>135.1999969482421875</ele>
        <time>2026-09-05T09:24:44.000Z</time>
        <extensions>
          <ns3:TrackPointExtension>
            <ns3:hr>173</ns3:hr>
          </ns3:TrackPointExtension>
        </extensions>
      </trkpt>
      <trkpt lat="53.6103884875774383544921875" lon="21.49804246611893177032470703125">
        <ele>135.399993896484375</ele>
        <time>2026-09-05T09:24:48.000Z</time>
        <extensions>
          <ns3:TrackPointExtension>
            <ns3:hr>172</ns3:hr>
          </ns3:TrackPointExtension>
        </extensions>
      </trkpt>
      <trkpt lat="53.6104992963373661041259765625" lon="21.49803576059639453887939453125">
        <ele>135.600006103515625</ele>
        <time>2026-09-05T09:24:51.000Z</time>
        <extensions>
          <ns3:TrackPointExtension>
            <ns3:hr>173</ns3:hr>
          </ns3:TrackPointExtension>
        </extensions>
      </trkpt>
      <trkpt lat="53.6105904914438724517822265625" lon="21.49800122715532779693603515625">
        <ele>135.600006103515625</ele>
        <time>2026-09-05T09:24:53.000Z</time>
        <extensions>
          <ns3:TrackPointExtension>
            <ns3:hr>172</ns3:hr>
          </ns3:TrackPointExtension>
        </extensions>
      </trkpt>
      <trkpt lat="53.610789142549037933349609375" lon="21.49795697070658206939697265625">
        <ele>134.399993896484375</ele>
        <time>2026-09-05T09:24:57.000Z</time>
        <extensions>
          <ns3:TrackPointExtension>
            <ns3:hr>172</ns3:hr>
          </ns3:TrackPointExtension>
        </extensions>
      </trkpt>
      <trkpt lat="53.6108345724642276763916015625" lon="21.49795847944915294647216796875">
        <ele>133.8000030517578125</ele>
        <time>2026-09-05T09:24:58.000Z</time>
        <extensions>
          <ns3:TrackPointExtension>
            <ns3:hr>173</ns3:hr>
          </ns3:TrackPointExtension>
        </extensions>
      </trkpt>
      <trkpt lat="53.6108935810625553131103515625" lon="21.49796225130558013916015625">
        <ele>133.1999969482421875</ele>
        <time>2026-09-05T09:24:59.000Z</time>
        <extensions>
          <ns3:TrackPointExtension>
            <ns3:hr>173</ns3:hr>
          </ns3:TrackPointExtension>
        </extensions>
      </trkpt>
      <trkpt lat="53.611036576330661773681640625" lon="21.4979496784508228302001953125">
        <ele>132.1999969482421875</ele>
        <time>2026-09-05T09:25:01.000Z</time>
        <extensions>
          <ns3:TrackPointExtension>
            <ns3:hr>173</ns3:hr>
          </ns3:TrackPointExtension>
        </extensions>
      </trkpt>
      <trkpt lat="53.6111111752688884735107421875" lon="21.4979406259953975677490234375">
        <ele>131.600006103515625</ele>
        <time>2026-09-05T09:25:02.000Z</time>
        <extensions>
          <ns3:TrackPointExtension>
            <ns3:hr>174</ns3:hr>
          </ns3:TrackPointExtension>
        </extensions>
      </trkpt>
      <trkpt lat="53.6111738719046115875244140625" lon="21.49793501012027263641357421875">
        <ele>131.1999969482421875</ele>
        <time>2026-09-05T09:25:03.000Z</time>
        <extensions>
          <ns3:TrackPointExtension>
            <ns3:hr>174</ns3:hr>
          </ns3:TrackPointExtension>
        </extensions>
      </trkpt>
      <trkpt lat="53.6113837547600269317626953125" lon="21.49791623465716838836669921875">
        <ele>129.600006103515625</ele>
        <time>2026-09-05T09:25:06.000Z</time>
        <extensions>
          <ns3:TrackPointExtension>
            <ns3:hr>173</ns3:hr>
          </ns3:TrackPointExtension>
        </extensions>
      </trkpt>
      <trkpt lat="53.611438907682895660400390625" lon="21.4978926815092563629150390625">
        <ele>129.1999969482421875</ele>
        <time>2026-09-05T09:25:07.000Z</time>
        <extensions>
          <ns3:TrackPointExtension>
            <ns3:hr>172</ns3:hr>
          </ns3:TrackPointExtension>
        </extensions>
      </trkpt>
      <trkpt lat="53.6115525662899017333984375" lon="21.49787315167486667633056640625">
        <ele>130</ele>
        <time>2026-09-05T09:25:09.000Z</time>
        <extensions>
          <ns3:TrackPointExtension>
            <ns3:hr>167</ns3:hr>
          </ns3:TrackPointExtension>
        </extensions>
      </trkpt>
      <trkpt lat="53.61160227097570896148681640625" lon="21.49786057882010936737060546875">
        <ele>130.600006103515625</ele>
        <time>2026-09-05T09:25:10.000Z</time>
        <extensions>
          <ns3:TrackPointExtension>
            <ns3:hr>166</ns3:hr>
          </ns3:TrackPointExtension>
        </extensions>
      </trkpt>
      <trkpt lat="53.61172967590391635894775390625" lon="21.49784347973763942718505859375">
        <ele>132.399993896484375</ele>
        <time>2026-09-05T09:25:12.000Z</time>
        <extensions>
          <ns3:TrackPointExtension>
            <ns3:hr>164</ns3:hr>
          </ns3:TrackPointExtension>
        </extensions>
      </trkpt>
      <trkpt lat="53.61179237253963947296142578125" lon="21.49783660657703876495361328125">
        <ele>132.1999969482421875</ele>
        <time>2026-09-05T09:25:13.000Z</time>
        <extensions>
          <ns3:TrackPointExtension>
            <ns3:hr>164</ns3:hr>
          </ns3:TrackPointExtension>
        </extensions>
      </trkpt>
      <trkpt lat="53.61192011274397373199462890625" lon="21.497778184711933135986328125">
        <ele>131</ele>
        <time>2026-09-05T09:25:15.000Z</time>
        <extensions>
          <ns3:TrackPointExtension>
            <ns3:hr>165</ns3:hr>
          </ns3:TrackPointExtension>
        </extensions>
      </trkpt>
      <trkpt lat="53.61207752488553524017333984375" lon="21.49766913615167140960693359375">
        <ele>129.8000030517578125</ele>
        <time>2026-09-05T09:25:17.000Z</time>
        <extensions>
          <ns3:TrackPointExtension>
            <ns3:hr>165</ns3:hr>
          </ns3:TrackPointExtension>
        </extensions>
      </trkpt>
      <trkpt lat="53.61228757537901401519775390625" lon="21.49759470485150814056396484375">
        <ele>129.600006103515625</ele>
        <time>2026-09-05T09:25:20.000Z</time>
        <extensions>
          <ns3:TrackPointExtension>
            <ns3:hr>166</ns3:hr>
          </ns3:TrackPointExtension>
        </extensions>
      </trkpt>
      <trkpt lat="53.61235261894762516021728515625" lon="21.4975828863680362701416015625">
        <ele>129.1999969482421875</ele>
        <time>2026-09-05T09:25:21.000Z</time>
        <extensions>
          <ns3:TrackPointExtension>
            <ns3:hr>166</ns3:hr>
          </ns3:TrackPointExtension>
        </extensions>
      </trkpt>
      <trkpt lat="53.61261539161205291748046875" lon="21.49751842953264713287353515625">
        <ele>129.600006103515625</ele>
        <time>2026-09-05T09:25:26.000Z</time>
        <extensions>
          <ns3:TrackPointExtension>
            <ns3:hr>165</ns3:hr>
          </ns3:TrackPointExtension>
        </extensions>
      </trkpt>
      <trkpt lat="53.61278814263641834259033203125" lon="21.497485823929309844970703125">
        <ele>129</ele>
        <time>2026-09-05T09:25:30.000Z</time>
        <extensions>
          <ns3:TrackPointExtension>
            <ns3:hr>167</ns3:hr>
          </ns3:TrackPointExtension>
        </extensions>
      </trkpt>
      <trkpt lat="53.6129339039325714111328125" lon="21.497429497539997100830078125">
        <ele>129.8000030517578125</ele>
        <time>2026-09-05T09:25:34.000Z</time>
        <extensions>
          <ns3:TrackPointExtension>
            <ns3:hr>168</ns3:hr>
          </ns3:TrackPointExtension>
        </extensions>
      </trkpt>
      <trkpt lat="53.6131268553435802459716796875" lon="21.49735129438340663909912109375">
        <ele>130.600006103515625</ele>
        <time>2026-09-05T09:25:39.000Z</time>
        <extensions>
          <ns3:TrackPointExtension>
            <ns3:hr>168</ns3:hr>
          </ns3:TrackPointExtension>
        </extensions>
      </trkpt>
      <trkpt lat="53.6132445372641086578369140625" lon="21.4973062835633754730224609375">
        <ele>130.600006103515625</ele>
        <time>2026-09-05T09:25:42.000Z</time>
        <extensions>
          <ns3:TrackPointExtension>
            <ns3:hr>165</ns3:hr>
          </ns3:TrackPointExtension>
        </extensions>
      </trkpt>
      <trkpt lat="53.61328066326677799224853515625" lon="21.4972935430705547332763671875">
        <ele>130.600006103515625</ele>
        <time>2026-09-05T09:25:43.000Z</time>
        <extensions>
          <ns3:TrackPointExtension>
            <ns3:hr>164</ns3:hr>
          </ns3:TrackPointExtension>
        </extensions>
      </trkpt>
      <trkpt lat="53.61342952586710453033447265625" lon="21.49723746813833713531494140625">
        <ele>131.1999969482421875</ele>
        <time>2026-09-05T09:25:47.000Z</time>
        <extensions>
          <ns3:TrackPointExtension>
            <ns3:hr>164</ns3:hr>
          </ns3:TrackPointExtension>
        </extensions>
      </trkpt>
      <trkpt lat="53.61360688693821430206298828125" lon="21.49720008485019207000732421875">
        <ele>131.600006103515625</ele>
        <time>2026-09-05T09:25:52.000Z</time>
        <extensions>
          <ns3:TrackPointExtension>
            <ns3:hr>163</ns3:hr>
          </ns3:TrackPointExtension>
        </extensions>
      </trkpt>
      <trkpt lat="53.61370109952986240386962890625" lon="21.497182063758373260498046875">
        <ele>131.8000030517578125</ele>
        <time>2026-09-05T09:25:55.000Z</time>
        <extensions>
          <ns3:TrackPointExtension>
            <ns3:hr>164</ns3:hr>
          </ns3:TrackPointExtension>
        </extensions>
      </trkpt>
      <trkpt lat="53.61372389830648899078369140625" lon="21.49715960025787353515625">
        <ele>132.1999969482421875</ele>
        <time>2026-09-05T09:25:56.000Z</time>
        <extensions>
          <ns3:TrackPointExtension>
            <ns3:hr>165</ns3:hr>
          </ns3:TrackPointExtension>
        </extensions>
      </trkpt>
      <trkpt lat="53.61383571289479732513427734375" lon="21.49710972793400287628173828125">
        <ele>133</ele>
        <time>2026-09-05T09:25:59.000Z</time>
        <extensions>
          <ns3:TrackPointExtension>
            <ns3:hr>165</ns3:hr>
          </ns3:TrackPointExtension>
        </extensions>
      </trkpt>
      <trkpt lat="53.61392498016357421875" lon="21.4970883540809154510498046875">
        <ele>132.8000030517578125</ele>
        <time>2026-09-05T09:26:01.000Z</time>
        <extensions>
          <ns3:TrackPointExtension>
            <ns3:hr>165</ns3:hr>
          </ns3:TrackPointExtension>
        </extensions>
      </trkpt>
      <trkpt lat="53.61405934207141399383544921875" lon="21.4970484562218189239501953125">
        <ele>131.8000030517578125</ele>
        <time>2026-09-05T09:26:05.000Z</time>
        <extensions>
          <ns3:TrackPointExtension>
            <ns3:hr>168</ns3:hr>
          </ns3:TrackPointExtension>
        </extensions>
      </trkpt>
      <trkpt lat="53.6141621880233287811279296875" lon="21.4970467798411846160888671875">
        <ele>131.8000030517578125</ele>
        <time>2026-09-05T09:26:07.000Z</time>
        <extensions>
          <ns3:TrackPointExtension>
            <ns3:hr>169</ns3:hr>
          </ns3:TrackPointExtension>
        </extensions>
      </trkpt>
      <trkpt lat="53.61443451605737209320068359375" lon="21.4969787187874317169189453125">
        <ele>131</ele>
        <time>2026-09-05T09:26:14.000Z</time>
        <extensions>
          <ns3:TrackPointExtension>
            <ns3:hr>170</ns3:hr>
          </ns3:TrackPointExtension>
        </extensions>
      </trkpt>
      <trkpt lat="53.61468337476253509521484375" lon="21.49686765857040882110595703125">
        <ele>131</ele>
        <time>2026-09-05T09:26:19.000Z</time>
        <extensions>
          <ns3:TrackPointExtension>
            <ns3:hr>170</ns3:hr>
          </ns3:TrackPointExtension>
        </extensions>
      </trkpt>
      <trkpt lat="53.61479963175952434539794921875" lon="21.49685659445822238922119140625">
        <ele>130.600006103515625</ele>
        <time>2026-09-05T09:26:21.000Z</time>
        <extensions>
          <ns3:TrackPointExtension>
            <ns3:hr>169</ns3:hr>
          </ns3:TrackPointExtension>
        </extensions>
      </trkpt>
      <trkpt lat="53.6149584688246250152587890625" lon="21.49682692252099514007568359375">
        <ele>130.600006103515625</ele>
        <time>2026-09-05T09:26:24.000Z</time>
        <extensions>
          <ns3:TrackPointExtension>
            <ns3:hr>169</ns3:hr>
          </ns3:TrackPointExtension>
        </extensions>
      </trkpt>
      <trkpt lat="53.61514982767403125762939453125" lon="21.49681451730430126190185546875">
        <ele>130.399993896484375</ele>
        <time>2026-09-05T09:26:28.000Z</time>
        <extensions>
          <ns3:TrackPointExtension>
            <ns3:hr>169</ns3:hr>
          </ns3:TrackPointExtension>
        </extensions>
      </trkpt>
      <trkpt lat="53.6152035556733608245849609375" lon="21.496826671063899993896484375">
        <ele>130.399993896484375</ele>
        <time>2026-09-05T09:26:29.000Z</time>
        <extensions>
          <ns3:TrackPointExtension>
            <ns3:hr>169</ns3:hr>
          </ns3:TrackPointExtension>
        </extensions>
      </trkpt>
      <trkpt lat="53.61534344963729381561279296875" lon="21.49682390503585338592529296875">
        <ele>130.1999969482421875</ele>
        <time>2026-09-05T09:26:33.000Z</time>
        <extensions>
          <ns3:TrackPointExtension>
            <ns3:hr>169</ns3:hr>
          </ns3:TrackPointExtension>
        </extensions>
      </trkpt>
      <trkpt lat="53.6155331321060657501220703125" lon="21.49681200273334980010986328125">
        <ele>130.600006103515625</ele>
        <time>2026-09-05T09:26:38.000Z</time>
        <extensions>
          <ns3:TrackPointExtension>
            <ns3:hr>168</ns3:hr>
          </ns3:TrackPointExtension>
        </extensions>
      </trkpt>
      <trkpt lat="53.615794815123081207275390625" lon="21.4968203008174896240234375">
        <ele>131.1999969482421875</ele>
        <time>2026-09-05T09:26:44.000Z</time>
        <extensions>
          <ns3:TrackPointExtension>
            <ns3:hr>167</ns3:hr>
          </ns3:TrackPointExtension>
        </extensions>
      </trkpt>
      <trkpt lat="53.61598550342023372650146484375" lon="21.49680328555405139923095703125">
        <ele>131.8000030517578125</ele>
        <time>2026-09-05T09:26:48.000Z</time>
        <extensions>
          <ns3:TrackPointExtension>
            <ns3:hr>166</ns3:hr>
          </ns3:TrackPointExtension>
        </extensions>
      </trkpt>
      <trkpt lat="53.61606261692941188812255859375" lon="21.4968154393136501312255859375">
        <ele>131.8000030517578125</ele>
        <time>2026-09-05T09:26:50.000Z</time>
        <extensions>
          <ns3:TrackPointExtension>
            <ns3:hr>166</ns3:hr>
          </ns3:TrackPointExtension>
        </extensions>
      </trkpt>
      <trkpt lat="53.61613042652606964111328125" lon="21.4968001842498779296875">
        <ele>131.8000030517578125</ele>
        <time>2026-09-05T09:26:52.000Z</time>
        <extensions>
          <ns3:TrackPointExtension>
            <ns3:hr>166</ns3:hr>
          </ns3:TrackPointExtension>
        </extensions>
      </trkpt>
      <trkpt lat="53.616313822567462921142578125" lon="21.49676263332366943359375">
        <ele>131.8000030517578125</ele>
        <time>2026-09-05T09:26:57.000Z</time>
        <extensions>
          <ns3:TrackPointExtension>
            <ns3:hr>167</ns3:hr>
          </ns3:TrackPointExtension>
        </extensions>
      </trkpt>
      <trkpt lat="53.61652613617479801177978515625" lon="21.49670924060046672821044921875">
        <ele>132.600006103515625</ele>
        <time>2026-09-05T09:27:02.000Z</time>
        <extensions>
          <ns3:TrackPointExtension>
            <ns3:hr>166</ns3:hr>
          </ns3:TrackPointExtension>
        </extensions>
      </trkpt>
      <trkpt lat="53.61670919694006443023681640625" lon="21.4966716058552265167236328125">
        <ele>132.600006103515625</ele>
        <time>2026-09-05T09:27:07.000Z</time>
        <extensions>
          <ns3:TrackPointExtension>
            <ns3:hr>166</ns3:hr>
          </ns3:TrackPointExtension>
        </extensions>
      </trkpt>
      <trkpt lat="53.6169008910655975341796875" lon="21.49658937938511371612548828125">
        <ele>132.399993896484375</ele>
        <time>2026-09-05T09:27:12.000Z</time>
        <extensions>
          <ns3:TrackPointExtension>
            <ns3:hr>166</ns3:hr>
          </ns3:TrackPointExtension>
        </extensions>
      </trkpt>
      <trkpt lat="53.61707313917577266693115234375" lon="21.4965167082846164703369140625">
        <ele>132.399993896484375</ele>
        <time>2026-09-05T09:27:16.000Z</time>
        <extensions>
          <ns3:TrackPointExtension>
            <ns3:hr>166</ns3:hr>
          </ns3:TrackPointExtension>
        </extensions>
      </trkpt>
      <trkpt lat="53.61722770147025585174560546875" lon="21.49646029807627201080322265625">
        <ele>132.399993896484375</ele>
        <time>2026-09-05T09:27:20.000Z</time>
        <extensions>
          <ns3:TrackPointExtension>
            <ns3:hr>167</ns3:hr>
          </ns3:TrackPointExtension>
        </extensions>
      </trkpt>
      <trkpt lat="53.61731420271098613739013671875" lon="21.49642475880682468414306640625">
        <ele>132.600006103515625</ele>
        <time>2026-09-05T09:27:22.000Z</time>
        <extensions>
          <ns3:TrackPointExtension>
            <ns3:hr>166</ns3:hr>
          </ns3:TrackPointExtension>
        </extensions>
      </trkpt>
      <trkpt lat="53.6173929087817668914794921875" lon="21.49639927782118320465087890625">
        <ele>132.600006103515625</ele>
        <time>2026-09-05T09:27:24.000Z</time>
        <extensions>
          <ns3:TrackPointExtension>
            <ns3:hr>166</ns3:hr>
          </ns3:TrackPointExtension>
        </extensions>
      </trkpt>
      <trkpt lat="53.61766657792031764984130859375" lon="21.49630808271467685699462890625">
        <ele>132.8000030517578125</ele>
        <time>2026-09-05T09:27:31.000Z</time>
        <extensions>
          <ns3:TrackPointExtension>
            <ns3:hr>168</ns3:hr>
          </ns3:TrackPointExtension>
        </extensions>
      </trkpt>
      <trkpt lat="53.61776062287390232086181640625" lon="21.49626349098980426788330078125">
        <ele>133</ele>
        <time>2026-09-05T09:27:33.000Z</time>
        <extensions>
          <ns3:TrackPointExtension>
            <ns3:hr>168</ns3:hr>
          </ns3:TrackPointExtension>
        </extensions>
      </trkpt>
      <trkpt lat="53.617848046123981475830078125" lon="21.49623650126159191131591796875">
        <ele>133</ele>
        <time>2026-09-05T09:27:35.000Z</time>
        <extensions>
          <ns3:TrackPointExtension>
            <ns3:hr>168</ns3:hr>
          </ns3:TrackPointExtension>
        </extensions>
      </trkpt>
      <trkpt lat="53.61789389513432979583740234375" lon="21.4962116070091724395751953125">
        <ele>133</ele>
        <time>2026-09-05T09:27:36.000Z</time>
        <extensions>
          <ns3:TrackPointExtension>
            <ns3:hr>168</ns3:hr>
          </ns3:TrackPointExtension>
        </extensions>
      </trkpt>
      <trkpt lat="53.61802314408123493194580078125" lon="21.49613072164356708526611328125">
        <ele>133</ele>
        <time>2026-09-05T09:27:39.000Z</time>
        <extensions>
          <ns3:TrackPointExtension>
            <ns3:hr>169</ns3:hr>
          </ns3:TrackPointExtension>
        </extensions>
      </trkpt>
      <trkpt lat="53.61828633584082126617431640625" lon="21.4960406161844730377197265625">
        <ele>133.1999969482421875</ele>
        <time>2026-09-05T09:27:45.000Z</time>
        <extensions>
          <ns3:TrackPointExtension>
            <ns3:hr>169</ns3:hr>
          </ns3:TrackPointExtension>
        </extensions>
      </trkpt>
      <trkpt lat="53.61845648847520351409912109375" lon="21.495992839336395263671875">
        <ele>133.1999969482421875</ele>
        <time>2026-09-05T09:27:49.000Z</time>
        <extensions>
          <ns3:TrackPointExtension>
            <ns3:hr>170</ns3:hr>
          </ns3:TrackPointExtension>
        </extensions>
      </trkpt>
      <trkpt lat="53.61860216595232486724853515625" lon="21.4959396980702877044677734375">
        <ele>132.600006103515625</ele>
        <time>2026-09-05T09:27:53.000Z</time>
        <extensions>
          <ns3:TrackPointExtension>
            <ns3:hr>170</ns3:hr>
          </ns3:TrackPointExtension>
        </extensions>
      </trkpt>
      <trkpt lat="53.6187645234167575836181640625" lon="21.49590206332504749298095703125">
        <ele>131.8000030517578125</ele>
        <time>2026-09-05T09:27:57.000Z</time>
        <extensions>
          <ns3:TrackPointExtension>
            <ns3:hr>170</ns3:hr>
          </ns3:TrackPointExtension>
        </extensions>
      </trkpt>
      <trkpt lat="53.618815653026103973388671875" lon="21.49587557651102542877197265625">
        <ele>131.600006103515625</ele>
        <time>2026-09-05T09:27:58.000Z</time>
        <extensions>
          <ns3:TrackPointExtension>
            <ns3:hr>170</ns3:hr>
          </ns3:TrackPointExtension>
        </extensions>
      </trkpt>
      <trkpt lat="53.6190069280564785003662109375" lon="21.49580801837146282196044921875">
        <ele>130.600006103515625</ele>
        <time>2026-09-05T09:28:01.000Z</time>
        <extensions>
          <ns3:TrackPointExtension>
            <ns3:hr>169</ns3:hr>
          </ns3:TrackPointExtension>
        </extensions>
      </trkpt>
      <trkpt lat="53.61908982507884502410888671875" lon="21.49576040916144847869873046875">
        <ele>130.1999969482421875</ele>
        <time>2026-09-05T09:28:03.000Z</time>
        <extensions>
          <ns3:TrackPointExtension>
            <ns3:hr>170</ns3:hr>
          </ns3:TrackPointExtension>
        </extensions>
      </trkpt>
      <trkpt lat="53.619395680725574493408203125" lon="21.4956275559961795806884765625">
        <ele>129.8000030517578125</ele>
        <time>2026-09-05T09:28:08.000Z</time>
        <extensions>
          <ns3:TrackPointExtension>
            <ns3:hr>169</ns3:hr>
          </ns3:TrackPointExtension>
        </extensions>
      </trkpt>
      <trkpt lat="53.619506321847438812255859375" lon="21.49558824487030506134033203125">
        <ele>129</ele>
        <time>2026-09-05T09:28:10.000Z</time>
        <extensions>
          <ns3:TrackPointExtension>
            <ns3:hr>168</ns3:hr>
          </ns3:TrackPointExtension>
        </extensions>
      </trkpt>
      <trkpt lat="53.61961587332189083099365234375" lon="21.49558371864259243011474609375">
        <ele>128.1999969482421875</ele>
        <time>2026-09-05T09:28:12.000Z</time>
        <extensions>
          <ns3:TrackPointExtension>
            <ns3:hr>167</ns3:hr>
          </ns3:TrackPointExtension>
        </extensions>
      </trkpt>
      <trkpt lat="53.6197669990360736846923828125" lon="21.4956401288509368896484375">
        <ele>128.1999969482421875</ele>
        <time>2026-09-05T09:28:14.000Z</time>
        <extensions>
          <ns3:TrackPointExtension>
            <ns3:hr>168</ns3:hr>
          </ns3:TrackPointExtension>
        </extensions>
      </trkpt>
      <trkpt lat="53.61988191492855548858642578125" lon="21.49571363814175128936767578125">
        <ele>128.1999969482421875</ele>
        <time>2026-09-05T09:28:16.000Z</time>
        <extensions>
          <ns3:TrackPointExtension>
            <ns3:hr>168</ns3:hr>
          </ns3:TrackPointExtension>
        </extensions>
      </trkpt>
      <trkpt lat="53.6200325377285480499267578125" lon="21.49583333171904087066650390625">
        <ele>129</ele>
        <time>2026-09-05T09:28:18.000Z</time>
        <extensions>
          <ns3:TrackPointExtension>
            <ns3:hr>168</ns3:hr>
          </ns3:TrackPointExtension>
        </extensions>
      </trkpt>
      <trkpt lat="53.6200969107449054718017578125" lon="21.4958887360990047454833984375">
        <ele>128.600006103515625</ele>
        <time>2026-09-05T09:28:19.000Z</time>
        <extensions>
          <ns3:TrackPointExtension>
            <ns3:hr>168</ns3:hr>
          </ns3:TrackPointExtension>
        </extensions>
      </trkpt>
      <trkpt lat="53.62016044557094573974609375" lon="21.49594129063189029693603515625">
        <ele>128.600006103515625</ele>
        <time>2026-09-05T09:28:20.000Z</time>
        <extensions>
          <ns3:TrackPointExtension>
            <ns3:hr>168</ns3:hr>
          </ns3:TrackPointExtension>
        </extensions>
      </trkpt>
      <trkpt lat="53.62028424628078937530517578125" lon="21.496070958673954010009765625">
        <ele>128.1999969482421875</ele>
        <time>2026-09-05T09:28:22.000Z</time>
        <extensions>
          <ns3:TrackPointExtension>
            <ns3:hr>168</ns3:hr>
          </ns3:TrackPointExtension>
        </extensions>
      </trkpt>
      <trkpt lat="53.6203339509665966033935546875" lon="21.4961267821490764617919921875">
        <ele>127.59999847412109375</ele>
        <time>2026-09-05T09:28:23.000Z</time>
        <extensions>
          <ns3:TrackPointExtension>
            <ns3:hr>168</ns3:hr>
          </ns3:TrackPointExtension>
        </extensions>
      </trkpt>
      <trkpt lat="53.6204469390213489532470703125" lon="21.496335156261920928955078125">
        <ele>127.40000152587890625</ele>
        <time>2026-09-05T09:28:26.000Z</time>
        <extensions>
          <ns3:TrackPointExtension>
            <ns3:hr>168</ns3:hr>
          </ns3:TrackPointExtension>
        </extensions>
      </trkpt>
      <trkpt lat="53.620510809123516082763671875" lon="21.496486701071262359619140625">
        <ele>127.40000152587890625</ele>
        <time>2026-09-05T09:28:28.000Z</time>
        <extensions>
          <ns3:TrackPointExtension>
            <ns3:hr>168</ns3:hr>
          </ns3:TrackPointExtension>
        </extensions>
      </trkpt>
      <trkpt lat="53.6205776967108249664306640625" lon="21.49663858115673065185546875">
        <ele>127.59999847412109375</ele>
        <time>2026-09-05T09:28:30.000Z</time>
        <extensions>
          <ns3:TrackPointExtension>
            <ns3:hr>168</ns3:hr>
          </ns3:TrackPointExtension>
        </extensions>
      </trkpt>
      <trkpt lat="53.6206517927348613739013671875" lon="21.49680479429662227630615234375">
        <ele>127.8000030517578125</ele>
        <time>2026-09-05T09:28:32.000Z</time>
        <extensions>
          <ns3:TrackPointExtension>
            <ns3:hr>168</ns3:hr>
          </ns3:TrackPointExtension>
        </extensions>
      </trkpt>
      <trkpt lat="53.62072111107409000396728515625" lon="21.496956758201122283935546875">
        <ele>128.1999969482421875</ele>
        <time>2026-09-05T09:28:34.000Z</time>
        <extensions>
          <ns3:TrackPointExtension>
            <ns3:hr>168</ns3:hr>
          </ns3:TrackPointExtension>
        </extensions>
      </trkpt>
      <trkpt lat="53.6207919381558895111083984375" lon="21.497102938592433929443359375">
        <ele>128.600006103515625</ele>
        <time>2026-09-05T09:28:36.000Z</time>
        <extensions>
          <ns3:TrackPointExtension>
            <ns3:hr>168</ns3:hr>
          </ns3:TrackPointExtension>
        </extensions>
      </trkpt>
      <trkpt lat="53.62085404805839061737060546875" lon="21.49722472764551639556884765625">
        <ele>128.600006103515625</ele>
        <time>2026-09-05T09:28:38.000Z</time>
        <extensions>
          <ns3:TrackPointExtension>
            <ns3:hr>168</ns3:hr>
          </ns3:TrackPointExtension>
        </extensions>
      </trkpt>
      <trkpt lat="53.6209146492183208465576171875" lon="21.49740510620176792144775390625">
        <ele>128.600006103515625</ele>
        <time>2026-09-05T09:28:41.000Z</time>
        <extensions>
          <ns3:TrackPointExtension>
            <ns3:hr>166</ns3:hr>
          </ns3:TrackPointExtension>
        </extensions>
      </trkpt>
      <trkpt lat="53.62093426287174224853515625" lon="21.4974618516862392425537109375">
        <ele>129.1999969482421875</ele>
        <time>2026-09-05T09:28:42.000Z</time>
        <extensions>
          <ns3:TrackPointExtension>
            <ns3:hr>166</ns3:hr>
          </ns3:TrackPointExtension>
        </extensions>
      </trkpt>
      <trkpt lat="53.6209890805184841156005859375" lon="21.49764197878539562225341796875">
        <ele>130</ele>
        <time>2026-09-05T09:28:45.000Z</time>
        <extensions>
          <ns3:TrackPointExtension>
            <ns3:hr>167</ns3:hr>
          </ns3:TrackPointExtension>
        </extensions>
      </trkpt>
      <trkpt lat="53.62105169333517551422119140625" lon="21.49785353802144527435302734375">
        <ele>130.1999969482421875</ele>
        <time>2026-09-05T09:28:49.000Z</time>
        <extensions>
          <ns3:TrackPointExtension>
            <ns3:hr>166</ns3:hr>
          </ns3:TrackPointExtension>
        </extensions>
      </trkpt>
      <trkpt lat="53.62112411297857761383056640625" lon="21.4980881474912166595458984375">
        <ele>130.600006103515625</ele>
        <time>2026-09-05T09:28:53.000Z</time>
        <extensions>
          <ns3:TrackPointExtension>
            <ns3:hr>167</ns3:hr>
          </ns3:TrackPointExtension>
        </extensions>
      </trkpt>
      <trkpt lat="53.62114054150879383087158203125" lon="21.49814623408019542694091796875">
        <ele>131.1999969482421875</ele>
        <time>2026-09-05T09:28:54.000Z</time>
        <extensions>
          <ns3:TrackPointExtension>
            <ns3:hr>167</ns3:hr>
          </ns3:TrackPointExtension>
        </extensions>
      </trkpt>
      <trkpt lat="53.62119401805102825164794921875" lon="21.4982700347900390625">
        <ele>131.600006103515625</ele>
        <time>2026-09-05T09:28:57.000Z</time>
        <extensions>
          <ns3:TrackPointExtension>
            <ns3:hr>167</ns3:hr>
          </ns3:TrackPointExtension>
        </extensions>
      </trkpt>
      <trkpt lat="53.62125671468675136566162109375" lon="21.49839785881340503692626953125">
        <ele>131.600006103515625</ele>
        <time>2026-09-05T09:29:00.000Z</time>
        <extensions>
          <ns3:TrackPointExtension>
            <ns3:hr>167</ns3:hr>
          </ns3:TrackPointExtension>
        </extensions>
      </trkpt>
      <trkpt lat="53.62132913433015346527099609375" lon="21.49859215132892131805419921875">
        <ele>131.8000030517578125</ele>
        <time>2026-09-05T09:29:04.000Z</time>
        <extensions>
          <ns3:TrackPointExtension>
            <ns3:hr>167</ns3:hr>
          </ns3:TrackPointExtension>
        </extensions>
      </trkpt>
      <trkpt lat="53.6213801801204681396484375" lon="21.49873682297766208648681640625">
        <ele>132.1999969482421875</ele>
        <time>2026-09-05T09:29:07.000Z</time>
        <extensions>
          <ns3:TrackPointExtension>
            <ns3:hr>167</ns3:hr>
          </ns3:TrackPointExtension>
        </extensions>
      </trkpt>
      <trkpt lat="53.62139694392681121826171875" lon="21.49880203418433666229248046875">
        <ele>132.1999969482421875</ele>
        <time>2026-09-05T09:29:08.000Z</time>
        <extensions>
          <ns3:TrackPointExtension>
            <ns3:hr>167</ns3:hr>
          </ns3:TrackPointExtension>
        </extensions>
      </trkpt>
      <trkpt lat="53.62147447653114795684814453125" lon="21.49903370998799800872802734375">
        <ele>131.8000030517578125</ele>
        <time>2026-09-05T09:29:12.000Z</time>
        <extensions>
          <ns3:TrackPointExtension>
            <ns3:hr>168</ns3:hr>
          </ns3:TrackPointExtension>
        </extensions>
      </trkpt>
      <trkpt lat="53.6215634085237979888916015625" lon="21.49932271800935268402099609375">
        <ele>131.1999969482421875</ele>
        <time>2026-09-05T09:29:17.000Z</time>
        <extensions>
          <ns3:TrackPointExtension>
            <ns3:hr>168</ns3:hr>
          </ns3:TrackPointExtension>
        </extensions>
      </trkpt>
      <trkpt lat="53.6215845309197902679443359375" lon="21.499364376068115234375">
        <ele>131.1999969482421875</ele>
        <time>2026-09-05T09:29:18.000Z</time>
        <extensions>
          <ns3:TrackPointExtension>
            <ns3:hr>168</ns3:hr>
          </ns3:TrackPointExtension>
        </extensions>
      </trkpt>
      <trkpt lat="53.62163960002362728118896484375" lon="21.49953930638730525970458984375">
        <ele>130.600006103515625</ele>
        <time>2026-09-05T09:29:21.000Z</time>
        <extensions>
          <ns3:TrackPointExtension>
            <ns3:hr>169</ns3:hr>
          </ns3:TrackPointExtension>
        </extensions>
      </trkpt>
      <trkpt lat="53.62166021950542926788330078125" lon="21.49961088784039020538330078125">
        <ele>130.600006103515625</ele>
        <time>2026-09-05T09:29:22.000Z</time>
        <extensions>
          <ns3:TrackPointExtension>
            <ns3:hr>169</ns3:hr>
          </ns3:TrackPointExtension>
        </extensions>
      </trkpt>
      <trkpt lat="53.6217069067060947418212890625" lon="21.49972379207611083984375">
        <ele>130.399993896484375</ele>
        <time>2026-09-05T09:29:24.000Z</time>
        <extensions>
          <ns3:TrackPointExtension>
            <ns3:hr>169</ns3:hr>
          </ns3:TrackPointExtension>
        </extensions>
      </trkpt>
      <trkpt lat="53.62176398746669292449951171875" lon="21.499853543937206268310546875">
        <ele>130</ele>
        <time>2026-09-05T09:29:26.000Z</time>
        <extensions>
          <ns3:TrackPointExtension>
            <ns3:hr>169</ns3:hr>
          </ns3:TrackPointExtension>
        </extensions>
      </trkpt>
      <trkpt lat="53.621884100139141082763671875" lon="21.50005294941365718841552734375">
        <ele>130.600006103515625</ele>
        <time>2026-09-05T09:29:30.000Z</time>
        <extensions>
          <ns3:TrackPointExtension>
            <ns3:hr>168</ns3:hr>
          </ns3:TrackPointExtension>
        </extensions>
      </trkpt>
      <trkpt lat="53.62205115146934986114501953125" lon="21.5002754889428615570068359375">
        <ele>130.600006103515625</ele>
        <time>2026-09-05T09:29:35.000Z</time>
        <extensions>
          <ns3:TrackPointExtension>
            <ns3:hr>168</ns3:hr>
          </ns3:TrackPointExtension>
        </extensions>
      </trkpt>
      <trkpt lat="53.62216196022927761077880859375" lon="21.50039275176823139190673828125">
        <ele>130.600006103515625</ele>
        <time>2026-09-05T09:29:38.000Z</time>
        <extensions>
          <ns3:TrackPointExtension>
            <ns3:hr>168</ns3:hr>
          </ns3:TrackPointExtension>
        </extensions>
      </trkpt>
      <trkpt lat="53.6222034506499767303466796875" lon="21.500418148934841156005859375">
        <ele>130.600006103515625</ele>
        <time>2026-09-05T09:29:39.000Z</time>
        <extensions>
          <ns3:TrackPointExtension>
            <ns3:hr>168</ns3:hr>
          </ns3:TrackPointExtension>
        </extensions>
      </trkpt>
      <trkpt lat="53.6223546601831912994384765625" lon="21.50053457356989383697509765625">
        <ele>131</ele>
        <time>2026-09-05T09:29:44.000Z</time>
        <extensions>
          <ns3:TrackPointExtension>
            <ns3:hr>168</ns3:hr>
          </ns3:TrackPointExtension>
        </extensions>
      </trkpt>
      <trkpt lat="53.62247058190405368804931640625" lon="21.50066164322197437286376953125">
        <ele>131.1999969482421875</ele>
        <time>2026-09-05T09:29:48.000Z</time>
        <extensions>
          <ns3:TrackPointExtension>
            <ns3:hr>168</ns3:hr>
          </ns3:TrackPointExtension>
        </extensions>
      </trkpt>
      <trkpt lat="53.6225013434886932373046875" lon="21.50069416500627994537353515625">
        <ele>131.1999969482421875</ele>
        <time>2026-09-05T09:29:49.000Z</time>
        <extensions>
          <ns3:TrackPointExtension>
            <ns3:hr>168</ns3:hr>
          </ns3:TrackPointExtension>
        </extensions>
      </trkpt>
      <trkpt lat="53.62264727242290973663330078125" lon="21.50084101594984531402587890625">
        <ele>131</ele>
        <time>2026-09-05T09:29:53.000Z</time>
        <extensions>
          <ns3:TrackPointExtension>
            <ns3:hr>168</ns3:hr>
          </ns3:TrackPointExtension>
        </extensions>
      </trkpt>
      <trkpt lat="53.62277652136981487274169921875" lon="21.50097998790442943572998046875">
        <ele>130.600006103515625</ele>
        <time>2026-09-05T09:29:57.000Z</time>
        <extensions>
          <ns3:TrackPointExtension>
            <ns3:hr>168</ns3:hr>
          </ns3:TrackPointExtension>
        </extensions>
      </trkpt>
      <trkpt lat="53.62290493212640285491943359375" lon="21.5011217258870601654052734375">
        <ele>131.1999969482421875</ele>
        <time>2026-09-05T09:30:02.000Z</time>
        <extensions>
          <ns3:TrackPointExtension>
            <ns3:hr>167</ns3:hr>
          </ns3:TrackPointExtension>
        </extensions>
      </trkpt>
      <trkpt lat="53.62302747555077075958251953125" lon="21.501265726983547210693359375">
        <ele>131</ele>
        <time>2026-09-05T09:30:06.000Z</time>
        <extensions>
          <ns3:TrackPointExtension>
            <ns3:hr>166</ns3:hr>
          </ns3:TrackPointExtension>
        </extensions>
      </trkpt>
      <trkpt lat="53.623142726719379425048828125" lon="21.50139321573078632354736328125">
        <ele>131.1999969482421875</ele>
        <time>2026-09-05T09:30:09.000Z</time>
        <extensions>
          <ns3:TrackPointExtension>
            <ns3:hr>167</ns3:hr>
          </ns3:TrackPointExtension>
        </extensions>
      </trkpt>
      <trkpt lat="53.6231811158359050750732421875" lon="21.50142841972410678863525390625">
        <ele>131.600006103515625</ele>
        <time>2026-09-05T09:30:10.000Z</time>
        <extensions>
          <ns3:TrackPointExtension>
            <ns3:hr>167</ns3:hr>
          </ns3:TrackPointExtension>
        </extensions>
      </trkpt>
      <trkpt lat="53.62334280274808406829833984375" lon="21.5015840716660022735595703125">
        <ele>131.8000030517578125</ele>
        <time>2026-09-05T09:30:14.000Z</time>
        <extensions>
          <ns3:TrackPointExtension>
            <ns3:hr>168</ns3:hr>
          </ns3:TrackPointExtension>
        </extensions>
      </trkpt>
      <trkpt lat="53.62337012775242328643798828125" lon="21.50161852128803730010986328125">
        <ele>132.1999969482421875</ele>
        <time>2026-09-05T09:30:15.000Z</time>
        <extensions>
          <ns3:TrackPointExtension>
            <ns3:hr>169</ns3:hr>
          </ns3:TrackPointExtension>
        </extensions>
      </trkpt>
      <trkpt lat="53.62340667285025119781494140625" lon="21.5016554854810237884521484375">
        <ele>132.1999969482421875</ele>
        <time>2026-09-05T09:30:16.000Z</time>
        <extensions>
          <ns3:TrackPointExtension>
            <ns3:hr>169</ns3:hr>
          </ns3:TrackPointExtension>
        </extensions>
      </trkpt>
      <trkpt lat="53.6234414577484130859375" lon="21.50168289430439472198486328125">
        <ele>132.399993896484375</ele>
        <time>2026-09-05T09:30:17.000Z</time>
        <extensions>
          <ns3:TrackPointExtension>
            <ns3:hr>170</ns3:hr>
          </ns3:TrackPointExtension>
        </extensions>
      </trkpt>
      <trkpt lat="53.62346467562019824981689453125" lon="21.50171776302158832550048828125">
        <ele>132.600006103515625</ele>
        <time>2026-09-05T09:30:18.000Z</time>
        <extensions>
          <ns3:TrackPointExtension>
            <ns3:hr>170</ns3:hr>
          </ns3:TrackPointExtension>
        </extensions>
      </trkpt>
      <trkpt lat="53.6235274560749530792236328125" lon="21.501786075532436370849609375">
        <ele>132.8000030517578125</ele>
        <time>2026-09-05T09:30:20.000Z</time>
        <extensions>
          <ns3:TrackPointExtension>
            <ns3:hr>170</ns3:hr>
          </ns3:TrackPointExtension>
        </extensions>
      </trkpt>
      <trkpt lat="53.6235566250979900360107421875" lon="21.5018237940967082977294921875">
        <ele>133</ele>
        <time>2026-09-05T09:30:21.000Z</time>
        <extensions>
          <ns3:TrackPointExtension>
            <ns3:hr>169</ns3:hr>
          </ns3:TrackPointExtension>
        </extensions>
      </trkpt>
      <trkpt lat="53.62361571751534938812255859375" lon="21.50188959203660488128662109375">
        <ele>133.1999969482421875</ele>
        <time>2026-09-05T09:30:23.000Z</time>
        <extensions>
          <ns3:TrackPointExtension>
            <ns3:hr>170</ns3:hr>
          </ns3:TrackPointExtension>
        </extensions>
      </trkpt>
      <trkpt lat="53.623642623424530029296875" lon="21.501922197639942169189453125">
        <ele>133.600006103515625</ele>
        <time>2026-09-05T09:30:24.000Z</time>
        <extensions>
          <ns3:TrackPointExtension>
            <ns3:hr>170</ns3:hr>
          </ns3:TrackPointExtension>
        </extensions>
      </trkpt>
      <trkpt lat="53.62370104528963565826416015625" lon="21.50199763476848602294921875">
        <ele>133.8000030517578125</ele>
        <time>2026-09-05T09:30:26.000Z</time>
        <extensions>
          <ns3:TrackPointExtension>
            <ns3:hr>171</ns3:hr>
          </ns3:TrackPointExtension>
        </extensions>
      </trkpt>
      <trkpt lat="53.6237359978258609771728515625" lon="21.50204448960721492767333984375">
        <ele>133.600006103515625</ele>
        <time>2026-09-05T09:30:27.000Z</time>
        <extensions>
          <ns3:TrackPointExtension>
            <ns3:hr>171</ns3:hr>
          </ns3:TrackPointExtension>
        </extensions>
      </trkpt>
      <trkpt lat="53.6238208226859569549560546875" lon="21.5021265484392642974853515625">
        <ele>133.8000030517578125</ele>
        <time>2026-09-05T09:30:30.000Z</time>
        <extensions>
          <ns3:TrackPointExtension>
            <ns3:hr>171</ns3:hr>
          </ns3:TrackPointExtension>
        </extensions>
      </trkpt>
      <trkpt lat="53.62390506081283092498779296875" lon="21.50226526893675327301025390625">
        <ele>134.399993896484375</ele>
        <time>2026-09-05T09:30:33.000Z</time>
        <extensions>
          <ns3:TrackPointExtension>
            <ns3:hr>171</ns3:hr>
          </ns3:TrackPointExtension>
        </extensions>
      </trkpt>
      <trkpt lat="53.6239576153457164764404296875" lon="21.5023414604365825653076171875">
        <ele>134.399993896484375</ele>
        <time>2026-09-05T09:30:35.000Z</time>
        <extensions>
          <ns3:TrackPointExtension>
            <ns3:hr>171</ns3:hr>
          </ns3:TrackPointExtension>
        </extensions>
      </trkpt>
      <trkpt lat="53.62398183904588222503662109375" lon="21.50237926281988620758056640625">
        <ele>134.399993896484375</ele>
        <time>2026-09-05T09:30:36.000Z</time>
        <extensions>
          <ns3:TrackPointExtension>
            <ns3:hr>172</ns3:hr>
          </ns3:TrackPointExtension>
        </extensions>
      </trkpt>
      <trkpt lat="53.62403933890163898468017578125" lon="21.502462662756443023681640625">
        <ele>134.399993896484375</ele>
        <time>2026-09-05T09:30:38.000Z</time>
        <extensions>
          <ns3:TrackPointExtension>
            <ns3:hr>173</ns3:hr>
          </ns3:TrackPointExtension>
        </extensions>
      </trkpt>
      <trkpt lat="53.6240638978779315948486328125" lon="21.5024946816265583038330078125">
        <ele>134.399993896484375</ele>
        <time>2026-09-05T09:30:39.000Z</time>
        <extensions>
          <ns3:TrackPointExtension>
            <ns3:hr>173</ns3:hr>
          </ns3:TrackPointExtension>
        </extensions>
      </trkpt>
      <trkpt lat="53.62411326728761196136474609375" lon="21.50259719230234622955322265625">
        <ele>134.399993896484375</ele>
        <time>2026-09-05T09:30:41.000Z</time>
        <extensions>
          <ns3:TrackPointExtension>
            <ns3:hr>174</ns3:hr>
          </ns3:TrackPointExtension>
        </extensions>
      </trkpt>
      <trkpt lat="53.62413623370230197906494140625" lon="21.50264027528464794158935546875">
        <ele>134.399993896484375</ele>
        <time>2026-09-05T09:30:42.000Z</time>
        <extensions>
          <ns3:TrackPointExtension>
            <ns3:hr>174</ns3:hr>
          </ns3:TrackPointExtension>
        </extensions>
      </trkpt>
      <trkpt lat="53.62423245795071125030517578125" lon="21.50280321948230266571044921875">
        <ele>134.399993896484375</ele>
        <time>2026-09-05T09:30:45.000Z</time>
        <extensions>
          <ns3:TrackPointExtension>
            <ns3:hr>173</ns3:hr>
          </ns3:TrackPointExtension>
        </extensions>
      </trkpt>
      <trkpt lat="53.62430403940379619598388671875" lon="21.50290983729064464569091796875">
        <ele>134.399993896484375</ele>
        <time>2026-09-05T09:30:47.000Z</time>
        <extensions>
          <ns3:TrackPointExtension>
            <ns3:hr>174</ns3:hr>
          </ns3:TrackPointExtension>
        </extensions>
      </trkpt>
      <trkpt lat="53.624375201761722564697265625" lon="21.50298862718045711517333984375">
        <ele>134.399993896484375</ele>
        <time>2026-09-05T09:30:49.000Z</time>
        <extensions>
          <ns3:TrackPointExtension>
            <ns3:hr>174</ns3:hr>
          </ns3:TrackPointExtension>
        </extensions>
      </trkpt>
      <trkpt lat="53.62439967691898345947265625" lon="21.50304629467427730560302734375">
        <ele>134.600006103515625</ele>
        <time>2026-09-05T09:30:50.000Z</time>
        <extensions>
          <ns3:TrackPointExtension>
            <ns3:hr>174</ns3:hr>
          </ns3:TrackPointExtension>
        </extensions>
      </trkpt>
      <trkpt lat="53.62445407547056674957275390625" lon="21.5031434409320354461669921875">
        <ele>134.399993896484375</ele>
        <time>2026-09-05T09:30:52.000Z</time>
        <extensions>
          <ns3:TrackPointExtension>
            <ns3:hr>175</ns3:hr>
          </ns3:TrackPointExtension>
        </extensions>
      </trkpt>
      <trkpt lat="53.624485842883586883544921875" lon="21.503204964101314544677734375">
        <ele>134.600006103515625</ele>
        <time>2026-09-05T09:30:53.000Z</time>
        <extensions>
          <ns3:TrackPointExtension>
            <ns3:hr>175</ns3:hr>
          </ns3:TrackPointExtension>
        </extensions>
      </trkpt>
      <trkpt lat="53.62455130554735660552978515625" lon="21.5032983385026454925537109375">
        <ele>134.399993896484375</ele>
        <time>2026-09-05T09:30:55.000Z</time>
        <extensions>
          <ns3:TrackPointExtension>
            <ns3:hr>175</ns3:hr>
          </ns3:TrackPointExtension>
        </extensions>
      </trkpt>
      <trkpt lat="53.62466789782047271728515625" lon="21.50351107120513916015625">
        <ele>134.8000030517578125</ele>
        <time>2026-09-05T09:30:59.000Z</time>
        <extensions>
          <ns3:TrackPointExtension>
            <ns3:hr>176</ns3:hr>
          </ns3:TrackPointExtension>
        </extensions>
      </trkpt>
      <trkpt lat="53.62482153810560703277587890625" lon="21.503737382590770721435546875">
        <ele>134.399993896484375</ele>
        <time>2026-09-05T09:31:04.000Z</time>
        <extensions>
          <ns3:TrackPointExtension>
            <ns3:hr>175</ns3:hr>
          </ns3:TrackPointExtension>
        </extensions>
      </trkpt>
      <trkpt lat="53.62493083812296390533447265625" lon="21.50390996597707271575927734375">
        <ele>134</ele>
        <time>2026-09-05T09:31:07.000Z</time>
        <extensions>
          <ns3:TrackPointExtension>
            <ns3:hr>175</ns3:hr>
          </ns3:TrackPointExtension>
        </extensions>
      </trkpt>
      <trkpt lat="53.6250519566237926483154296875" lon="21.50406922213733196258544921875">
        <ele>133.600006103515625</ele>
        <time>2026-09-05T09:31:10.000Z</time>
        <extensions>
          <ns3:TrackPointExtension>
            <ns3:hr>175</ns3:hr>
          </ns3:TrackPointExtension>
        </extensions>
      </trkpt>
      <trkpt lat="53.62523459829390048980712890625" lon="21.5043417178094387054443359375">
        <ele>133.8000030517578125</ele>
        <time>2026-09-05T09:31:15.000Z</time>
        <extensions>
          <ns3:TrackPointExtension>
            <ns3:hr>174</ns3:hr>
          </ns3:TrackPointExtension>
        </extensions>
      </trkpt>
      <trkpt lat="53.62531824968755245208740234375" lon="21.50446602143347263336181640625">
        <ele>133.1999969482421875</ele>
        <time>2026-09-05T09:31:18.000Z</time>
        <extensions>
          <ns3:TrackPointExtension>
            <ns3:hr>173</ns3:hr>
          </ns3:TrackPointExtension>
        </extensions>
      </trkpt>
      <trkpt lat="53.62548865377902984619140625" lon="21.5046850405633449554443359375">
        <ele>132.8000030517578125</ele>
        <time>2026-09-05T09:31:22.000Z</time>
        <extensions>
          <ns3:TrackPointExtension>
            <ns3:hr>170</ns3:hr>
          </ns3:TrackPointExtension>
        </extensions>
      </trkpt>
      <trkpt lat="53.62569074146449565887451171875" lon="21.50491411797702312469482421875">
        <ele>132.600006103515625</ele>
        <time>2026-09-05T09:31:25.000Z</time>
        <extensions>
          <ns3:TrackPointExtension>
            <ns3:hr>171</ns3:hr>
          </ns3:TrackPointExtension>
        </extensions>
      </trkpt>
      <trkpt lat="53.6257409490644931793212890625" lon="21.50498385541141033172607421875">
        <ele>132.399993896484375</ele>
        <time>2026-09-05T09:31:26.000Z</time>
        <extensions>
          <ns3:TrackPointExtension>
            <ns3:hr>171</ns3:hr>
          </ns3:TrackPointExtension>
        </extensions>
      </trkpt>
      <trkpt lat="53.62582166679203510284423828125" lon="21.50509801693260669708251953125">
        <ele>132.1999969482421875</ele>
        <time>2026-09-05T09:31:28.000Z</time>
        <extensions>
          <ns3:TrackPointExtension>
            <ns3:hr>167</ns3:hr>
          </ns3:TrackPointExtension>
        </extensions>
      </trkpt>
      <trkpt lat="53.62589098513126373291015625" lon="21.5052171237766742706298828125">
        <ele>131.8000030517578125</ele>
        <time>2026-09-05T09:31:30.000Z</time>
        <extensions>
          <ns3:TrackPointExtension>
            <ns3:hr>166</ns3:hr>
          </ns3:TrackPointExtension>
        </extensions>
      </trkpt>
      <trkpt lat="53.6259305477142333984375" lon="21.50527806021273136138916015625">
        <ele>131.8000030517578125</ele>
        <time>2026-09-05T09:31:31.000Z</time>
        <extensions>
          <ns3:TrackPointExtension>
            <ns3:hr>167</ns3:hr>
          </ns3:TrackPointExtension>
        </extensions>
      </trkpt>
      <trkpt lat="53.62597371451556682586669921875" lon="21.50532759726047515869140625">
        <ele>131.8000030517578125</ele>
        <time>2026-09-05T09:31:32.000Z</time>
        <extensions>
          <ns3:TrackPointExtension>
            <ns3:hr>167</ns3:hr>
          </ns3:TrackPointExtension>
        </extensions>
      </trkpt>
      <trkpt lat="53.626026101410388946533203125" lon="21.5054132603108882904052734375">
        <ele>131.8000030517578125</ele>
        <time>2026-09-05T09:31:34.000Z</time>
        <extensions>
          <ns3:TrackPointExtension>
            <ns3:hr>170</ns3:hr>
          </ns3:TrackPointExtension>
        </extensions>
      </trkpt>
      <trkpt lat="53.626060299575328826904296875" lon="21.50546438992023468017578125">
        <ele>131.8000030517578125</ele>
        <time>2026-09-05T09:31:35.000Z</time>
        <extensions>
          <ns3:TrackPointExtension>
            <ns3:hr>170</ns3:hr>
          </ns3:TrackPointExtension>
        </extensions>
      </trkpt>
      <trkpt lat="53.6261731199920177459716796875" lon="21.505631022155284881591796875">
        <ele>131.8000030517578125</ele>
        <time>2026-09-05T09:31:38.000Z</time>
        <extensions>
          <ns3:TrackPointExtension>
            <ns3:hr>170</ns3:hr>
          </ns3:TrackPointExtension>
        </extensions>
      </trkpt>
      <trkpt lat="53.62630044110119342803955078125" lon="21.5057810582220554351806640625">
        <ele>131.8000030517578125</ele>
        <time>2026-09-05T09:31:41.000Z</time>
        <extensions>
          <ns3:TrackPointExtension>
            <ns3:hr>169</ns3:hr>
          </ns3:TrackPointExtension>
        </extensions>
      </trkpt>
      <trkpt lat="53.6264361441135406494140625" lon="21.506036035716533660888671875">
        <ele>132.1999969482421875</ele>
        <time>2026-09-05T09:31:45.000Z</time>
        <extensions>
          <ns3:TrackPointExtension>
            <ns3:hr>169</ns3:hr>
          </ns3:TrackPointExtension>
        </extensions>
      </trkpt>
      <trkpt lat="53.62653882242739200592041015625" lon="21.5062132291495800018310546875">
        <ele>132.600006103515625</ele>
        <time>2026-09-05T09:31:48.000Z</time>
        <extensions>
          <ns3:TrackPointExtension>
            <ns3:hr>170</ns3:hr>
          </ns3:TrackPointExtension>
        </extensions>
      </trkpt>
      <trkpt lat="53.62663588486611843109130859375" lon="21.50636888109147548675537109375">
        <ele>133</ele>
        <time>2026-09-05T09:31:51.000Z</time>
        <extensions>
          <ns3:TrackPointExtension>
            <ns3:hr>169</ns3:hr>
          </ns3:TrackPointExtension>
        </extensions>
      </trkpt>
      <trkpt lat="53.6266787163913249969482421875" lon="21.5064304880797863006591796875">
        <ele>133.1999969482421875</ele>
        <time>2026-09-05T09:31:52.000Z</time>
        <extensions>
          <ns3:TrackPointExtension>
            <ns3:hr>169</ns3:hr>
          </ns3:TrackPointExtension>
        </extensions>
      </trkpt>
      <trkpt lat="53.62674417905509471893310546875" lon="21.50652897544205188751220703125">
        <ele>133.600006103515625</ele>
        <time>2026-09-05T09:31:54.000Z</time>
        <extensions>
          <ns3:TrackPointExtension>
            <ns3:hr>170</ns3:hr>
          </ns3:TrackPointExtension>
        </extensions>
      </trkpt>
      <trkpt lat="53.62685968168079853057861328125" lon="21.5066977031528949737548828125">
        <ele>134</ele>
        <time>2026-09-05T09:31:58.000Z</time>
        <extensions>
          <ns3:TrackPointExtension>
            <ns3:hr>168</ns3:hr>
          </ns3:TrackPointExtension>
        </extensions>
      </trkpt>
      <trkpt lat="53.62697384320199489593505859375" lon="21.5068207494914531707763671875">
        <ele>134.399993896484375</ele>
        <time>2026-09-05T09:32:01.000Z</time>
        <extensions>
          <ns3:TrackPointExtension>
            <ns3:hr>168</ns3:hr>
          </ns3:TrackPointExtension>
        </extensions>
      </trkpt>
      <trkpt lat="53.62700502388179302215576171875" lon="21.50684933178126811981201171875">
        <ele>134.600006103515625</ele>
        <time>2026-09-05T09:32:02.000Z</time>
        <extensions>
          <ns3:TrackPointExtension>
            <ns3:hr>168</ns3:hr>
          </ns3:TrackPointExtension>
        </extensions>
      </trkpt>
      <trkpt lat="53.62710862420499324798583984375" lon="21.50697941891849040985107421875">
        <ele>134.8000030517578125</ele>
        <time>2026-09-05T09:32:06.000Z</time>
        <extensions>
          <ns3:TrackPointExtension>
            <ns3:hr>170</ns3:hr>
          </ns3:TrackPointExtension>
        </extensions>
      </trkpt>
      <trkpt lat="53.62718909047544002532958984375" lon="21.50710992515087127685546875">
        <ele>135.1999969482421875</ele>
        <time>2026-09-05T09:32:09.000Z</time>
        <extensions>
          <ns3:TrackPointExtension>
            <ns3:hr>171</ns3:hr>
          </ns3:TrackPointExtension>
        </extensions>
      </trkpt>
      <trkpt lat="53.627217672765254974365234375" lon="21.50715418159961700439453125">
        <ele>135.600006103515625</ele>
        <time>2026-09-05T09:32:10.000Z</time>
        <extensions>
          <ns3:TrackPointExtension>
            <ns3:hr>171</ns3:hr>
          </ns3:TrackPointExtension>
        </extensions>
      </trkpt>
      <trkpt lat="53.62727098166942596435546875" lon="21.5072354860603809356689453125">
        <ele>135.8000030517578125</ele>
        <time>2026-09-05T09:32:12.000Z</time>
        <extensions>
          <ns3:TrackPointExtension>
            <ns3:hr>171</ns3:hr>
          </ns3:TrackPointExtension>
        </extensions>
      </trkpt>
      <trkpt lat="53.62731456756591796875" lon="21.50733799673616886138916015625">
        <ele>135.600006103515625</ele>
        <time>2026-09-05T09:32:14.000Z</time>
        <extensions>
          <ns3:TrackPointExtension>
            <ns3:hr>171</ns3:hr>
          </ns3:TrackPointExtension>
        </extensions>
      </trkpt>
      <trkpt lat="53.6273351870477199554443359375" lon="21.507402621209621429443359375">
        <ele>135.399993896484375</ele>
        <time>2026-09-05T09:32:15.000Z</time>
        <extensions>
          <ns3:TrackPointExtension>
            <ns3:hr>171</ns3:hr>
          </ns3:TrackPointExtension>
        </extensions>
      </trkpt>
      <trkpt lat="53.62747960723936557769775390625" lon="21.50762985460460186004638671875">
        <ele>134.8000030517578125</ele>
        <time>2026-09-05T09:32:20.000Z</time>
        <extensions>
          <ns3:TrackPointExtension>
            <ns3:hr>173</ns3:hr>
          </ns3:TrackPointExtension>
        </extensions>
      </trkpt>
      <trkpt lat="53.6275380291044712066650390625" lon="21.5077209658920764923095703125">
        <ele>135</ele>
        <time>2026-09-05T09:32:22.000Z</time>
        <extensions>
          <ns3:TrackPointExtension>
            <ns3:hr>173</ns3:hr>
          </ns3:TrackPointExtension>
        </extensions>
      </trkpt>
      <trkpt lat="53.6275859735906124114990234375" lon="21.5078306011855602264404296875">
        <ele>135</ele>
        <time>2026-09-05T09:32:24.000Z</time>
        <extensions>
          <ns3:TrackPointExtension>
            <ns3:hr>173</ns3:hr>
          </ns3:TrackPointExtension>
        </extensions>
      </trkpt>
      <trkpt lat="53.6276101134717464447021484375" lon="21.507876701653003692626953125">
        <ele>135.1999969482421875</ele>
        <time>2026-09-05T09:32:25.000Z</time>
        <extensions>
          <ns3:TrackPointExtension>
            <ns3:hr>173</ns3:hr>
          </ns3:TrackPointExtension>
        </extensions>
      </trkpt>
      <trkpt lat="53.627679683268070220947265625" lon="21.50802363641560077667236328125">
        <ele>135</ele>
        <time>2026-09-05T09:32:28.000Z</time>
        <extensions>
          <ns3:TrackPointExtension>
            <ns3:hr>173</ns3:hr>
          </ns3:TrackPointExtension>
        </extensions>
      </trkpt>
      <trkpt lat="53.62778194248676300048828125" lon="21.508211977779865264892578125">
        <ele>135</ele>
        <time>2026-09-05T09:32:32.000Z</time>
        <extensions>
          <ns3:TrackPointExtension>
            <ns3:hr>172</ns3:hr>
          </ns3:TrackPointExtension>
        </extensions>
      </trkpt>
      <trkpt lat="53.62781421281397342681884765625" lon="21.50825916789472103118896484375">
        <ele>134.8000030517578125</ele>
        <time>2026-09-05T09:32:33.000Z</time>
        <extensions>
          <ns3:TrackPointExtension>
            <ns3:hr>171</ns3:hr>
          </ns3:TrackPointExtension>
        </extensions>
      </trkpt>
      <trkpt lat="53.627867437899112701416015625" lon="21.50834550149738788604736328125">
        <ele>134.8000030517578125</ele>
        <time>2026-09-05T09:32:35.000Z</time>
        <extensions>
          <ns3:TrackPointExtension>
            <ns3:hr>171</ns3:hr>
          </ns3:TrackPointExtension>
        </extensions>
      </trkpt>
      <trkpt lat="53.62797765992581844329833984375" lon="21.508548259735107421875">
        <ele>134.8000030517578125</ele>
        <time>2026-09-05T09:32:39.000Z</time>
        <extensions>
          <ns3:TrackPointExtension>
            <ns3:hr>171</ns3:hr>
          </ns3:TrackPointExtension>
        </extensions>
      </trkpt>
      <trkpt lat="53.62805242650210857391357421875" lon="21.5086637623608112335205078125">
        <ele>135</ele>
        <time>2026-09-05T09:32:42.000Z</time>
        <extensions>
          <ns3:TrackPointExtension>
            <ns3:hr>171</ns3:hr>
          </ns3:TrackPointExtension>
        </extensions>
      </trkpt>
      <trkpt lat="53.6281693540513515472412109375" lon="21.5088112838566303253173828125">
        <ele>135.1999969482421875</ele>
        <time>2026-09-05T09:32:46.000Z</time>
        <extensions>
          <ns3:TrackPointExtension>
            <ns3:hr>171</ns3:hr>
          </ns3:TrackPointExtension>
        </extensions>
      </trkpt>
      <trkpt lat="53.62827521748840808868408203125" lon="21.50897204875946044921875">
        <ele>135.399993896484375</ele>
        <time>2026-09-05T09:32:50.000Z</time>
        <extensions>
          <ns3:TrackPointExtension>
            <ns3:hr>171</ns3:hr>
          </ns3:TrackPointExtension>
        </extensions>
      </trkpt>
      <trkpt lat="53.62838686443865299224853515625" lon="21.50913205929100513458251953125">
        <ele>135.399993896484375</ele>
        <time>2026-09-05T09:32:54.000Z</time>
        <extensions>
          <ns3:TrackPointExtension>
            <ns3:hr>171</ns3:hr>
          </ns3:TrackPointExtension>
        </extensions>
      </trkpt>
      <trkpt lat="53.62852198071777820587158203125" lon="21.50928796268999576568603515625">
        <ele>135.600006103515625</ele>
        <time>2026-09-05T09:32:58.000Z</time>
        <extensions>
          <ns3:TrackPointExtension>
            <ns3:hr>170</ns3:hr>
          </ns3:TrackPointExtension>
        </extensions>
      </trkpt>
      <trkpt lat="53.62864988856017589569091796875" lon="21.50943213142454624176025390625">
        <ele>135.600006103515625</ele>
        <time>2026-09-05T09:33:02.000Z</time>
        <extensions>
          <ns3:TrackPointExtension>
            <ns3:hr>169</ns3:hr>
          </ns3:TrackPointExtension>
        </extensions>
      </trkpt>
      <trkpt lat="53.62870219163596630096435546875" lon="21.50953807868063449859619140625">
        <ele>135.1999969482421875</ele>
        <time>2026-09-05T09:33:04.000Z</time>
        <extensions>
          <ns3:TrackPointExtension>
            <ns3:hr>170</ns3:hr>
          </ns3:TrackPointExtension>
        </extensions>
      </trkpt>
      <trkpt lat="53.6287564225494861602783203125" lon="21.50964871980249881744384765625">
        <ele>135</ele>
        <time>2026-09-05T09:33:06.000Z</time>
        <extensions>
          <ns3:TrackPointExtension>
            <ns3:hr>171</ns3:hr>
          </ns3:TrackPointExtension>
        </extensions>
      </trkpt>
      <trkpt lat="53.6287938058376312255859375" lon="21.50970085524022579193115234375">
        <ele>134.8000030517578125</ele>
        <time>2026-09-05T09:33:07.000Z</time>
        <extensions>
          <ns3:TrackPointExtension>
            <ns3:hr>171</ns3:hr>
          </ns3:TrackPointExtension>
        </extensions>
      </trkpt>
      <trkpt lat="53.6288925446569919586181640625" lon="21.50984418578445911407470703125">
        <ele>134.8000030517578125</ele>
        <time>2026-09-05T09:33:10.000Z</time>
        <extensions>
          <ns3:TrackPointExtension>
            <ns3:hr>171</ns3:hr>
          </ns3:TrackPointExtension>
        </extensions>
      </trkpt>
      <trkpt lat="53.62896303646266460418701171875" lon="21.5100333653390407562255859375">
        <ele>135</ele>
        <time>2026-09-05T09:33:13.000Z</time>
        <extensions>
          <ns3:TrackPointExtension>
            <ns3:hr>171</ns3:hr>
          </ns3:TrackPointExtension>
        </extensions>
      </trkpt>
      <trkpt lat="53.62904182635247707366943359375" lon="21.51034005917608737945556640625">
        <ele>134.8000030517578125</ele>
        <time>2026-09-05T09:33:17.000Z</time>
        <extensions>
          <ns3:TrackPointExtension>
            <ns3:hr>170</ns3:hr>
          </ns3:TrackPointExtension>
        </extensions>
      </trkpt>
      <trkpt lat="53.62907954491674900054931640625" lon="21.51050602085888385772705078125">
        <ele>134.8000030517578125</ele>
        <time>2026-09-05T09:33:19.000Z</time>
        <extensions>
          <ns3:TrackPointExtension>
            <ns3:hr>170</ns3:hr>
          </ns3:TrackPointExtension>
        </extensions>
      </trkpt>
      <trkpt lat="53.629109971225261688232421875" lon="21.5106603316962718963623046875">
        <ele>134.8000030517578125</ele>
        <time>2026-09-05T09:33:21.000Z</time>
        <extensions>
          <ns3:TrackPointExtension>
            <ns3:hr>169</ns3:hr>
          </ns3:TrackPointExtension>
        </extensions>
      </trkpt>
      <trkpt lat="53.62920083105564117431640625" lon="21.51090919040143489837646484375">
        <ele>135</ele>
        <time>2026-09-05T09:33:25.000Z</time>
        <extensions>
          <ns3:TrackPointExtension>
            <ns3:hr>170</ns3:hr>
          </ns3:TrackPointExtension>
        </extensions>
      </trkpt>
      <trkpt lat="53.62927132286131381988525390625" lon="21.51106744073331356048583984375">
        <ele>135.399993896484375</ele>
        <time>2026-09-05T09:33:28.000Z</time>
        <extensions>
          <ns3:TrackPointExtension>
            <ns3:hr>169</ns3:hr>
          </ns3:TrackPointExtension>
        </extensions>
      </trkpt>
      <trkpt lat="53.62934323959052562713623046875" lon="21.51123440824449062347412109375">
        <ele>135.1999969482421875</ele>
        <time>2026-09-05T09:33:31.000Z</time>
        <extensions>
          <ns3:TrackPointExtension>
            <ns3:hr>171</ns3:hr>
          </ns3:TrackPointExtension>
        </extensions>
      </trkpt>
      <trkpt lat="53.629441894590854644775390625" lon="21.5114946663379669189453125">
        <ele>135</ele>
        <time>2026-09-05T09:33:35.000Z</time>
        <extensions>
          <ns3:TrackPointExtension>
            <ns3:hr>171</ns3:hr>
          </ns3:TrackPointExtension>
        </extensions>
      </trkpt>
      <trkpt lat="53.6295577324926853179931640625" lon="21.51166456751525402069091796875">
        <ele>135.1999969482421875</ele>
        <time>2026-09-05T09:33:38.000Z</time>
        <extensions>
          <ns3:TrackPointExtension>
            <ns3:hr>171</ns3:hr>
          </ns3:TrackPointExtension>
        </extensions>
      </trkpt>
      <trkpt lat="53.62959318794310092926025390625" lon="21.51172391138970851898193359375">
        <ele>135.1999969482421875</ele>
        <time>2026-09-05T09:33:39.000Z</time>
        <extensions>
          <ns3:TrackPointExtension>
            <ns3:hr>171</ns3:hr>
          </ns3:TrackPointExtension>
        </extensions>
      </trkpt>
      <trkpt lat="53.6296519450843334197998046875" lon="21.511803455650806427001953125">
        <ele>135</ele>
        <time>2026-09-05T09:33:41.000Z</time>
        <extensions>
          <ns3:TrackPointExtension>
            <ns3:hr>170</ns3:hr>
          </ns3:TrackPointExtension>
        </extensions>
      </trkpt>
      <trkpt lat="53.62972478382289409637451171875" lon="21.5119692496955394744873046875">
        <ele>135</ele>
        <time>2026-09-05T09:33:44.000Z</time>
        <extensions>
          <ns3:TrackPointExtension>
            <ns3:hr>170</ns3:hr>
          </ns3:TrackPointExtension>
        </extensions>
      </trkpt>
      <trkpt lat="53.62975043244659900665283203125" lon="21.51202817447483539581298828125">
        <ele>135</ele>
        <time>2026-09-05T09:33:45.000Z</time>
        <extensions>
          <ns3:TrackPointExtension>
            <ns3:hr>169</ns3:hr>
          </ns3:TrackPointExtension>
        </extensions>
      </trkpt>
      <trkpt lat="53.62979854457080364227294921875" lon="21.512117274105548858642578125">
        <ele>134.8000030517578125</ele>
        <time>2026-09-05T09:33:47.000Z</time>
        <extensions>
          <ns3:TrackPointExtension>
            <ns3:hr>169</ns3:hr>
          </ns3:TrackPointExtension>
        </extensions>
      </trkpt>
      <trkpt lat="53.62991404719650745391845703125" lon="21.5123368799686431884765625">
        <ele>134.8000030517578125</ele>
        <time>2026-09-05T09:33:51.000Z</time>
        <extensions>
          <ns3:TrackPointExtension>
            <ns3:hr>169</ns3:hr>
          </ns3:TrackPointExtension>
        </extensions>
      </trkpt>
      <trkpt lat="53.6299912445247173309326171875" lon="21.512428410351276397705078125">
        <ele>135</ele>
        <time>2026-09-05T09:33:53.000Z</time>
        <extensions>
          <ns3:TrackPointExtension>
            <ns3:hr>169</ns3:hr>
          </ns3:TrackPointExtension>
        </extensions>
      </trkpt>
      <trkpt lat="53.63004882819950580596923828125" lon="21.51254014112055301666259765625">
        <ele>135</ele>
        <time>2026-09-05T09:33:55.000Z</time>
        <extensions>
          <ns3:TrackPointExtension>
            <ns3:hr>169</ns3:hr>
          </ns3:TrackPointExtension>
        </extensions>
      </trkpt>
      <trkpt lat="53.63010632805526256561279296875" lon="21.51267324574291706085205078125">
        <ele>134.8000030517578125</ele>
        <time>2026-09-05T09:33:57.000Z</time>
        <extensions>
          <ns3:TrackPointExtension>
            <ns3:hr>168</ns3:hr>
          </ns3:TrackPointExtension>
        </extensions>
      </trkpt>
      <trkpt lat="53.6301407776772975921630859375" lon="21.512754298746585845947265625">
        <ele>134.8000030517578125</ele>
        <time>2026-09-05T09:33:58.000Z</time>
        <extensions>
          <ns3:TrackPointExtension>
            <ns3:hr>169</ns3:hr>
          </ns3:TrackPointExtension>
        </extensions>
      </trkpt>
      <trkpt lat="53.63022820092737674713134765625" lon="21.5129670314490795135498046875">
        <ele>134.8000030517578125</ele>
        <time>2026-09-05T09:34:01.000Z</time>
        <extensions>
          <ns3:TrackPointExtension>
            <ns3:hr>169</ns3:hr>
          </ns3:TrackPointExtension>
        </extensions>
      </trkpt>
      <trkpt lat="53.630254268646240234375" lon="21.5130347572267055511474609375">
        <ele>135</ele>
        <time>2026-09-05T09:34:02.000Z</time>
        <extensions>
          <ns3:TrackPointExtension>
            <ns3:hr>169</ns3:hr>
          </ns3:TrackPointExtension>
        </extensions>
      </trkpt>
      <trkpt lat="53.63027564249932765960693359375" lon="21.51308991014957427978515625">
        <ele>135</ele>
        <time>2026-09-05T09:34:03.000Z</time>
        <extensions>
          <ns3:TrackPointExtension>
            <ns3:hr>169</ns3:hr>
          </ns3:TrackPointExtension>
        </extensions>
      </trkpt>
      <trkpt lat="53.63030447624623775482177734375" lon="21.51321874000132083892822265625">
        <ele>135</ele>
        <time>2026-09-05T09:34:05.000Z</time>
        <extensions>
          <ns3:TrackPointExtension>
            <ns3:hr>170</ns3:hr>
          </ns3:TrackPointExtension>
        </extensions>
      </trkpt>
      <trkpt lat="53.6303308792412281036376953125" lon="21.5132858790457248687744140625">
        <ele>134.8000030517578125</ele>
        <time>2026-09-05T09:34:06.000Z</time>
        <extensions>
          <ns3:TrackPointExtension>
            <ns3:hr>170</ns3:hr>
          </ns3:TrackPointExtension>
        </extensions>
      </trkpt>
      <trkpt lat="53.63038728944957256317138671875" lon="21.51343516074120998382568359375">
        <ele>134.399993896484375</ele>
        <time>2026-09-05T09:34:08.000Z</time>
        <extensions>
          <ns3:TrackPointExtension>
            <ns3:hr>170</ns3:hr>
          </ns3:TrackPointExtension>
        </extensions>
      </trkpt>
      <trkpt lat="53.63057454116642475128173828125" lon="21.5137897990643978118896484375">
        <ele>134.399993896484375</ele>
        <time>2026-09-05T09:34:14.000Z</time>
        <extensions>
          <ns3:TrackPointExtension>
            <ns3:hr>169</ns3:hr>
          </ns3:TrackPointExtension>
        </extensions>
      </trkpt>
      <trkpt lat="53.6306996829807758331298828125" lon="21.5140254981815814971923828125">
        <ele>134.8000030517578125</ele>
        <time>2026-09-05T09:34:18.000Z</time>
        <extensions>
          <ns3:TrackPointExtension>
            <ns3:hr>168</ns3:hr>
          </ns3:TrackPointExtension>
        </extensions>
      </trkpt>
      <trkpt lat="53.6307464540004730224609375" lon="21.514168493449687957763671875">
        <ele>134.8000030517578125</ele>
        <time>2026-09-05T09:34:20.000Z</time>
        <extensions>
          <ns3:TrackPointExtension>
            <ns3:hr>169</ns3:hr>
          </ns3:TrackPointExtension>
        </extensions>
      </trkpt>
      <trkpt lat="53.63077034242451190948486328125" lon="21.51423797942698001861572265625">
        <ele>134.8000030517578125</ele>
        <time>2026-09-05T09:34:21.000Z</time>
        <extensions>
          <ns3:TrackPointExtension>
            <ns3:hr>169</ns3:hr>
          </ns3:TrackPointExtension>
        </extensions>
      </trkpt>
      <trkpt lat="53.6308736912906169891357421875" lon="21.51451910845935344696044921875">
        <ele>134.399993896484375</ele>
        <time>2026-09-05T09:34:26.000Z</time>
        <extensions>
          <ns3:TrackPointExtension>
            <ns3:hr>168</ns3:hr>
          </ns3:TrackPointExtension>
        </extensions>
      </trkpt>
      <trkpt lat="53.63093513064086437225341796875" lon="21.51471264660358428955078125">
        <ele>134.399993896484375</ele>
        <time>2026-09-05T09:34:29.000Z</time>
        <extensions>
          <ns3:TrackPointExtension>
            <ns3:hr>169</ns3:hr>
          </ns3:TrackPointExtension>
        </extensions>
      </trkpt>
      <trkpt lat="53.63100470043718814849853515625" lon="21.51484667323529720306396484375">
        <ele>134.399993896484375</ele>
        <time>2026-09-05T09:34:31.000Z</time>
        <extensions>
          <ns3:TrackPointExtension>
            <ns3:hr>169</ns3:hr>
          </ns3:TrackPointExtension>
        </extensions>
      </trkpt>
      <trkpt lat="53.6310339532792568206787109375" lon="21.5149144828319549560546875">
        <ele>134.399993896484375</ele>
        <time>2026-09-05T09:34:32.000Z</time>
        <extensions>
          <ns3:TrackPointExtension>
            <ns3:hr>169</ns3:hr>
          </ns3:TrackPointExtension>
        </extensions>
      </trkpt>
      <trkpt lat="53.63112120889127254486083984375" lon="21.51511556468904018402099609375">
        <ele>134.399993896484375</ele>
        <time>2026-09-05T09:34:35.000Z</time>
        <extensions>
          <ns3:TrackPointExtension>
            <ns3:hr>170</ns3:hr>
          </ns3:TrackPointExtension>
        </extensions>
      </trkpt>
      <trkpt lat="53.63121827132999897003173828125" lon="21.51538764126598834991455078125">
        <ele>134</ele>
        <time>2026-09-05T09:34:39.000Z</time>
        <extensions>
          <ns3:TrackPointExtension>
            <ns3:hr>169</ns3:hr>
          </ns3:TrackPointExtension>
        </extensions>
      </trkpt>
      <trkpt lat="53.6312770284712314605712890625" lon="21.5155986137688159942626953125">
        <ele>134</ele>
        <time>2026-09-05T09:34:42.000Z</time>
        <extensions>
          <ns3:TrackPointExtension>
            <ns3:hr>169</ns3:hr>
          </ns3:TrackPointExtension>
        </extensions>
      </trkpt>
      <trkpt lat="53.63130242563784122467041015625" lon="21.51567648164927959442138671875">
        <ele>134</ele>
        <time>2026-09-05T09:34:43.000Z</time>
        <extensions>
          <ns3:TrackPointExtension>
            <ns3:hr>169</ns3:hr>
          </ns3:TrackPointExtension>
        </extensions>
      </trkpt>
      <trkpt lat="53.63136135041713714599609375" lon="21.515891812741756439208984375">
        <ele>134</ele>
        <time>2026-09-05T09:34:46.000Z</time>
        <extensions>
          <ns3:TrackPointExtension>
            <ns3:hr>169</ns3:hr>
          </ns3:TrackPointExtension>
        </extensions>
      </trkpt>
      <trkpt lat="53.6314832232892513275146484375" lon="21.51618459261953830718994140625">
        <ele>134.8000030517578125</ele>
        <time>2026-09-05T09:34:51.000Z</time>
        <extensions>
          <ns3:TrackPointExtension>
            <ns3:hr>169</ns3:hr>
          </ns3:TrackPointExtension>
        </extensions>
      </trkpt>
      <trkpt lat="53.63156997598707675933837890625" lon="21.516286768019199371337890625">
        <ele>135</ele>
        <time>2026-09-05T09:34:54.000Z</time>
        <extensions>
          <ns3:TrackPointExtension>
            <ns3:hr>168</ns3:hr>
          </ns3:TrackPointExtension>
        </extensions>
      </trkpt>
      <trkpt lat="53.63164641894400119781494140625" lon="21.51633915491402149200439453125">
        <ele>135.1999969482421875</ele>
        <time>2026-09-05T09:34:57.000Z</time>
        <extensions>
          <ns3:TrackPointExtension>
            <ns3:hr>168</ns3:hr>
          </ns3:TrackPointExtension>
        </extensions>
      </trkpt>
      <trkpt lat="53.6317487619817256927490234375" lon="21.51642196811735630035400390625">
        <ele>135.600006103515625</ele>
        <time>2026-09-05T09:35:00.000Z</time>
        <extensions>
          <ns3:TrackPointExtension>
            <ns3:hr>168</ns3:hr>
          </ns3:TrackPointExtension>
        </extensions>
      </trkpt>
      <trkpt lat="53.6318547092378139495849609375" lon="21.516467146575450897216796875">
        <ele>135.600006103515625</ele>
        <time>2026-09-05T09:35:03.000Z</time>
        <extensions>
          <ns3:TrackPointExtension>
            <ns3:hr>168</ns3:hr>
          </ns3:TrackPointExtension>
        </extensions>
      </trkpt>
      <trkpt lat="53.6320394463837146759033203125" lon="21.51651081629097461700439453125">
        <ele>135.399993896484375</ele>
        <time>2026-09-05T09:35:07.000Z</time>
        <extensions>
          <ns3:TrackPointExtension>
            <ns3:hr>167</ns3:hr>
          </ns3:TrackPointExtension>
        </extensions>
      </trkpt>
      <trkpt lat="53.63220197148621082305908203125" lon="21.51654459536075592041015625">
        <ele>135.399993896484375</ele>
        <time>2026-09-05T09:35:10.000Z</time>
        <extensions>
          <ns3:TrackPointExtension>
            <ns3:hr>167</ns3:hr>
          </ns3:TrackPointExtension>
        </extensions>
      </trkpt>
      <trkpt lat="53.632247149944305419921875" lon="21.516560018062591552734375">
        <ele>135.1999969482421875</ele>
        <time>2026-09-05T09:35:11.000Z</time>
        <extensions>
          <ns3:TrackPointExtension>
            <ns3:hr>168</ns3:hr>
          </ns3:TrackPointExtension>
        </extensions>
      </trkpt>
      <trkpt lat="53.632299117743968963623046875" lon="21.51658591814339160919189453125">
        <ele>135.1999969482421875</ele>
        <time>2026-09-05T09:35:12.000Z</time>
        <extensions>
          <ns3:TrackPointExtension>
            <ns3:hr>168</ns3:hr>
          </ns3:TrackPointExtension>
        </extensions>
      </trkpt>
      <trkpt lat="53.632440604269504547119140625" lon="21.51665615849196910858154296875">
        <ele>134.600006103515625</ele>
        <time>2026-09-05T09:35:15.000Z</time>
        <extensions>
          <ns3:TrackPointExtension>
            <ns3:hr>168</ns3:hr>
          </ns3:TrackPointExtension>
        </extensions>
      </trkpt>
      <trkpt lat="53.63253171555697917938232421875" lon="21.51669605635106563568115234375">
        <ele>134.399993896484375</ele>
        <time>2026-09-05T09:35:17.000Z</time>
        <extensions>
          <ns3:TrackPointExtension>
            <ns3:hr>168</ns3:hr>
          </ns3:TrackPointExtension>
        </extensions>
      </trkpt>
      <trkpt lat="53.63266482017934322357177734375" lon="21.516722626984119415283203125">
        <ele>134.399993896484375</ele>
        <time>2026-09-05T09:35:20.000Z</time>
        <extensions>
          <ns3:TrackPointExtension>
            <ns3:hr>168</ns3:hr>
          </ns3:TrackPointExtension>
        </extensions>
      </trkpt>
      <trkpt lat="53.63280094228684902191162109375" lon="21.51672028005123138427734375">
        <ele>134.399993896484375</ele>
        <time>2026-09-05T09:35:23.000Z</time>
        <extensions>
          <ns3:TrackPointExtension>
            <ns3:hr>168</ns3:hr>
          </ns3:TrackPointExtension>
        </extensions>
      </trkpt>
      <trkpt lat="53.63298769108951091766357421875" lon="21.5167730860412120819091796875">
        <ele>134.8000030517578125</ele>
        <time>2026-09-05T09:35:28.000Z</time>
        <extensions>
          <ns3:TrackPointExtension>
            <ns3:hr>166</ns3:hr>
          </ns3:TrackPointExtension>
        </extensions>
      </trkpt>
      <trkpt lat="53.6330612003803253173828125" lon="21.5167295001447200775146484375">
        <ele>135</ele>
        <time>2026-09-05T09:35:31.000Z</time>
        <extensions>
          <ns3:TrackPointExtension>
            <ns3:hr>165</ns3:hr>
          </ns3:TrackPointExtension>
        </extensions>
      </trkpt>
      <trkpt lat="53.6330134235322475433349609375" lon="21.5166570805013179779052734375">
        <ele>134.8000030517578125</ele>
        <time>2026-09-05T09:35:34.000Z</time>
        <extensions>
          <ns3:TrackPointExtension>
            <ns3:hr>165</ns3:hr>
          </ns3:TrackPointExtension>
        </extensions>
      </trkpt>
      <trkpt lat="53.63292231224477291107177734375" lon="21.51659077964723110198974609375">
        <ele>134.399993896484375</ele>
        <time>2026-09-05T09:35:38.000Z</time>
        <extensions>
          <ns3:TrackPointExtension>
            <ns3:hr>164</ns3:hr>
          </ns3:TrackPointExtension>
        </extensions>
      </trkpt>
      <trkpt lat="53.6328390799462795257568359375" lon="21.51654367335140705108642578125">
        <ele>133.8000030517578125</ele>
        <time>2026-09-05T09:35:41.000Z</time>
        <extensions>
          <ns3:TrackPointExtension>
            <ns3:hr>163</ns3:hr>
          </ns3:TrackPointExtension>
        </extensions>
      </trkpt>
      <trkpt lat="53.63272550515830516815185546875" lon="21.51653713546693325042724609375">
        <ele>133.8000030517578125</ele>
        <time>2026-09-05T09:35:44.000Z</time>
        <extensions>
          <ns3:TrackPointExtension>
            <ns3:hr>163</ns3:hr>
          </ns3:TrackPointExtension>
        </extensions>
      </trkpt>
      <trkpt lat="53.6326167918741703033447265625" lon="21.5165109001100063323974609375">
        <ele>133.8000030517578125</ele>
        <time>2026-09-05T09:35:47.000Z</time>
        <extensions>
          <ns3:TrackPointExtension>
            <ns3:hr>162</ns3:hr>
          </ns3:TrackPointExtension>
        </extensions>
      </trkpt>
      <trkpt lat="53.63249315880239009857177734375" lon="21.51648600585758686065673828125">
        <ele>134.399993896484375</ele>
        <time>2026-09-05T09:35:51.000Z</time>
        <extensions>
          <ns3:TrackPointExtension>
            <ns3:hr>163</ns3:hr>
          </ns3:TrackPointExtension>
        </extensions>
      </trkpt>
      <trkpt lat="53.63240883685648441314697265625" lon="21.516435630619525909423828125">
        <ele>135</ele>
        <time>2026-09-05T09:35:54.000Z</time>
        <extensions>
          <ns3:TrackPointExtension>
            <ns3:hr>163</ns3:hr>
          </ns3:TrackPointExtension>
        </extensions>
      </trkpt>
      <trkpt lat="53.63234731368720531463623046875" lon="21.5164384804666042327880859375">
        <ele>135.399993896484375</ele>
        <time>2026-09-05T09:35:56.000Z</time>
        <extensions>
          <ns3:TrackPointExtension>
            <ns3:hr>162</ns3:hr>
          </ns3:TrackPointExtension>
        </extensions>
      </trkpt>
      <trkpt lat="53.63228998146951198577880859375" lon="21.51641844771802425384521484375">
        <ele>135.8000030517578125</ele>
        <time>2026-09-05T09:35:58.000Z</time>
        <extensions>
          <ns3:TrackPointExtension>
            <ns3:hr>163</ns3:hr>
          </ns3:TrackPointExtension>
        </extensions>
      </trkpt>
      <trkpt lat="53.63219819962978363037109375" lon="21.51634971611201763153076171875">
        <ele>135.8000030517578125</ele>
        <time>2026-09-05T09:36:01.000Z</time>
        <extensions>
          <ns3:TrackPointExtension>
            <ns3:hr>163</ns3:hr>
          </ns3:TrackPointExtension>
        </extensions>
      </trkpt>
      <trkpt lat="53.6320377700030803680419921875" lon="21.51630294509232044219970703125">
        <ele>135.1999969482421875</ele>
        <time>2026-09-05T09:36:04.000Z</time>
        <extensions>
          <ns3:TrackPointExtension>
            <ns3:hr>163</ns3:hr>
          </ns3:TrackPointExtension>
        </extensions>
      </trkpt>
      <trkpt lat="53.631945066154003143310546875" lon="21.5162601135671138763427734375">
        <ele>135.1999969482421875</ele>
        <time>2026-09-05T09:36:06.000Z</time>
        <extensions>
          <ns3:TrackPointExtension>
            <ns3:hr>163</ns3:hr>
          </ns3:TrackPointExtension>
        </extensions>
      </trkpt>
      <trkpt lat="53.63189385272562503814697265625" lon="21.51624293066561222076416015625">
        <ele>135.1999969482421875</ele>
        <time>2026-09-05T09:36:07.000Z</time>
        <extensions>
          <ns3:TrackPointExtension>
            <ns3:hr>163</ns3:hr>
          </ns3:TrackPointExtension>
        </extensions>
      </trkpt>
      <trkpt lat="53.63165765069425106048583984375" lon="21.51617252267897129058837890625">
        <ele>134.8000030517578125</ele>
        <time>2026-09-05T09:36:12.000Z</time>
        <extensions>
          <ns3:TrackPointExtension>
            <ns3:hr>164</ns3:hr>
          </ns3:TrackPointExtension>
        </extensions>
      </trkpt>
      <trkpt lat="53.6314805410802364349365234375" lon="21.5160576067864894866943359375">
        <ele>134.399993896484375</ele>
        <time>2026-09-05T09:36:17.000Z</time>
        <extensions>
          <ns3:TrackPointExtension>
            <ns3:hr>163</ns3:hr>
          </ns3:TrackPointExtension>
        </extensions>
      </trkpt>
      <trkpt lat="53.63138892687857151031494140625" lon="21.51592500507831573486328125">
        <ele>134</ele>
        <time>2026-09-05T09:36:20.000Z</time>
        <extensions>
          <ns3:TrackPointExtension>
            <ns3:hr>163</ns3:hr>
          </ns3:TrackPointExtension>
        </extensions>
      </trkpt>
      <trkpt lat="53.63129622302949428558349609375" lon="21.51574688963592052459716796875">
        <ele>133.8000030517578125</ele>
        <time>2026-09-05T09:36:24.000Z</time>
        <extensions>
          <ns3:TrackPointExtension>
            <ns3:hr>164</ns3:hr>
          </ns3:TrackPointExtension>
        </extensions>
      </trkpt>
      <trkpt lat="53.6312783695757389068603515625" lon="21.5156896412372589111328125">
        <ele>134</ele>
        <time>2026-09-05T09:36:25.000Z</time>
        <extensions>
          <ns3:TrackPointExtension>
            <ns3:hr>163</ns3:hr>
          </ns3:TrackPointExtension>
        </extensions>
      </trkpt>
      <trkpt lat="53.6312505416572093963623046875" lon="21.5155865438282489776611328125">
        <ele>134</ele>
        <time>2026-09-05T09:36:27.000Z</time>
        <extensions>
          <ns3:TrackPointExtension>
            <ns3:hr>164</ns3:hr>
          </ns3:TrackPointExtension>
        </extensions>
      </trkpt>
      <trkpt lat="53.63123134709894657135009765625" lon="21.5155278705060482025146484375">
        <ele>134.399993896484375</ele>
        <time>2026-09-05T09:36:28.000Z</time>
        <extensions>
          <ns3:TrackPointExtension>
            <ns3:hr>163</ns3:hr>
          </ns3:TrackPointExtension>
        </extensions>
      </trkpt>
      <trkpt lat="53.63119698129594326019287109375" lon="21.51543005369603633880615234375">
        <ele>134.600006103515625</ele>
        <time>2026-09-05T09:36:30.000Z</time>
        <extensions>
          <ns3:TrackPointExtension>
            <ns3:hr>164</ns3:hr>
          </ns3:TrackPointExtension>
        </extensions>
      </trkpt>
      <trkpt lat="53.631157837808132171630859375" lon="21.51540809310972690582275390625">
        <ele>134.8000030517578125</ele>
        <time>2026-09-05T09:36:31.000Z</time>
        <extensions>
          <ns3:TrackPointExtension>
            <ns3:hr>163</ns3:hr>
          </ns3:TrackPointExtension>
        </extensions>
      </trkpt>
      <trkpt lat="53.631125651299953460693359375" lon="21.515295691788196563720703125">
        <ele>134.8000030517578125</ele>
        <time>2026-09-05T09:36:33.000Z</time>
        <extensions>
          <ns3:TrackPointExtension>
            <ns3:hr>164</ns3:hr>
          </ns3:TrackPointExtension>
        </extensions>
      </trkpt>
      <trkpt lat="53.63102967850863933563232421875" lon="21.5150665305554866790771484375">
        <ele>134.600006103515625</ele>
        <time>2026-09-05T09:36:37.000Z</time>
        <extensions>
          <ns3:TrackPointExtension>
            <ns3:hr>163</ns3:hr>
          </ns3:TrackPointExtension>
        </extensions>
      </trkpt>
      <trkpt lat="53.6309575103223323822021484375" lon="21.51478129439055919647216796875">
        <ele>134.399993896484375</ele>
        <time>2026-09-05T09:36:41.000Z</time>
        <extensions>
          <ns3:TrackPointExtension>
            <ns3:hr>164</ns3:hr>
          </ns3:TrackPointExtension>
        </extensions>
      </trkpt>
      <trkpt lat="53.6309075541794300079345703125" lon="21.514686159789562225341796875">
        <ele>134.399993896484375</ele>
        <time>2026-09-05T09:36:43.000Z</time>
        <extensions>
          <ns3:TrackPointExtension>
            <ns3:hr>164</ns3:hr>
          </ns3:TrackPointExtension>
        </extensions>
      </trkpt>
      <trkpt lat="53.63089204765856266021728515625" lon="21.51463394053280353546142578125">
        <ele>134.399993896484375</ele>
        <time>2026-09-05T09:36:44.000Z</time>
        <extensions>
          <ns3:TrackPointExtension>
            <ns3:hr>163</ns3:hr>
          </ns3:TrackPointExtension>
        </extensions>
      </trkpt>
      <trkpt lat="53.6307965777814388275146484375" lon="21.514403857290744781494140625">
        <ele>135.1999969482421875</ele>
        <time>2026-09-05T09:36:48.000Z</time>
        <extensions>
          <ns3:TrackPointExtension>
            <ns3:hr>162</ns3:hr>
          </ns3:TrackPointExtension>
        </extensions>
      </trkpt>
      <trkpt lat="53.63073547370731830596923828125" lon="21.51423462666571140289306640625">
        <ele>135</ele>
        <time>2026-09-05T09:36:51.000Z</time>
        <extensions>
          <ns3:TrackPointExtension>
            <ns3:hr>161</ns3:hr>
          </ns3:TrackPointExtension>
        </extensions>
      </trkpt>
      <trkpt lat="53.63069356419146060943603515625" lon="21.5140670724213123321533203125">
        <ele>135</ele>
        <time>2026-09-05T09:36:54.000Z</time>
        <extensions>
          <ns3:TrackPointExtension>
            <ns3:hr>161</ns3:hr>
          </ns3:TrackPointExtension>
        </extensions>
      </trkpt>
      <trkpt lat="53.63061167299747467041015625" lon="21.513882167637348175048828125">
        <ele>134.8000030517578125</ele>
        <time>2026-09-05T09:36:57.000Z</time>
        <extensions>
          <ns3:TrackPointExtension>
            <ns3:hr>161</ns3:hr>
          </ns3:TrackPointExtension>
        </extensions>
      </trkpt>
      <trkpt lat="53.63057185895740985870361328125" lon="21.51368946768343448638916015625">
        <ele>134.8000030517578125</ele>
        <time>2026-09-05T09:37:00.000Z</time>
        <extensions>
          <ns3:TrackPointExtension>
            <ns3:hr>161</ns3:hr>
          </ns3:TrackPointExtension>
        </extensions>
      </trkpt>
      <trkpt lat="53.63054319284856319427490234375" lon="21.51345209218561649322509765625">
        <ele>135</ele>
        <time>2026-09-05T09:37:04.000Z</time>
        <extensions>
          <ns3:TrackPointExtension>
            <ns3:hr>162</ns3:hr>
          </ns3:TrackPointExtension>
        </extensions>
      </trkpt>
      <trkpt lat="53.63049189560115337371826171875" lon="21.51329702697694301605224609375">
        <ele>135</ele>
        <time>2026-09-05T09:37:07.000Z</time>
        <extensions>
          <ns3:TrackPointExtension>
            <ns3:hr>163</ns3:hr>
          </ns3:TrackPointExtension>
        </extensions>
      </trkpt>
      <trkpt lat="53.63042467273771762847900390625" lon="21.5131202526390552520751953125">
        <ele>135</ele>
        <time>2026-09-05T09:37:10.000Z</time>
        <extensions>
          <ns3:TrackPointExtension>
            <ns3:hr>163</ns3:hr>
          </ns3:TrackPointExtension>
        </extensions>
      </trkpt>
      <trkpt lat="53.63038041628897190093994140625" lon="21.5129898302257061004638671875">
        <ele>135</ele>
        <time>2026-09-05T09:37:12.000Z</time>
        <extensions>
          <ns3:TrackPointExtension>
            <ns3:hr>163</ns3:hr>
          </ns3:TrackPointExtension>
        </extensions>
      </trkpt>
      <trkpt lat="53.63035158254206180572509765625" lon="21.5129127167165279388427734375">
        <ele>135.1999969482421875</ele>
        <time>2026-09-05T09:37:13.000Z</time>
        <extensions>
          <ns3:TrackPointExtension>
            <ns3:hr>163</ns3:hr>
          </ns3:TrackPointExtension>
        </extensions>
      </trkpt>
      <trkpt lat="53.6303020454943180084228515625" lon="21.51275069452822208404541015625">
        <ele>135.1999969482421875</ele>
        <time>2026-09-05T09:37:16.000Z</time>
        <extensions>
          <ns3:TrackPointExtension>
            <ns3:hr>163</ns3:hr>
          </ns3:TrackPointExtension>
        </extensions>
      </trkpt>
      <trkpt lat="53.63020590506494045257568359375" lon="21.51260199956595897674560546875">
        <ele>135</ele>
        <time>2026-09-05T09:37:19.000Z</time>
        <extensions>
          <ns3:TrackPointExtension>
            <ns3:hr>163</ns3:hr>
          </ns3:TrackPointExtension>
        </extensions>
      </trkpt>
      <trkpt lat="53.630111105740070343017578125" lon="21.51244207285344600677490234375">
        <ele>134.8000030517578125</ele>
        <time>2026-09-05T09:37:22.000Z</time>
        <extensions>
          <ns3:TrackPointExtension>
            <ns3:hr>164</ns3:hr>
          </ns3:TrackPointExtension>
        </extensions>
      </trkpt>
      <trkpt lat="53.6300851218402385711669921875" lon="21.51240351609885692596435546875">
        <ele>135</ele>
        <time>2026-09-05T09:37:23.000Z</time>
        <extensions>
          <ns3:TrackPointExtension>
            <ns3:hr>164</ns3:hr>
          </ns3:TrackPointExtension>
        </extensions>
      </trkpt>
      <trkpt lat="53.6299473233520984649658203125" lon="21.51212808676064014434814453125">
        <ele>134.8000030517578125</ele>
        <time>2026-09-05T09:37:27.000Z</time>
        <extensions>
          <ns3:TrackPointExtension>
            <ns3:hr>165</ns3:hr>
          </ns3:TrackPointExtension>
        </extensions>
      </trkpt>
      <trkpt lat="53.6297649331390857696533203125" lon="21.51185785420238971710205078125">
        <ele>134.600006103515625</ele>
        <time>2026-09-05T09:37:31.000Z</time>
        <extensions>
          <ns3:TrackPointExtension>
            <ns3:hr>165</ns3:hr>
          </ns3:TrackPointExtension>
        </extensions>
      </trkpt>
      <trkpt lat="53.6296797730028629302978515625" lon="21.51171150617301464080810546875">
        <ele>134.600006103515625</ele>
        <time>2026-09-05T09:37:34.000Z</time>
        <extensions>
          <ns3:TrackPointExtension>
            <ns3:hr>166</ns3:hr>
          </ns3:TrackPointExtension>
        </extensions>
      </trkpt>
      <trkpt lat="53.62962336279451847076416015625" lon="21.5115950815379619598388671875">
        <ele>134.8000030517578125</ele>
        <time>2026-09-05T09:37:36.000Z</time>
        <extensions>
          <ns3:TrackPointExtension>
            <ns3:hr>167</ns3:hr>
          </ns3:TrackPointExtension>
        </extensions>
      </trkpt>
      <trkpt lat="53.62954876385629177093505859375" lon="21.51141327805817127227783203125">
        <ele>134.8000030517578125</ele>
        <time>2026-09-05T09:37:39.000Z</time>
        <extensions>
          <ns3:TrackPointExtension>
            <ns3:hr>167</ns3:hr>
          </ns3:TrackPointExtension>
        </extensions>
      </trkpt>
      <trkpt lat="53.629405684769153594970703125" lon="21.51116140186786651611328125">
        <ele>134.600006103515625</ele>
        <time>2026-09-05T09:37:44.000Z</time>
        <extensions>
          <ns3:TrackPointExtension>
            <ns3:hr>166</ns3:hr>
          </ns3:TrackPointExtension>
        </extensions>
      </trkpt>
      <trkpt lat="53.62931608222424983978271484375" lon="21.51098798029124736785888671875">
        <ele>134.600006103515625</ele>
        <time>2026-09-05T09:37:48.000Z</time>
        <extensions>
          <ns3:TrackPointExtension>
            <ns3:hr>167</ns3:hr>
          </ns3:TrackPointExtension>
        </extensions>
      </trkpt>
      <trkpt lat="53.6292288266122341156005859375" lon="21.51075831614434719085693359375">
        <ele>134.399993896484375</ele>
        <time>2026-09-05T09:37:52.000Z</time>
        <extensions>
          <ns3:TrackPointExtension>
            <ns3:hr>167</ns3:hr>
          </ns3:TrackPointExtension>
        </extensions>
      </trkpt>
      <trkpt lat="53.62916856072843074798583984375" lon="21.51048791594803333282470703125">
        <ele>134</ele>
        <time>2026-09-05T09:37:56.000Z</time>
        <extensions>
          <ns3:TrackPointExtension>
            <ns3:hr>167</ns3:hr>
          </ns3:TrackPointExtension>
        </extensions>
      </trkpt>
      <trkpt lat="53.62914492376148700714111328125" lon="21.51043192483484745025634765625">
        <ele>134</ele>
        <time>2026-09-05T09:37:57.000Z</time>
        <extensions>
          <ns3:TrackPointExtension>
            <ns3:hr>167</ns3:hr>
          </ns3:TrackPointExtension>
        </extensions>
      </trkpt>
      <trkpt lat="53.62910234369337558746337890625" lon="21.51028675027191638946533203125">
        <ele>134</ele>
        <time>2026-09-05T09:37:59.000Z</time>
        <extensions>
          <ns3:TrackPointExtension>
            <ns3:hr>167</ns3:hr>
          </ns3:TrackPointExtension>
        </extensions>
      </trkpt>
      <trkpt lat="53.62900502979755401611328125" lon="21.50998952798545360565185546875">
        <ele>134.399993896484375</ele>
        <time>2026-09-05T09:38:03.000Z</time>
        <extensions>
          <ns3:TrackPointExtension>
            <ns3:hr>167</ns3:hr>
          </ns3:TrackPointExtension>
        </extensions>
      </trkpt>
      <trkpt lat="53.6289089731872081756591796875" lon="21.5097862668335437774658203125">
        <ele>134.8000030517578125</ele>
        <time>2026-09-05T09:38:07.000Z</time>
        <extensions>
          <ns3:TrackPointExtension>
            <ns3:hr>167</ns3:hr>
          </ns3:TrackPointExtension>
        </extensions>
      </trkpt>
      <trkpt lat="53.628820292651653289794921875" lon="21.5096749551594257354736328125">
        <ele>134.8000030517578125</ele>
        <time>2026-09-05T09:38:10.000Z</time>
        <extensions>
          <ns3:TrackPointExtension>
            <ns3:hr>167</ns3:hr>
          </ns3:TrackPointExtension>
        </extensions>
      </trkpt>
      <trkpt lat="53.62863983027637004852294921875" lon="21.50941737927496433258056640625">
        <ele>134.8000030517578125</ele>
        <time>2026-09-05T09:38:15.000Z</time>
        <extensions>
          <ns3:TrackPointExtension>
            <ns3:hr>166</ns3:hr>
          </ns3:TrackPointExtension>
        </extensions>
      </trkpt>
      <trkpt lat="53.628477640450000762939453125" lon="21.50921068154275417327880859375">
        <ele>134.600006103515625</ele>
        <time>2026-09-05T09:38:19.000Z</time>
        <extensions>
          <ns3:TrackPointExtension>
            <ns3:hr>167</ns3:hr>
          </ns3:TrackPointExtension>
        </extensions>
      </trkpt>
      <trkpt lat="53.6283892951905727386474609375" lon="21.509044468402862548828125">
        <ele>134.600006103515625</ele>
        <time>2026-09-05T09:38:22.000Z</time>
        <extensions>
          <ns3:TrackPointExtension>
            <ns3:hr>166</ns3:hr>
          </ns3:TrackPointExtension>
        </extensions>
      </trkpt>
      <trkpt lat="53.62830874510109424591064453125" lon="21.50893441401422023773193359375">
        <ele>134.600006103515625</ele>
        <time>2026-09-05T09:38:24.000Z</time>
        <extensions>
          <ns3:TrackPointExtension>
            <ns3:hr>167</ns3:hr>
          </ns3:TrackPointExtension>
        </extensions>
      </trkpt>
      <trkpt lat="53.62827085889875888824462890625" lon="21.508887223899364471435546875">
        <ele>134.8000030517578125</ele>
        <time>2026-09-05T09:38:25.000Z</time>
        <extensions>
          <ns3:TrackPointExtension>
            <ns3:hr>167</ns3:hr>
          </ns3:TrackPointExtension>
        </extensions>
      </trkpt>
      <trkpt lat="53.628149069845676422119140625" lon="21.50871866382658481597900390625">
        <ele>134.399993896484375</ele>
        <time>2026-09-05T09:38:29.000Z</time>
        <extensions>
          <ns3:TrackPointExtension>
            <ns3:hr>167</ns3:hr>
          </ns3:TrackPointExtension>
        </extensions>
      </trkpt>
      <trkpt lat="53.6280318908393383026123046875" lon="21.5085361897945404052734375">
        <ele>134.399993896484375</ele>
        <time>2026-09-05T09:38:33.000Z</time>
        <extensions>
          <ns3:TrackPointExtension>
            <ns3:hr>166</ns3:hr>
          </ns3:TrackPointExtension>
        </extensions>
      </trkpt>
      <trkpt lat="53.62792736850678920745849609375" lon="21.50838288478553295135498046875">
        <ele>134</ele>
        <time>2026-09-05T09:38:36.000Z</time>
        <extensions>
          <ns3:TrackPointExtension>
            <ns3:hr>165</ns3:hr>
          </ns3:TrackPointExtension>
        </extensions>
      </trkpt>
      <trkpt lat="53.62787774764001369476318359375" lon="21.5083170868456363677978515625">
        <ele>133.8000030517578125</ele>
        <time>2026-09-05T09:38:37.000Z</time>
        <extensions>
          <ns3:TrackPointExtension>
            <ns3:hr>165</ns3:hr>
          </ns3:TrackPointExtension>
        </extensions>
      </trkpt>
      <trkpt lat="53.62782661803066730499267578125" lon="21.5082185156643390655517578125">
        <ele>133.8000030517578125</ele>
        <time>2026-09-05T09:38:39.000Z</time>
        <extensions>
          <ns3:TrackPointExtension>
            <ns3:hr>165</ns3:hr>
          </ns3:TrackPointExtension>
        </extensions>
      </trkpt>
      <trkpt lat="53.62777984701097011566162109375" lon="21.5081112273037433624267578125">
        <ele>133.8000030517578125</ele>
        <time>2026-09-05T09:38:41.000Z</time>
        <extensions>
          <ns3:TrackPointExtension>
            <ns3:hr>165</ns3:hr>
          </ns3:TrackPointExtension>
        </extensions>
      </trkpt>
      <trkpt lat="53.62773240543901920318603515625" lon="21.50800318457186222076416015625">
        <ele>133.8000030517578125</ele>
        <time>2026-09-05T09:38:44.000Z</time>
        <extensions>
          <ns3:TrackPointExtension>
            <ns3:hr>165</ns3:hr>
          </ns3:TrackPointExtension>
        </extensions>
      </trkpt>
      <trkpt lat="53.62767624668776988983154296875" lon="21.50788030587136745452880859375">
        <ele>133.8000030517578125</ele>
        <time>2026-09-05T09:38:47.000Z</time>
        <extensions>
          <ns3:TrackPointExtension>
            <ns3:hr>166</ns3:hr>
          </ns3:TrackPointExtension>
        </extensions>
      </trkpt>
      <trkpt lat="53.62763601355254650115966796875" lon="21.5077890269458293914794921875">
        <ele>134</ele>
        <time>2026-09-05T09:38:49.000Z</time>
        <extensions>
          <ns3:TrackPointExtension>
            <ns3:hr>165</ns3:hr>
          </ns3:TrackPointExtension>
        </extensions>
      </trkpt>
      <trkpt lat="53.62755118869245052337646484375" lon="21.5075593627989292144775390625">
        <ele>134.399993896484375</ele>
        <time>2026-09-05T09:38:53.000Z</time>
        <extensions>
          <ns3:TrackPointExtension>
            <ns3:hr>165</ns3:hr>
          </ns3:TrackPointExtension>
        </extensions>
      </trkpt>
      <trkpt lat="53.6274755001068115234375" lon="21.50744545273482799530029296875">
        <ele>134.399993896484375</ele>
        <time>2026-09-05T09:38:55.000Z</time>
        <extensions>
          <ns3:TrackPointExtension>
            <ns3:hr>166</ns3:hr>
          </ns3:TrackPointExtension>
        </extensions>
      </trkpt>
      <trkpt lat="53.62745446152985095977783203125" lon="21.5073907189071178436279296875">
        <ele>134.399993896484375</ele>
        <time>2026-09-05T09:38:56.000Z</time>
        <extensions>
          <ns3:TrackPointExtension>
            <ns3:hr>167</ns3:hr>
          </ns3:TrackPointExtension>
        </extensions>
      </trkpt>
      <trkpt lat="53.62729855813086032867431640625" lon="21.5072022937238216400146484375">
        <ele>134.399993896484375</ele>
        <time>2026-09-05T09:39:00.000Z</time>
        <extensions>
          <ns3:TrackPointExtension>
            <ns3:hr>166</ns3:hr>
          </ns3:TrackPointExtension>
        </extensions>
      </trkpt>
      <trkpt lat="53.62724684178829193115234375" lon="21.5071325562894344329833984375">
        <ele>134</ele>
        <time>2026-09-05T09:39:01.000Z</time>
        <extensions>
          <ns3:TrackPointExtension>
            <ns3:hr>166</ns3:hr>
          </ns3:TrackPointExtension>
        </extensions>
      </trkpt>
      <trkpt lat="53.62709932029247283935546875" lon="21.5069505013525485992431640625">
        <ele>133.600006103515625</ele>
        <time>2026-09-05T09:39:04.000Z</time>
        <extensions>
          <ns3:TrackPointExtension>
            <ns3:hr>167</ns3:hr>
          </ns3:TrackPointExtension>
        </extensions>
      </trkpt>
      <trkpt lat="53.62705648876726627349853515625" lon="21.506892330944538116455078125">
        <ele>133.1999969482421875</ele>
        <time>2026-09-05T09:39:05.000Z</time>
        <extensions>
          <ns3:TrackPointExtension>
            <ns3:hr>166</ns3:hr>
          </ns3:TrackPointExtension>
        </extensions>
      </trkpt>
      <trkpt lat="53.62686051987111568450927734375" lon="21.506594605743885040283203125">
        <ele>132.1999969482421875</ele>
        <time>2026-09-05T09:39:11.000Z</time>
        <extensions>
          <ns3:TrackPointExtension>
            <ns3:hr>165</ns3:hr>
          </ns3:TrackPointExtension>
        </extensions>
      </trkpt>
      <trkpt lat="53.626760356128215789794921875" lon="21.5064172446727752685546875">
        <ele>131</ele>
        <time>2026-09-05T09:39:14.000Z</time>
        <extensions>
          <ns3:TrackPointExtension>
            <ns3:hr>165</ns3:hr>
          </ns3:TrackPointExtension>
        </extensions>
      </trkpt>
      <trkpt lat="53.6267226375639438629150390625" lon="21.50635932572185993194580078125">
        <ele>130.600006103515625</ele>
        <time>2026-09-05T09:39:15.000Z</time>
        <extensions>
          <ns3:TrackPointExtension>
            <ns3:hr>164</ns3:hr>
          </ns3:TrackPointExtension>
        </extensions>
      </trkpt>
      <trkpt lat="53.6266426742076873779296875" lon="21.50621348060667514801025390625">
        <ele>130.399993896484375</ele>
        <time>2026-09-05T09:39:17.000Z</time>
        <extensions>
          <ns3:TrackPointExtension>
            <ns3:hr>164</ns3:hr>
          </ns3:TrackPointExtension>
        </extensions>
      </trkpt>
      <trkpt lat="53.6264809034764766693115234375" lon="21.50593855418264865875244140625">
        <ele>131</ele>
        <time>2026-09-05T09:39:21.000Z</time>
        <extensions>
          <ns3:TrackPointExtension>
            <ns3:hr>164</ns3:hr>
          </ns3:TrackPointExtension>
        </extensions>
      </trkpt>
      <trkpt lat="53.62640219740569591522216796875" lon="21.50582321919500827789306640625">
        <ele>131.1999969482421875</ele>
        <time>2026-09-05T09:39:23.000Z</time>
        <extensions>
          <ns3:TrackPointExtension>
            <ns3:hr>163</ns3:hr>
          </ns3:TrackPointExtension>
        </extensions>
      </trkpt>
      <trkpt lat="53.62632491625845432281494140625" lon="21.5057183615863323211669921875">
        <ele>131.1999969482421875</ele>
        <time>2026-09-05T09:39:25.000Z</time>
        <extensions>
          <ns3:TrackPointExtension>
            <ns3:hr>163</ns3:hr>
          </ns3:TrackPointExtension>
        </extensions>
      </trkpt>
      <trkpt lat="53.62624813802540302276611328125" lon="21.50558668188750743865966796875">
        <ele>130.600006103515625</ele>
        <time>2026-09-05T09:39:27.000Z</time>
        <extensions>
          <ns3:TrackPointExtension>
            <ns3:hr>163</ns3:hr>
          </ns3:TrackPointExtension>
        </extensions>
      </trkpt>
      <trkpt lat="53.62616683356463909149169921875" lon="21.5054784715175628662109375">
        <ele>131</ele>
        <time>2026-09-05T09:39:29.000Z</time>
        <extensions>
          <ns3:TrackPointExtension>
            <ns3:hr>163</ns3:hr>
          </ns3:TrackPointExtension>
        </extensions>
      </trkpt>
      <trkpt lat="53.626064322888851165771484375" lon="21.50532902218401432037353515625">
        <ele>131</ele>
        <time>2026-09-05T09:39:32.000Z</time>
        <extensions>
          <ns3:TrackPointExtension>
            <ns3:hr>163</ns3:hr>
          </ns3:TrackPointExtension>
        </extensions>
      </trkpt>
      <trkpt lat="53.62599148415029048919677734375" lon="21.5052182972431182861328125">
        <ele>130.600006103515625</ele>
        <time>2026-09-05T09:39:34.000Z</time>
        <extensions>
          <ns3:TrackPointExtension>
            <ns3:hr>163</ns3:hr>
          </ns3:TrackPointExtension>
        </extensions>
      </trkpt>
      <trkpt lat="53.6259474791586399078369140625" lon="21.5051497332751750946044921875">
        <ele>130.600006103515625</ele>
        <time>2026-09-05T09:39:35.000Z</time>
        <extensions>
          <ns3:TrackPointExtension>
            <ns3:hr>162</ns3:hr>
          </ns3:TrackPointExtension>
        </extensions>
      </trkpt>
      <trkpt lat="53.62582082860171794891357421875" lon="21.50502308271825313568115234375">
        <ele>130.600006103515625</ele>
        <time>2026-09-05T09:39:38.000Z</time>
        <extensions>
          <ns3:TrackPointExtension>
            <ns3:hr>162</ns3:hr>
          </ns3:TrackPointExtension>
        </extensions>
      </trkpt>
      <trkpt lat="53.6257211677730083465576171875" lon="21.50491126812994480133056640625">
        <ele>131.1999969482421875</ele>
        <time>2026-09-05T09:39:41.000Z</time>
        <extensions>
          <ns3:TrackPointExtension>
            <ns3:hr>160</ns3:hr>
          </ns3:TrackPointExtension>
        </extensions>
      </trkpt>
      <trkpt lat="53.625611029565334320068359375" lon="21.50476508773863315582275390625">
        <ele>131.1999969482421875</ele>
        <time>2026-09-05T09:39:45.000Z</time>
        <extensions>
          <ns3:TrackPointExtension>
            <ns3:hr>160</ns3:hr>
          </ns3:TrackPointExtension>
        </extensions>
      </trkpt>
      <trkpt lat="53.6255179904401302337646484375" lon="21.50462293066084384918212890625">
        <ele>131.8000030517578125</ele>
        <time>2026-09-05T09:39:49.000Z</time>
        <extensions>
          <ns3:TrackPointExtension>
            <ns3:hr>159</ns3:hr>
          </ns3:TrackPointExtension>
        </extensions>
      </trkpt>
      <trkpt lat="53.6254070140421390533447265625" lon="21.5044490061700344085693359375">
        <ele>131.600006103515625</ele>
        <time>2026-09-05T09:39:53.000Z</time>
        <extensions>
          <ns3:TrackPointExtension>
            <ns3:hr>159</ns3:hr>
          </ns3:TrackPointExtension>
        </extensions>
      </trkpt>
      <trkpt lat="53.62534926272928714752197265625" lon="21.504344232380390167236328125">
        <ele>131.600006103515625</ele>
        <time>2026-09-05T09:39:55.000Z</time>
        <extensions>
          <ns3:TrackPointExtension>
            <ns3:hr>159</ns3:hr>
          </ns3:TrackPointExtension>
        </extensions>
      </trkpt>
      <trkpt lat="53.62530098296701908111572265625" lon="21.50428195483982563018798828125">
        <ele>131.8000030517578125</ele>
        <time>2026-09-05T09:39:57.000Z</time>
        <extensions>
          <ns3:TrackPointExtension>
            <ns3:hr>159</ns3:hr>
          </ns3:TrackPointExtension>
        </extensions>
      </trkpt>
      <trkpt lat="53.6252115480601787567138671875" lon="21.5041767619550228118896484375">
        <ele>131.600006103515625</ele>
        <time>2026-09-05T09:40:00.000Z</time>
        <extensions>
          <ns3:TrackPointExtension>
            <ns3:hr>159</ns3:hr>
          </ns3:TrackPointExtension>
        </extensions>
      </trkpt>
      <trkpt lat="53.62514239735901355743408203125" lon="21.50406201370060443878173828125">
        <ele>131.8000030517578125</ele>
        <time>2026-09-05T09:40:03.000Z</time>
        <extensions>
          <ns3:TrackPointExtension>
            <ns3:hr>159</ns3:hr>
          </ns3:TrackPointExtension>
        </extensions>
      </trkpt>
      <trkpt lat="53.625112138688564300537109375" lon="21.5040268935263156890869140625">
        <ele>131.8000030517578125</ele>
        <time>2026-09-05T09:40:04.000Z</time>
        <extensions>
          <ns3:TrackPointExtension>
            <ns3:hr>159</ns3:hr>
          </ns3:TrackPointExtension>
        </extensions>
      </trkpt>
      <trkpt lat="53.62504131160676479339599609375" lon="21.50394299067556858062744140625">
        <ele>132.1999969482421875</ele>
        <time>2026-09-05T09:40:07.000Z</time>
        <extensions>
          <ns3:TrackPointExtension>
            <ns3:hr>159</ns3:hr>
          </ns3:TrackPointExtension>
        </extensions>
      </trkpt>
      <trkpt lat="53.62493536435067653656005859375" lon="21.50378691963851451873779296875">
        <ele>132.600006103515625</ele>
        <time>2026-09-05T09:40:12.000Z</time>
        <extensions>
          <ns3:TrackPointExtension>
            <ns3:hr>160</ns3:hr>
          </ns3:TrackPointExtension>
        </extensions>
      </trkpt>
      <trkpt lat="53.624812066555023193359375" lon="21.50364316999912261962890625">
        <ele>133</ele>
        <time>2026-09-05T09:40:16.000Z</time>
        <extensions>
          <ns3:TrackPointExtension>
            <ns3:hr>161</ns3:hr>
          </ns3:TrackPointExtension>
        </extensions>
      </trkpt>
      <trkpt lat="53.624790273606777191162109375" lon="21.5036250650882720947265625">
        <ele>133.1999969482421875</ele>
        <time>2026-09-05T09:40:17.000Z</time>
        <extensions>
          <ns3:TrackPointExtension>
            <ns3:hr>162</ns3:hr>
          </ns3:TrackPointExtension>
        </extensions>
      </trkpt>
      <trkpt lat="53.6246798001229763031005859375" lon="21.5034699998795986175537109375">
        <ele>133.1999969482421875</ele>
        <time>2026-09-05T09:40:21.000Z</time>
        <extensions>
          <ns3:TrackPointExtension>
            <ns3:hr>163</ns3:hr>
          </ns3:TrackPointExtension>
        </extensions>
      </trkpt>
      <trkpt lat="53.6245651356875896453857421875" lon="21.50330630131065845489501953125">
        <ele>133.600006103515625</ele>
        <time>2026-09-05T09:40:25.000Z</time>
        <extensions>
          <ns3:TrackPointExtension>
            <ns3:hr>164</ns3:hr>
          </ns3:TrackPointExtension>
        </extensions>
      </trkpt>
      <trkpt lat="53.624479472637176513671875" lon="21.50314888916909694671630859375">
        <ele>133.1999969482421875</ele>
        <time>2026-09-05T09:40:29.000Z</time>
        <extensions>
          <ns3:TrackPointExtension>
            <ns3:hr>164</ns3:hr>
          </ns3:TrackPointExtension>
        </extensions>
      </trkpt>
      <trkpt lat="53.6243616230785846710205078125" lon="21.50296264328062534332275390625">
        <ele>133.1999969482421875</ele>
        <time>2026-09-05T09:40:33.000Z</time>
        <extensions>
          <ns3:TrackPointExtension>
            <ns3:hr>165</ns3:hr>
          </ns3:TrackPointExtension>
        </extensions>
      </trkpt>
      <trkpt lat="53.6243140138685703277587890625" lon="21.502850241959095001220703125">
        <ele>133.1999969482421875</ele>
        <time>2026-09-05T09:40:35.000Z</time>
        <extensions>
          <ns3:TrackPointExtension>
            <ns3:hr>165</ns3:hr>
          </ns3:TrackPointExtension>
        </extensions>
      </trkpt>
      <trkpt lat="53.62427822314202785491943359375" lon="21.50278662331402301788330078125">
        <ele>133</ele>
        <time>2026-09-05T09:40:36.000Z</time>
        <extensions>
          <ns3:TrackPointExtension>
            <ns3:hr>165</ns3:hr>
          </ns3:TrackPointExtension>
        </extensions>
      </trkpt>
      <trkpt lat="53.624155931174755096435546875" lon="21.50260808877646923065185546875">
        <ele>132.399993896484375</ele>
        <time>2026-09-05T09:40:40.000Z</time>
        <extensions>
          <ns3:TrackPointExtension>
            <ns3:hr>166</ns3:hr>
          </ns3:TrackPointExtension>
        </extensions>
      </trkpt>
      <trkpt lat="53.6241366527974605560302734375" lon="21.5025671012699604034423828125">
        <ele>132.399993896484375</ele>
        <time>2026-09-05T09:40:41.000Z</time>
        <extensions>
          <ns3:TrackPointExtension>
            <ns3:hr>166</ns3:hr>
          </ns3:TrackPointExtension>
        </extensions>
      </trkpt>
      <trkpt lat="53.6240008659660816192626953125" lon="21.502335257828235626220703125">
        <ele>131.8000030517578125</ele>
        <time>2026-09-05T09:40:46.000Z</time>
        <extensions>
          <ns3:TrackPointExtension>
            <ns3:hr>167</ns3:hr>
          </ns3:TrackPointExtension>
        </extensions>
      </trkpt>
      <trkpt lat="53.62396272830665111541748046875" lon="21.50224096141755580902099609375">
        <ele>132.1999969482421875</ele>
        <time>2026-09-05T09:40:48.000Z</time>
        <extensions>
          <ns3:TrackPointExtension>
            <ns3:hr>166</ns3:hr>
          </ns3:TrackPointExtension>
        </extensions>
      </trkpt>
      <trkpt lat="53.623921573162078857421875" lon="21.502189747989177703857421875">
        <ele>132.399993896484375</ele>
        <time>2026-09-05T09:40:49.000Z</time>
        <extensions>
          <ns3:TrackPointExtension>
            <ns3:hr>167</ns3:hr>
          </ns3:TrackPointExtension>
        </extensions>
      </trkpt>
      <trkpt lat="53.62385376356542110443115234375" lon="21.5020946972072124481201171875">
        <ele>132.399993896484375</ele>
        <time>2026-09-05T09:40:51.000Z</time>
        <extensions>
          <ns3:TrackPointExtension>
            <ns3:hr>166</ns3:hr>
          </ns3:TrackPointExtension>
        </extensions>
      </trkpt>
      <trkpt lat="53.62379483878612518310546875" lon="21.501974500715732574462890625">
        <ele>131.8000030517578125</ele>
        <time>2026-09-05T09:40:53.000Z</time>
        <extensions>
          <ns3:TrackPointExtension>
            <ns3:hr>166</ns3:hr>
          </ns3:TrackPointExtension>
        </extensions>
      </trkpt>
      <trkpt lat="53.623733483254909515380859375" lon="21.501878611743450164794921875">
        <ele>131.1999969482421875</ele>
        <time>2026-09-05T09:40:55.000Z</time>
        <extensions>
          <ns3:TrackPointExtension>
            <ns3:hr>166</ns3:hr>
          </ns3:TrackPointExtension>
        </extensions>
      </trkpt>
      <trkpt lat="53.62369584850966930389404296875" lon="21.50182806886732578277587890625">
        <ele>131</ele>
        <time>2026-09-05T09:40:56.000Z</time>
        <extensions>
          <ns3:TrackPointExtension>
            <ns3:hr>167</ns3:hr>
          </ns3:TrackPointExtension>
        </extensions>
      </trkpt>
      <trkpt lat="53.62363281659781932830810546875" lon="21.50172480382025241851806640625">
        <ele>130.1999969482421875</ele>
        <time>2026-09-05T09:40:58.000Z</time>
        <extensions>
          <ns3:TrackPointExtension>
            <ns3:hr>166</ns3:hr>
          </ns3:TrackPointExtension>
        </extensions>
      </trkpt>
      <trkpt lat="53.62357917241752147674560546875" lon="21.501620449125766754150390625">
        <ele>130</ele>
        <time>2026-09-05T09:41:00.000Z</time>
        <extensions>
          <ns3:TrackPointExtension>
            <ns3:hr>165</ns3:hr>
          </ns3:TrackPointExtension>
        </extensions>
      </trkpt>
      <trkpt lat="53.623547069728374481201171875" lon="21.50157786905765533447265625">
        <ele>129.8000030517578125</ele>
        <time>2026-09-05T09:41:01.000Z</time>
        <extensions>
          <ns3:TrackPointExtension>
            <ns3:hr>165</ns3:hr>
          </ns3:TrackPointExtension>
        </extensions>
      </trkpt>
      <trkpt lat="53.62333777360618114471435546875" lon="21.501297242939472198486328125">
        <ele>129.1999969482421875</ele>
        <time>2026-09-05T09:41:06.000Z</time>
        <extensions>
          <ns3:TrackPointExtension>
            <ns3:hr>163</ns3:hr>
          </ns3:TrackPointExtension>
        </extensions>
      </trkpt>
      <trkpt lat="53.62321145832538604736328125" lon="21.5011733584105968475341796875">
        <ele>129.600006103515625</ele>
        <time>2026-09-05T09:41:09.000Z</time>
        <extensions>
          <ns3:TrackPointExtension>
            <ns3:hr>161</ns3:hr>
          </ns3:TrackPointExtension>
        </extensions>
      </trkpt>
      <trkpt lat="53.62316611222922801971435546875" lon="21.5011405013501644134521484375">
        <ele>129.1999969482421875</ele>
        <time>2026-09-05T09:41:10.000Z</time>
        <extensions>
          <ns3:TrackPointExtension>
            <ns3:hr>161</ns3:hr>
          </ns3:TrackPointExtension>
        </extensions>
      </trkpt>
      <trkpt lat="53.62304306589066982269287109375" lon="21.500933803617954254150390625">
        <ele>129.600006103515625</ele>
        <time>2026-09-05T09:41:14.000Z</time>
        <extensions>
          <ns3:TrackPointExtension>
            <ns3:hr>160</ns3:hr>
          </ns3:TrackPointExtension>
        </extensions>
      </trkpt>
      <trkpt lat="53.6230218596756458282470703125" lon="21.50088912807404994964599609375">
        <ele>129.600006103515625</ele>
        <time>2026-09-05T09:41:15.000Z</time>
        <extensions>
          <ns3:TrackPointExtension>
            <ns3:hr>160</ns3:hr>
          </ns3:TrackPointExtension>
        </extensions>
      </trkpt>
      <trkpt lat="53.6229574866592884063720703125" lon="21.500820815563201904296875">
        <ele>129.600006103515625</ele>
        <time>2026-09-05T09:41:17.000Z</time>
        <extensions>
          <ns3:TrackPointExtension>
            <ns3:hr>160</ns3:hr>
          </ns3:TrackPointExtension>
        </extensions>
      </trkpt>
      <trkpt lat="53.62286947667598724365234375" lon="21.50075954385101795196533203125">
        <ele>130</ele>
        <time>2026-09-05T09:41:19.000Z</time>
        <extensions>
          <ns3:TrackPointExtension>
            <ns3:hr>159</ns3:hr>
          </ns3:TrackPointExtension>
        </extensions>
      </trkpt>
      <trkpt lat="53.6226195283234119415283203125" lon="21.50061487220227718353271484375">
        <ele>129.1999969482421875</ele>
        <time>2026-09-05T09:41:24.000Z</time>
        <extensions>
          <ns3:TrackPointExtension>
            <ns3:hr>157</ns3:hr>
          </ns3:TrackPointExtension>
        </extensions>
      </trkpt>
      <trkpt lat="53.6224750243127346038818359375" lon="21.50053105317056179046630859375">
        <ele>128.600006103515625</ele>
        <time>2026-09-05T09:41:27.000Z</time>
        <extensions>
          <ns3:TrackPointExtension>
            <ns3:hr>157</ns3:hr>
          </ns3:TrackPointExtension>
        </extensions>
      </trkpt>
      <trkpt lat="53.6223637126386165618896484375" lon="21.5004491619765758514404296875">
        <ele>128.1999969482421875</ele>
        <time>2026-09-05T09:41:29.000Z</time>
        <extensions>
          <ns3:TrackPointExtension>
            <ns3:hr>157</ns3:hr>
          </ns3:TrackPointExtension>
        </extensions>
      </trkpt>
      <trkpt lat="53.62222440540790557861328125" lon="21.50032452307641506195068359375">
        <ele>127.8000030517578125</ele>
        <time>2026-09-05T09:41:32.000Z</time>
        <extensions>
          <ns3:TrackPointExtension>
            <ns3:hr>157</ns3:hr>
          </ns3:TrackPointExtension>
        </extensions>
      </trkpt>
      <trkpt lat="53.62213245593011379241943359375" lon="21.5002573840320110321044921875">
        <ele>128</ele>
        <time>2026-09-05T09:41:34.000Z</time>
        <extensions>
          <ns3:TrackPointExtension>
            <ns3:hr>156</ns3:hr>
          </ns3:TrackPointExtension>
        </extensions>
      </trkpt>
      <trkpt lat="53.6219836771488189697265625" lon="21.50005898438394069671630859375">
        <ele>128</ele>
        <time>2026-09-05T09:41:38.000Z</time>
        <extensions>
          <ns3:TrackPointExtension>
            <ns3:hr>156</ns3:hr>
          </ns3:TrackPointExtension>
        </extensions>
      </trkpt>
      <trkpt lat="53.6218540929257869720458984375" lon="21.49973921477794647216796875">
        <ele>128.600006103515625</ele>
        <time>2026-09-05T09:41:43.000Z</time>
        <extensions>
          <ns3:TrackPointExtension>
            <ns3:hr>156</ns3:hr>
          </ns3:TrackPointExtension>
        </extensions>
      </trkpt>
      <trkpt lat="53.62177270464599132537841796875" lon="21.49960787035524845123291015625">
        <ele>128.600006103515625</ele>
        <time>2026-09-05T09:41:47.000Z</time>
        <extensions>
          <ns3:TrackPointExtension>
            <ns3:hr>157</ns3:hr>
          </ns3:TrackPointExtension>
        </extensions>
      </trkpt>
      <trkpt lat="53.6216864548623561859130859375" lon="21.49935892783105373382568359375">
        <ele>128.600006103515625</ele>
        <time>2026-09-05T09:41:51.000Z</time>
        <extensions>
          <ns3:TrackPointExtension>
            <ns3:hr>159</ns3:hr>
          </ns3:TrackPointExtension>
        </extensions>
      </trkpt>
      <trkpt lat="53.62155108712613582611083984375" lon="21.4990389905869960784912109375">
        <ele>129.1999969482421875</ele>
        <time>2026-09-05T09:41:56.000Z</time>
        <extensions>
          <ns3:TrackPointExtension>
            <ns3:hr>161</ns3:hr>
          </ns3:TrackPointExtension>
        </extensions>
      </trkpt>
      <trkpt lat="53.6214541085064411163330078125" lon="21.49881510995328426361083984375">
        <ele>129.1999969482421875</ele>
        <time>2026-09-05T09:42:00.000Z</time>
        <extensions>
          <ns3:TrackPointExtension>
            <ns3:hr>161</ns3:hr>
          </ns3:TrackPointExtension>
        </extensions>
      </trkpt>
      <trkpt lat="53.6213702894747257232666015625" lon="21.49865317158401012420654296875">
        <ele>129.8000030517578125</ele>
        <time>2026-09-05T09:42:03.000Z</time>
        <extensions>
          <ns3:TrackPointExtension>
            <ns3:hr>161</ns3:hr>
          </ns3:TrackPointExtension>
        </extensions>
      </trkpt>
      <trkpt lat="53.621338270604610443115234375" lon="21.49859122931957244873046875">
        <ele>130</ele>
        <time>2026-09-05T09:42:04.000Z</time>
        <extensions>
          <ns3:TrackPointExtension>
            <ns3:hr>161</ns3:hr>
          </ns3:TrackPointExtension>
        </extensions>
      </trkpt>
      <trkpt lat="53.62121053040027618408203125" lon="21.49828520603477954864501953125">
        <ele>129.1999969482421875</ele>
        <time>2026-09-05T09:42:09.000Z</time>
        <extensions>
          <ns3:TrackPointExtension>
            <ns3:hr>160</ns3:hr>
          </ns3:TrackPointExtension>
        </extensions>
      </trkpt>
      <trkpt lat="53.62116384319961071014404296875" lon="21.49812930263578891754150390625">
        <ele>128.600006103515625</ele>
        <time>2026-09-05T09:42:11.000Z</time>
        <extensions>
          <ns3:TrackPointExtension>
            <ns3:hr>161</ns3:hr>
          </ns3:TrackPointExtension>
        </extensions>
      </trkpt>
      <trkpt lat="53.62106543965637683868408203125" lon="21.49787642061710357666015625">
        <ele>128.1999969482421875</ele>
        <time>2026-09-05T09:42:14.000Z</time>
        <extensions>
          <ns3:TrackPointExtension>
            <ns3:hr>160</ns3:hr>
          </ns3:TrackPointExtension>
        </extensions>
      </trkpt>
      <trkpt lat="53.620996959507465362548828125" lon="21.49772009812295436859130859375">
        <ele>127.59999847412109375</ele>
        <time>2026-09-05T09:42:16.000Z</time>
        <extensions>
          <ns3:TrackPointExtension>
            <ns3:hr>160</ns3:hr>
          </ns3:TrackPointExtension>
        </extensions>
      </trkpt>
      <trkpt lat="53.6209558881819248199462890625" lon="21.4975677989423274993896484375">
        <ele>126.8000030517578125</ele>
        <time>2026-09-05T09:42:18.000Z</time>
        <extensions>
          <ns3:TrackPointExtension>
            <ns3:hr>161</ns3:hr>
          </ns3:TrackPointExtension>
        </extensions>
      </trkpt>
      <trkpt lat="53.620895706117153167724609375" lon="21.49740929715335369110107421875">
        <ele>126.40000152587890625</ele>
        <time>2026-09-05T09:42:20.000Z</time>
        <extensions>
          <ns3:TrackPointExtension>
            <ns3:hr>161</ns3:hr>
          </ns3:TrackPointExtension>
        </extensions>
      </trkpt>
      <trkpt lat="53.6208249628543853759765625" lon="21.49720695801079273223876953125">
        <ele>126.1999969482421875</ele>
        <time>2026-09-05T09:42:23.000Z</time>
        <extensions>
          <ns3:TrackPointExtension>
            <ns3:hr>161</ns3:hr>
          </ns3:TrackPointExtension>
        </extensions>
      </trkpt>
      <trkpt lat="53.62079017795622348785400390625" lon="21.4971218816936016082763671875">
        <ele>126</ele>
        <time>2026-09-05T09:42:24.000Z</time>
        <extensions>
          <ns3:TrackPointExtension>
            <ns3:hr>162</ns3:hr>
          </ns3:TrackPointExtension>
        </extensions>
      </trkpt>
      <trkpt lat="53.62074592150747776031494140625" lon="21.49696975015103816986083984375">
        <ele>125.8000030517578125</ele>
        <time>2026-09-05T09:42:26.000Z</time>
        <extensions>
          <ns3:TrackPointExtension>
            <ns3:hr>162</ns3:hr>
          </ns3:TrackPointExtension>
        </extensions>
      </trkpt>
      <trkpt lat="53.6207054369151592254638671875" lon="21.49682977236807346343994140625">
        <ele>126</ele>
        <time>2026-09-05T09:42:28.000Z</time>
        <extensions>
          <ns3:TrackPointExtension>
            <ns3:hr>162</ns3:hr>
          </ns3:TrackPointExtension>
        </extensions>
      </trkpt>
      <trkpt lat="53.6206460930407047271728515625" lon="21.49660170078277587890625">
        <ele>126.40000152587890625</ele>
        <time>2026-09-05T09:42:31.000Z</time>
        <extensions>
          <ns3:TrackPointExtension>
            <ns3:hr>162</ns3:hr>
          </ns3:TrackPointExtension>
        </extensions>
      </trkpt>
      <trkpt lat="53.62057962454855442047119140625" lon="21.49638553149998188018798828125">
        <ele>125.8000030517578125</ele>
        <time>2026-09-05T09:42:35.000Z</time>
        <extensions>
          <ns3:TrackPointExtension>
            <ns3:hr>161</ns3:hr>
          </ns3:TrackPointExtension>
        </extensions>
      </trkpt>
      <trkpt lat="53.620490692555904388427734375" lon="21.4962310530245304107666015625">
        <ele>125.8000030517578125</ele>
        <time>2026-09-05T09:42:38.000Z</time>
        <extensions>
          <ns3:TrackPointExtension>
            <ns3:hr>160</ns3:hr>
          </ns3:TrackPointExtension>
        </extensions>
      </trkpt>
      <trkpt lat="53.6204030178487300872802734375" lon="21.49607087485492229461669921875">
        <ele>127</ele>
        <time>2026-09-05T09:42:42.000Z</time>
        <extensions>
          <ns3:TrackPointExtension>
            <ns3:hr>159</ns3:hr>
          </ns3:TrackPointExtension>
        </extensions>
      </trkpt>
      <trkpt lat="53.620317019522190093994140625" lon="21.49592720903456211090087890625">
        <ele>126.8000030517578125</ele>
        <time>2026-09-05T09:42:46.000Z</time>
        <extensions>
          <ns3:TrackPointExtension>
            <ns3:hr>158</ns3:hr>
          </ns3:TrackPointExtension>
        </extensions>
      </trkpt>
      <trkpt lat="53.620209731161594390869140625" lon="21.49577356874942779541015625">
        <ele>127</ele>
        <time>2026-09-05T09:42:50.000Z</time>
        <extensions>
          <ns3:TrackPointExtension>
            <ns3:hr>156</ns3:hr>
          </ns3:TrackPointExtension>
        </extensions>
      </trkpt>
      <trkpt lat="53.62015533261001110076904296875" lon="21.49566887877881526947021484375">
        <ele>127.40000152587890625</ele>
        <time>2026-09-05T09:42:53.000Z</time>
        <extensions>
          <ns3:TrackPointExtension>
            <ns3:hr>154</ns3:hr>
          </ns3:TrackPointExtension>
        </extensions>
      </trkpt>
      <trkpt lat="53.6201195418834686279296875" lon="21.495639123022556304931640625">
        <ele>127.59999847412109375</ele>
        <time>2026-09-05T09:42:54.000Z</time>
        <extensions>
          <ns3:TrackPointExtension>
            <ns3:hr>155</ns3:hr>
          </ns3:TrackPointExtension>
        </extensions>
      </trkpt>
      <trkpt lat="53.6200637184083461761474609375" lon="21.4955786056816577911376953125">
        <ele>128</ele>
        <time>2026-09-05T09:42:56.000Z</time>
        <extensions>
          <ns3:TrackPointExtension>
            <ns3:hr>156</ns3:hr>
          </ns3:TrackPointExtension>
        </extensions>
      </trkpt>
      <trkpt lat="53.61992617137730121612548828125" lon="21.4954525418579578399658203125">
        <ele>128.399993896484375</ele>
        <time>2026-09-05T09:43:00.000Z</time>
        <extensions>
          <ns3:TrackPointExtension>
            <ns3:hr>156</ns3:hr>
          </ns3:TrackPointExtension>
        </extensions>
      </trkpt>
      <trkpt lat="53.61982810311019420623779296875" lon="21.49540652520954608917236328125">
        <ele>128.600006103515625</ele>
        <time>2026-09-05T09:43:04.000Z</time>
        <extensions>
          <ns3:TrackPointExtension>
            <ns3:hr>157</ns3:hr>
          </ns3:TrackPointExtension>
        </extensions>
      </trkpt>
      <trkpt lat="53.61976037733256816864013671875" lon="21.49543904699385166168212890625">
        <ele>129.1999969482421875</ele>
        <time>2026-09-05T09:43:07.000Z</time>
        <extensions>
          <ns3:TrackPointExtension>
            <ns3:hr>159</ns3:hr>
          </ns3:TrackPointExtension>
        </extensions>
      </trkpt>
      <trkpt lat="53.619631715118885040283203125" lon="21.49544742889702320098876953125">
        <ele>129.1999969482421875</ele>
        <time>2026-09-05T09:43:12.000Z</time>
        <extensions>
          <ns3:TrackPointExtension>
            <ns3:hr>159</ns3:hr>
          </ns3:TrackPointExtension>
        </extensions>
      </trkpt>
      <trkpt lat="53.6195051483809947967529296875" lon="21.49544625543057918548583984375">
        <ele>129.600006103515625</ele>
        <time>2026-09-05T09:43:16.000Z</time>
        <extensions>
          <ns3:TrackPointExtension>
            <ns3:hr>162</ns3:hr>
          </ns3:TrackPointExtension>
        </extensions>
      </trkpt>
      <trkpt lat="53.6194739677011966705322265625" lon="21.49544877000153064727783203125">
        <ele>129.600006103515625</ele>
        <time>2026-09-05T09:43:17.000Z</time>
        <extensions>
          <ns3:TrackPointExtension>
            <ns3:hr>165</ns3:hr>
          </ns3:TrackPointExtension>
        </extensions>
      </trkpt>
      <trkpt lat="53.61938989721238613128662109375" lon="21.49544960819184780120849609375">
        <ele>130</ele>
        <time>2026-09-05T09:43:20.000Z</time>
        <extensions>
          <ns3:TrackPointExtension>
            <ns3:hr>166</ns3:hr>
          </ns3:TrackPointExtension>
        </extensions>
      </trkpt>
      <trkpt lat="53.61936039291322231292724609375" lon="21.49544826708734035491943359375">
        <ele>130.1999969482421875</ele>
        <time>2026-09-05T09:43:21.000Z</time>
        <extensions>
          <ns3:TrackPointExtension>
            <ns3:hr>166</ns3:hr>
          </ns3:TrackPointExtension>
        </extensions>
      </trkpt>
      <trkpt lat="53.61921857111155986785888671875" lon="21.4954817108809947967529296875">
        <ele>130.399993896484375</ele>
        <time>2026-09-05T09:43:26.000Z</time>
        <extensions>
          <ns3:TrackPointExtension>
            <ns3:hr>167</ns3:hr>
          </ns3:TrackPointExtension>
        </extensions>
      </trkpt>
      <trkpt lat="53.61916995607316493988037109375" lon="21.4955122210085391998291015625">
        <ele>130.600006103515625</ele>
        <time>2026-09-05T09:43:28.000Z</time>
        <extensions>
          <ns3:TrackPointExtension>
            <ns3:hr>167</ns3:hr>
          </ns3:TrackPointExtension>
        </extensions>
      </trkpt>
      <trkpt lat="53.6190880648791790008544921875" lon="21.4955516159534454345703125">
        <ele>131.1999969482421875</ele>
        <time>2026-09-05T09:43:32.000Z</time>
        <extensions>
          <ns3:TrackPointExtension>
            <ns3:hr>167</ns3:hr>
          </ns3:TrackPointExtension>
        </extensions>
      </trkpt>
      <trkpt lat="53.6190132983028888702392578125" lon="21.495562680065631866455078125">
        <ele>131.600006103515625</ele>
        <time>2026-09-05T09:43:35.000Z</time>
        <extensions>
          <ns3:TrackPointExtension>
            <ns3:hr>166</ns3:hr>
          </ns3:TrackPointExtension>
        </extensions>
      </trkpt>
      <trkpt lat="53.61898773349821567535400390625" lon="21.49556837975978851318359375">
        <ele>131.8000030517578125</ele>
        <time>2026-09-05T09:43:36.000Z</time>
        <extensions>
          <ns3:TrackPointExtension>
            <ns3:hr>167</ns3:hr>
          </ns3:TrackPointExtension>
        </extensions>
      </trkpt>
      <trkpt lat="53.61887223087251186370849609375" lon="21.495621688663959503173828125">
        <ele>131.8000030517578125</ele>
        <time>2026-09-05T09:43:40.000Z</time>
        <extensions>
          <ns3:TrackPointExtension>
            <ns3:hr>168</ns3:hr>
          </ns3:TrackPointExtension>
        </extensions>
      </trkpt>
      <trkpt lat="53.6187266372144222259521484375" lon="21.49567424319684505462646484375">
        <ele>131.8000030517578125</ele>
        <time>2026-09-05T09:43:45.000Z</time>
        <extensions>
          <ns3:TrackPointExtension>
            <ns3:hr>168</ns3:hr>
          </ns3:TrackPointExtension>
        </extensions>
      </trkpt>
      <trkpt lat="53.61863804049789905548095703125" lon="21.49573727510869503021240234375">
        <ele>131.600006103515625</ele>
        <time>2026-09-05T09:43:49.000Z</time>
        <extensions>
          <ns3:TrackPointExtension>
            <ns3:hr>169</ns3:hr>
          </ns3:TrackPointExtension>
        </extensions>
      </trkpt>
      <trkpt lat="53.6184507049620151519775390625" lon="21.4958169870078563690185546875">
        <ele>131.1999969482421875</ele>
        <time>2026-09-05T09:43:54.000Z</time>
        <extensions>
          <ns3:TrackPointExtension>
            <ns3:hr>168</ns3:hr>
          </ns3:TrackPointExtension>
        </extensions>
      </trkpt>
      <trkpt lat="53.6182964779436588287353515625" lon="21.49585009552538394927978515625">
        <ele>131</ele>
        <time>2026-09-05T09:43:58.000Z</time>
        <extensions>
          <ns3:TrackPointExtension>
            <ns3:hr>168</ns3:hr>
          </ns3:TrackPointExtension>
        </extensions>
      </trkpt>
      <trkpt lat="53.61815817654132843017578125" lon="21.4959316514432430267333984375">
        <ele>131.1999969482421875</ele>
        <time>2026-09-05T09:44:03.000Z</time>
        <extensions>
          <ns3:TrackPointExtension>
            <ns3:hr>168</ns3:hr>
          </ns3:TrackPointExtension>
        </extensions>
      </trkpt>
      <trkpt lat="53.618031777441501617431640625" lon="21.4960107766091823577880859375">
        <ele>131</ele>
        <time>2026-09-05T09:44:06.000Z</time>
        <extensions>
          <ns3:TrackPointExtension>
            <ns3:hr>168</ns3:hr>
          </ns3:TrackPointExtension>
        </extensions>
      </trkpt>
      <trkpt lat="53.61790378578007221221923828125" lon="21.496072299778461456298828125">
        <ele>130.600006103515625</ele>
        <time>2026-09-05T09:44:09.000Z</time>
        <extensions>
          <ns3:TrackPointExtension>
            <ns3:hr>167</ns3:hr>
          </ns3:TrackPointExtension>
        </extensions>
      </trkpt>
      <trkpt lat="53.61786405555903911590576171875" lon="21.4960912428796291351318359375">
        <ele>130.600006103515625</ele>
        <time>2026-09-05T09:44:10.000Z</time>
        <extensions>
          <ns3:TrackPointExtension>
            <ns3:hr>167</ns3:hr>
          </ns3:TrackPointExtension>
        </extensions>
      </trkpt>
      <trkpt lat="53.6178316175937652587890625" lon="21.496101133525371551513671875">
        <ele>130.600006103515625</ele>
        <time>2026-09-05T09:44:11.000Z</time>
        <extensions>
          <ns3:TrackPointExtension>
            <ns3:hr>167</ns3:hr>
          </ns3:TrackPointExtension>
        </extensions>
      </trkpt>
      <trkpt lat="53.61772223375737667083740234375" lon="21.4961609803140163421630859375">
        <ele>130.1999969482421875</ele>
        <time>2026-09-05T09:44:14.000Z</time>
        <extensions>
          <ns3:TrackPointExtension>
            <ns3:hr>167</ns3:hr>
          </ns3:TrackPointExtension>
        </extensions>
      </trkpt>
      <trkpt lat="53.61760991625487804412841796875" lon="21.4962243475019931793212890625">
        <ele>130</ele>
        <time>2026-09-05T09:44:17.000Z</time>
        <extensions>
          <ns3:TrackPointExtension>
            <ns3:hr>167</ns3:hr>
          </ns3:TrackPointExtension>
        </extensions>
      </trkpt>
      <trkpt lat="53.617577143013477325439453125" lon="21.49624655954539775848388671875">
        <ele>129.8000030517578125</ele>
        <time>2026-09-05T09:44:18.000Z</time>
        <extensions>
          <ns3:TrackPointExtension>
            <ns3:hr>167</ns3:hr>
          </ns3:TrackPointExtension>
        </extensions>
      </trkpt>
      <trkpt lat="53.61740523017942905426025390625" lon="21.49629349820315837860107421875">
        <ele>129.8000030517578125</ele>
        <time>2026-09-05T09:44:22.000Z</time>
        <extensions>
          <ns3:TrackPointExtension>
            <ns3:hr>166</ns3:hr>
          </ns3:TrackPointExtension>
        </extensions>
      </trkpt>
      <trkpt lat="53.617261312901973724365234375" lon="21.49632987566292285919189453125">
        <ele>130</ele>
        <time>2026-09-05T09:44:26.000Z</time>
        <extensions>
          <ns3:TrackPointExtension>
            <ns3:hr>166</ns3:hr>
          </ns3:TrackPointExtension>
        </extensions>
      </trkpt>
      <trkpt lat="53.61707967706024646759033203125" lon="21.49639273993670940399169921875">
        <ele>130.1999969482421875</ele>
        <time>2026-09-05T09:44:31.000Z</time>
        <extensions>
          <ns3:TrackPointExtension>
            <ns3:hr>167</ns3:hr>
          </ns3:TrackPointExtension>
        </extensions>
      </trkpt>
      <trkpt lat="53.61696987412869930267333984375" lon="21.49637262336909770965576171875">
        <ele>129.600006103515625</ele>
        <time>2026-09-05T09:44:34.000Z</time>
        <extensions>
          <ns3:TrackPointExtension>
            <ns3:hr>166</ns3:hr>
          </ns3:TrackPointExtension>
        </extensions>
      </trkpt>
      <trkpt lat="53.61682620830833911895751953125" lon="21.4964033849537372589111328125">
        <ele>129.1999969482421875</ele>
        <time>2026-09-05T09:44:37.000Z</time>
        <extensions>
          <ns3:TrackPointExtension>
            <ns3:hr>165</ns3:hr>
          </ns3:TrackPointExtension>
        </extensions>
      </trkpt>
      <trkpt lat="53.6161959730088710784912109375" lon="21.4965421892702579498291015625">
        <ele>129.600006103515625</ele>
        <time>2026-09-05T09:44:40.000Z</time>
        <extensions>
          <ns3:TrackPointExtension>
            <ns3:hr>164</ns3:hr>
          </ns3:TrackPointExtension>
        </extensions>
      </trkpt>
      <trkpt lat="53.616102598607540130615234375" lon="21.4965961687266826629638671875">
        <ele>130</ele>
        <time>2026-09-05T09:44:44.000Z</time>
        <extensions>
          <ns3:TrackPointExtension>
            <ns3:hr>162</ns3:hr>
          </ns3:TrackPointExtension>
        </extensions>
      </trkpt>
      <trkpt lat="53.6159954778850078582763671875" lon="21.4966022036969661712646484375">
        <ele>130</ele>
        <time>2026-09-05T09:44:47.000Z</time>
        <extensions>
          <ns3:TrackPointExtension>
            <ns3:hr>162</ns3:hr>
          </ns3:TrackPointExtension>
        </extensions>
      </trkpt>
      <trkpt lat="53.615829013288021087646484375" lon="21.496573872864246368408203125">
        <ele>129.8000030517578125</ele>
        <time>2026-09-05T09:44:52.000Z</time>
        <extensions>
          <ns3:TrackPointExtension>
            <ns3:hr>160</ns3:hr>
          </ns3:TrackPointExtension>
        </extensions>
      </trkpt>
      <trkpt lat="53.61570454202592372894287109375" lon="21.4965827576816082000732421875">
        <ele>129.600006103515625</ele>
        <time>2026-09-05T09:44:55.000Z</time>
        <extensions>
          <ns3:TrackPointExtension>
            <ns3:hr>160</ns3:hr>
          </ns3:TrackPointExtension>
        </extensions>
      </trkpt>
      <trkpt lat="53.6155559308826923370361328125" lon="21.49662441574037075042724609375">
        <ele>129.600006103515625</ele>
        <time>2026-09-05T09:44:58.000Z</time>
        <extensions>
          <ns3:TrackPointExtension>
            <ns3:hr>160</ns3:hr>
          </ns3:TrackPointExtension>
        </extensions>
      </trkpt>
      <trkpt lat="53.61539105884730815887451171875" lon="21.49669331498444080352783203125">
        <ele>130.1999969482421875</ele>
        <time>2026-09-05T09:45:02.000Z</time>
        <extensions>
          <ns3:TrackPointExtension>
            <ns3:hr>158</ns3:hr>
          </ns3:TrackPointExtension>
        </extensions>
      </trkpt>
      <trkpt lat="53.61522459425032138824462890625" lon="21.4967024512588977813720703125">
        <ele>129.8000030517578125</ele>
        <time>2026-09-05T09:45:07.000Z</time>
        <extensions>
          <ns3:TrackPointExtension>
            <ns3:hr>159</ns3:hr>
          </ns3:TrackPointExtension>
        </extensions>
      </trkpt>
      <trkpt lat="53.6151789128780364990234375" lon="21.49672164581716060638427734375">
        <ele>129.8000030517578125</ele>
        <time>2026-09-05T09:45:08.000Z</time>
        <extensions>
          <ns3:TrackPointExtension>
            <ns3:hr>160</ns3:hr>
          </ns3:TrackPointExtension>
        </extensions>
      </trkpt>
      <trkpt lat="53.615096099674701690673828125" lon="21.49670706130564212799072265625">
        <ele>129.8000030517578125</ele>
        <time>2026-09-05T09:45:10.000Z</time>
        <extensions>
          <ns3:TrackPointExtension>
            <ns3:hr>161</ns3:hr>
          </ns3:TrackPointExtension>
        </extensions>
      </trkpt>
      <trkpt lat="53.61495084129273891448974609375" lon="21.4966888725757598876953125">
        <ele>129.8000030517578125</ele>
        <time>2026-09-05T09:45:14.000Z</time>
        <extensions>
          <ns3:TrackPointExtension>
            <ns3:hr>163</ns3:hr>
          </ns3:TrackPointExtension>
        </extensions>
      </trkpt>
      <trkpt lat="53.6148194968700408935546875" lon="21.49671762250363826751708984375">
        <ele>130</ele>
        <time>2026-09-05T09:45:18.000Z</time>
        <extensions>
          <ns3:TrackPointExtension>
            <ns3:hr>163</ns3:hr>
          </ns3:TrackPointExtension>
        </extensions>
      </trkpt>
      <trkpt lat="53.6147522740066051483154296875" lon="21.49674159474670886993408203125">
        <ele>130</ele>
        <time>2026-09-05T09:45:21.000Z</time>
        <extensions>
          <ns3:TrackPointExtension>
            <ns3:hr>163</ns3:hr>
          </ns3:TrackPointExtension>
        </extensions>
      </trkpt>
      <trkpt lat="53.61468513496220111846923828125" lon="21.496761627495288848876953125">
        <ele>130</ele>
        <time>2026-09-05T09:45:23.000Z</time>
        <extensions>
          <ns3:TrackPointExtension>
            <ns3:hr>163</ns3:hr>
          </ns3:TrackPointExtension>
        </extensions>
      </trkpt>
      <trkpt lat="53.61461590044200420379638671875" lon="21.49680026806890964508056640625">
        <ele>130.600006103515625</ele>
        <time>2026-09-05T09:45:26.000Z</time>
        <extensions>
          <ns3:TrackPointExtension>
            <ns3:hr>163</ns3:hr>
          </ns3:TrackPointExtension>
        </extensions>
      </trkpt>
      <trkpt lat="53.61458572559058666229248046875" lon="21.49680177681148052215576171875">
        <ele>130.600006103515625</ele>
        <time>2026-09-05T09:45:27.000Z</time>
        <extensions>
          <ns3:TrackPointExtension>
            <ns3:hr>163</ns3:hr>
          </ns3:TrackPointExtension>
        </extensions>
      </trkpt>
      <trkpt lat="53.61449268646538257598876953125" lon="21.49681434966623783111572265625">
        <ele>130.600006103515625</ele>
        <time>2026-09-05T09:45:30.000Z</time>
        <extensions>
          <ns3:TrackPointExtension>
            <ns3:hr>163</ns3:hr>
          </ns3:TrackPointExtension>
        </extensions>
      </trkpt>
      <trkpt lat="53.61437533982098102569580078125" lon="21.4968643896281719207763671875">
        <ele>131</ele>
        <time>2026-09-05T09:45:34.000Z</time>
        <extensions>
          <ns3:TrackPointExtension>
            <ns3:hr>163</ns3:hr>
          </ns3:TrackPointExtension>
        </extensions>
      </trkpt>
      <trkpt lat="53.6142017506062984466552734375" lon="21.49690210819244384765625">
        <ele>130.600006103515625</ele>
        <time>2026-09-05T09:45:38.000Z</time>
        <extensions>
          <ns3:TrackPointExtension>
            <ns3:hr>163</ns3:hr>
          </ns3:TrackPointExtension>
        </extensions>
      </trkpt>
      <trkpt lat="53.6140495352447032928466796875" lon="21.49690009653568267822265625">
        <ele>129.8000030517578125</ele>
        <time>2026-09-05T09:45:42.000Z</time>
        <extensions>
          <ns3:TrackPointExtension>
            <ns3:hr>164</ns3:hr>
          </ns3:TrackPointExtension>
        </extensions>
      </trkpt>
      <trkpt lat="53.61397686414420604705810546875" lon="21.49690872989594936370849609375">
        <ele>129.600006103515625</ele>
        <time>2026-09-05T09:45:44.000Z</time>
        <extensions>
          <ns3:TrackPointExtension>
            <ns3:hr>163</ns3:hr>
          </ns3:TrackPointExtension>
        </extensions>
      </trkpt>
      <trkpt lat="53.61384979449212551116943359375" lon="21.49689339101314544677734375">
        <ele>129.1999969482421875</ele>
        <time>2026-09-05T09:45:47.000Z</time>
        <extensions>
          <ns3:TrackPointExtension>
            <ns3:hr>162</ns3:hr>
          </ns3:TrackPointExtension>
        </extensions>
      </trkpt>
      <trkpt lat="53.6136049591004848480224609375" lon="21.49688266217708587646484375">
        <ele>128.600006103515625</ele>
        <time>2026-09-05T09:45:52.000Z</time>
        <extensions>
          <ns3:TrackPointExtension>
            <ns3:hr>162</ns3:hr>
          </ns3:TrackPointExtension>
        </extensions>
      </trkpt>
      <trkpt lat="53.61356833018362522125244140625" lon="21.49688760749995708465576171875">
        <ele>128.600006103515625</ele>
        <time>2026-09-05T09:45:53.000Z</time>
        <extensions>
          <ns3:TrackPointExtension>
            <ns3:hr>162</ns3:hr>
          </ns3:TrackPointExtension>
        </extensions>
      </trkpt>
      <trkpt lat="53.61339834518730640411376953125" lon="21.49692465551197528839111328125">
        <ele>128.600006103515625</ele>
        <time>2026-09-05T09:45:57.000Z</time>
        <extensions>
          <ns3:TrackPointExtension>
            <ns3:hr>162</ns3:hr>
          </ns3:TrackPointExtension>
        </extensions>
      </trkpt>
      <trkpt lat="53.6131553538143634796142578125" lon="21.49702305905520915985107421875">
        <ele>128</ele>
        <time>2026-09-05T09:46:03.000Z</time>
        <extensions>
          <ns3:TrackPointExtension>
            <ns3:hr>163</ns3:hr>
          </ns3:TrackPointExtension>
        </extensions>
      </trkpt>
      <trkpt lat="53.61295997165143489837646484375" lon="21.4971664734184741973876953125">
        <ele>128.600006103515625</ele>
        <time>2026-09-05T09:46:10.000Z</time>
        <extensions>
          <ns3:TrackPointExtension>
            <ns3:hr>162</ns3:hr>
          </ns3:TrackPointExtension>
        </extensions>
      </trkpt>
      <trkpt lat="53.6127925850450992584228515625" lon="21.497189439833164215087890625">
        <ele>129</ele>
        <time>2026-09-05T09:46:14.000Z</time>
        <extensions>
          <ns3:TrackPointExtension>
            <ns3:hr>161</ns3:hr>
          </ns3:TrackPointExtension>
        </extensions>
      </trkpt>
      <trkpt lat="53.61255160532891750335693359375" lon="21.49723478592932224273681640625">
        <ele>129</ele>
        <time>2026-09-05T09:46:19.000Z</time>
        <extensions>
          <ns3:TrackPointExtension>
            <ns3:hr>161</ns3:hr>
          </ns3:TrackPointExtension>
        </extensions>
      </trkpt>
      <trkpt lat="53.612358234822750091552734375" lon="21.49728490971028804779052734375">
        <ele>128.600006103515625</ele>
        <time>2026-09-05T09:46:23.000Z</time>
        <extensions>
          <ns3:TrackPointExtension>
            <ns3:hr>160</ns3:hr>
          </ns3:TrackPointExtension>
        </extensions>
      </trkpt>
      <trkpt lat="53.61186311580240726470947265625" lon="21.4975044317543506622314453125">
        <ele>129</ele>
        <time>2026-09-05T09:46:26.000Z</time>
        <extensions>
          <ns3:TrackPointExtension>
            <ns3:hr>160</ns3:hr>
          </ns3:TrackPointExtension>
        </extensions>
      </trkpt>
      <trkpt lat="53.6117859184741973876953125" lon="21.4975557290017604827880859375">
        <ele>129.1999969482421875</ele>
        <time>2026-09-05T09:46:29.000Z</time>
        <extensions>
          <ns3:TrackPointExtension>
            <ns3:hr>161</ns3:hr>
          </ns3:TrackPointExtension>
        </extensions>
      </trkpt>
      <trkpt lat="53.61173721961677074432373046875" lon="21.49758866988122463226318359375">
        <ele>129.8000030517578125</ele>
        <time>2026-09-05T09:46:31.000Z</time>
        <extensions>
          <ns3:TrackPointExtension>
            <ns3:hr>160</ns3:hr>
          </ns3:TrackPointExtension>
        </extensions>
      </trkpt>
      <trkpt lat="53.61165675334632396697998046875" lon="21.49763242341578006744384765625">
        <ele>130.1999969482421875</ele>
        <time>2026-09-05T09:46:34.000Z</time>
        <extensions>
          <ns3:TrackPointExtension>
            <ns3:hr>160</ns3:hr>
          </ns3:TrackPointExtension>
        </extensions>
      </trkpt>
      <trkpt lat="53.6114994250237941741943359375" lon="21.49765438400208950042724609375">
        <ele>131</ele>
        <time>2026-09-05T09:46:40.000Z</time>
        <extensions>
          <ns3:TrackPointExtension>
            <ns3:hr>160</ns3:hr>
          </ns3:TrackPointExtension>
        </extensions>
      </trkpt>
      <trkpt lat="53.61141518689692020416259765625" lon="21.49766494520008563995361328125">
        <ele>131.1999969482421875</ele>
        <time>2026-09-05T09:46:43.000Z</time>
        <extensions>
          <ns3:TrackPointExtension>
            <ns3:hr>163</ns3:hr>
          </ns3:TrackPointExtension>
        </extensions>
      </trkpt>
      <trkpt lat="53.611341677606105804443359375" lon="21.49769277311861515045166015625">
        <ele>131.600006103515625</ele>
        <time>2026-09-05T09:46:46.000Z</time>
        <extensions>
          <ns3:TrackPointExtension>
            <ns3:hr>164</ns3:hr>
          </ns3:TrackPointExtension>
        </extensions>
      </trkpt>
      <trkpt lat="53.6112576909363269805908203125" lon="21.4977099560201168060302734375">
        <ele>131.8000030517578125</ele>
        <time>2026-09-05T09:46:49.000Z</time>
        <extensions>
          <ns3:TrackPointExtension>
            <ns3:hr>164</ns3:hr>
          </ns3:TrackPointExtension>
        </extensions>
      </trkpt>
      <trkpt lat="53.61121251247823238372802734375" lon="21.4977337606251239776611328125">
        <ele>132.1999969482421875</ele>
        <time>2026-09-05T09:46:51.000Z</time>
        <extensions>
          <ns3:TrackPointExtension>
            <ns3:hr>164</ns3:hr>
          </ns3:TrackPointExtension>
        </extensions>
      </trkpt>
      <trkpt lat="53.61106281168758869171142578125" lon="21.49776267819106578826904296875">
        <ele>132.8000030517578125</ele>
        <time>2026-09-05T09:46:56.000Z</time>
        <extensions>
          <ns3:TrackPointExtension>
            <ns3:hr>166</ns3:hr>
          </ns3:TrackPointExtension>
        </extensions>
      </trkpt>
      <trkpt lat="53.61098594963550567626953125" lon="21.49777047336101531982421875">
        <ele>133.1999969482421875</ele>
        <time>2026-09-05T09:46:58.000Z</time>
        <extensions>
          <ns3:TrackPointExtension>
            <ns3:hr>167</ns3:hr>
          </ns3:TrackPointExtension>
        </extensions>
      </trkpt>
      <trkpt lat="53.610924594104290008544921875" lon="21.49776251055300235748291015625">
        <ele>133.1999969482421875</ele>
        <time>2026-09-05T09:47:00.000Z</time>
        <extensions>
          <ns3:TrackPointExtension>
            <ns3:hr>167</ns3:hr>
          </ns3:TrackPointExtension>
        </extensions>
      </trkpt>
      <trkpt lat="53.6108456365764141082763671875" lon="21.49771942757070064544677734375">
        <ele>133.1999969482421875</ele>
        <time>2026-09-05T09:47:03.000Z</time>
        <extensions>
          <ns3:TrackPointExtension>
            <ns3:hr>167</ns3:hr>
          </ns3:TrackPointExtension>
        </extensions>
      </trkpt>
      <trkpt lat="53.61073943786323070526123046875" lon="21.4977009035646915435791015625">
        <ele>133.1999969482421875</ele>
        <time>2026-09-05T09:47:07.000Z</time>
        <extensions>
          <ns3:TrackPointExtension>
            <ns3:hr>168</ns3:hr>
          </ns3:TrackPointExtension>
        </extensions>
      </trkpt>
      <trkpt lat="53.61062142066657543182373046875" lon="21.497741639614105224609375">
        <ele>133.600006103515625</ele>
        <time>2026-09-05T09:47:11.000Z</time>
        <extensions>
          <ns3:TrackPointExtension>
            <ns3:hr>170</ns3:hr>
          </ns3:TrackPointExtension>
        </extensions>
      </trkpt>
      <trkpt lat="53.61045327968895435333251953125" lon="21.49770970456302165985107421875">
        <ele>133.600006103515625</ele>
        <time>2026-09-05T09:47:15.000Z</time>
        <extensions>
          <ns3:TrackPointExtension>
            <ns3:hr>171</ns3:hr>
          </ns3:TrackPointExtension>
        </extensions>
      </trkpt>
      <trkpt lat="53.6103269644081592559814453125" lon="21.49767282418906688690185546875">
        <ele>133.1999969482421875</ele>
        <time>2026-09-05T09:47:18.000Z</time>
        <extensions>
          <ns3:TrackPointExtension>
            <ns3:hr>172</ns3:hr>
          </ns3:TrackPointExtension>
        </extensions>
      </trkpt>
      <trkpt lat="53.61015773378312587738037109375" lon="21.4977456629276275634765625">
        <ele>133.1999969482421875</ele>
        <time>2026-09-05T09:47:22.000Z</time>
        <extensions>
          <ns3:TrackPointExtension>
            <ns3:hr>172</ns3:hr>
          </ns3:TrackPointExtension>
        </extensions>
      </trkpt>
      <trkpt lat="53.609993197023868560791015625" lon="21.4977966248989105224609375">
        <ele>133</ele>
        <time>2026-09-05T09:47:26.000Z</time>
        <extensions>
          <ns3:TrackPointExtension>
            <ns3:hr>172</ns3:hr>
          </ns3:TrackPointExtension>
        </extensions>
      </trkpt>
      <trkpt lat="53.60980787314474582672119140625" lon="21.497841216623783111572265625">
        <ele>132.8000030517578125</ele>
        <time>2026-09-05T09:47:32.000Z</time>
        <extensions>
          <ns3:TrackPointExtension>
            <ns3:hr>171</ns3:hr>
          </ns3:TrackPointExtension>
        </extensions>
      </trkpt>
      <trkpt lat="53.609640486538410186767578125" lon="21.49787365458905696868896484375">
        <ele>132.8000030517578125</ele>
        <time>2026-09-05T09:47:36.000Z</time>
        <extensions>
          <ns3:TrackPointExtension>
            <ns3:hr>170</ns3:hr>
          </ns3:TrackPointExtension>
        </extensions>
      </trkpt>
      <trkpt lat="53.609511069953441619873046875" lon="21.4978732354938983917236328125">
        <ele>131.8000030517578125</ele>
        <time>2026-09-05T09:47:40.000Z</time>
        <extensions>
          <ns3:TrackPointExtension>
            <ns3:hr>169</ns3:hr>
          </ns3:TrackPointExtension>
        </extensions>
      </trkpt>
      <trkpt lat="53.60938106663525104522705078125" lon="21.4978762529790401458740234375">
        <ele>131.600006103515625</ele>
        <time>2026-09-05T09:47:44.000Z</time>
        <extensions>
          <ns3:TrackPointExtension>
            <ns3:hr>167</ns3:hr>
          </ns3:TrackPointExtension>
        </extensions>
      </trkpt>
      <trkpt lat="53.60933546908199787139892578125" lon="21.4978722296655178070068359375">
        <ele>131.1999969482421875</ele>
        <time>2026-09-05T09:47:45.000Z</time>
        <extensions>
          <ns3:TrackPointExtension>
            <ns3:hr>168</ns3:hr>
          </ns3:TrackPointExtension>
        </extensions>
      </trkpt>
      <trkpt lat="53.60920806415379047393798828125" lon="21.49784155189990997314453125">
        <ele>131</ele>
        <time>2026-09-05T09:47:48.000Z</time>
        <extensions>
          <ns3:TrackPointExtension>
            <ns3:hr>168</ns3:hr>
          </ns3:TrackPointExtension>
        </extensions>
      </trkpt>
      <trkpt lat="53.60912449657917022705078125" lon="21.4978568069636821746826171875">
        <ele>130.600006103515625</ele>
        <time>2026-09-05T09:47:50.000Z</time>
        <extensions>
          <ns3:TrackPointExtension>
            <ns3:hr>167</ns3:hr>
          </ns3:TrackPointExtension>
        </extensions>
      </trkpt>
      <trkpt lat="53.60907353460788726806640625" lon="21.49784130044281482696533203125">
        <ele>130.600006103515625</ele>
        <time>2026-09-05T09:47:51.000Z</time>
        <extensions>
          <ns3:TrackPointExtension>
            <ns3:hr>167</ns3:hr>
          </ns3:TrackPointExtension>
        </extensions>
      </trkpt>
      <trkpt lat="53.60893079079687595367431640625" lon="21.49783761240541934967041015625">
        <ele>130.399993896484375</ele>
        <time>2026-09-05T09:47:54.000Z</time>
        <extensions>
          <ns3:TrackPointExtension>
            <ns3:hr>164</ns3:hr>
          </ns3:TrackPointExtension>
        </extensions>
      </trkpt>
      <trkpt lat="53.60877052880823612213134765625" lon="21.49779997766017913818359375">
        <ele>130</ele>
        <time>2026-09-05T09:47:58.000Z</time>
        <extensions>
          <ns3:TrackPointExtension>
            <ns3:hr>163</ns3:hr>
          </ns3:TrackPointExtension>
        </extensions>
      </trkpt>
      <trkpt lat="53.60854119993746280670166015625" lon="21.49775899015367031097412109375">
        <ele>130.600006103515625</ele>
        <time>2026-09-05T09:48:03.000Z</time>
        <extensions>
          <ns3:TrackPointExtension>
            <ns3:hr>164</ns3:hr>
          </ns3:TrackPointExtension>
        </extensions>
      </trkpt>
      <trkpt lat="53.60847665928304195404052734375" lon="21.497698388993740081787109375">
        <ele>131</ele>
        <time>2026-09-05T09:48:05.000Z</time>
        <extensions>
          <ns3:TrackPointExtension>
            <ns3:hr>163</ns3:hr>
          </ns3:TrackPointExtension>
        </extensions>
      </trkpt>
      <trkpt lat="53.60844916664063930511474609375" lon="21.4976834692060947418212890625">
        <ele>131</ele>
        <time>2026-09-05T09:48:06.000Z</time>
        <extensions>
          <ns3:TrackPointExtension>
            <ns3:hr>164</ns3:hr>
          </ns3:TrackPointExtension>
        </extensions>
      </trkpt>
      <trkpt lat="53.608342297375202178955078125" lon="21.49761247448623180389404296875">
        <ele>130.600006103515625</ele>
        <time>2026-09-05T09:48:09.000Z</time>
        <extensions>
          <ns3:TrackPointExtension>
            <ns3:hr>163</ns3:hr>
          </ns3:TrackPointExtension>
        </extensions>
      </trkpt>
      <trkpt lat="53.6081295646727085113525390625" lon="21.49746545590460300445556640625">
        <ele>130.1999969482421875</ele>
        <time>2026-09-05T09:48:14.000Z</time>
        <extensions>
          <ns3:TrackPointExtension>
            <ns3:hr>162</ns3:hr>
          </ns3:TrackPointExtension>
        </extensions>
      </trkpt>
      <trkpt lat="53.60790484584867954254150390625" lon="21.49738029576838016510009765625">
        <ele>130.399993896484375</ele>
        <time>2026-09-05T09:48:19.000Z</time>
        <extensions>
          <ns3:TrackPointExtension>
            <ns3:hr>160</ns3:hr>
          </ns3:TrackPointExtension>
        </extensions>
      </trkpt>
      <trkpt lat="53.607795126736164093017578125" lon="21.4973782002925872802734375">
        <ele>130.399993896484375</ele>
        <time>2026-09-05T09:48:22.000Z</time>
        <extensions>
          <ns3:TrackPointExtension>
            <ns3:hr>159</ns3:hr>
          </ns3:TrackPointExtension>
        </extensions>
      </trkpt>
      <trkpt lat="53.60776461660861968994140625" lon="21.4973706565797328948974609375">
        <ele>130.1999969482421875</ele>
        <time>2026-09-05T09:48:23.000Z</time>
        <extensions>
          <ns3:TrackPointExtension>
            <ns3:hr>158</ns3:hr>
          </ns3:TrackPointExtension>
        </extensions>
      </trkpt>
      <trkpt lat="53.607680462300777435302734375" lon="21.49739655666053295135498046875">
        <ele>130.1999969482421875</ele>
        <time>2026-09-05T09:48:25.000Z</time>
        <extensions>
          <ns3:TrackPointExtension>
            <ns3:hr>156</ns3:hr>
          </ns3:TrackPointExtension>
        </extensions>
      </trkpt>
      <trkpt lat="53.60754140652716159820556640625" lon="21.4973874203860759735107421875">
        <ele>130.600006103515625</ele>
        <time>2026-09-05T09:48:28.000Z</time>
        <extensions>
          <ns3:TrackPointExtension>
            <ns3:hr>157</ns3:hr>
          </ns3:TrackPointExtension>
        </extensions>
      </trkpt>
      <trkpt lat="53.6074217967689037322998046875" lon="21.49735515005886554718017578125">
        <ele>130.399993896484375</ele>
        <time>2026-09-05T09:48:31.000Z</time>
        <extensions>
          <ns3:TrackPointExtension>
            <ns3:hr>156</ns3:hr>
          </ns3:TrackPointExtension>
        </extensions>
      </trkpt>
      <trkpt lat="53.6073181964457035064697265625" lon="21.49734140373766422271728515625">
        <ele>130.600006103515625</ele>
        <time>2026-09-05T09:48:34.000Z</time>
        <extensions>
          <ns3:TrackPointExtension>
            <ns3:hr>157</ns3:hr>
          </ns3:TrackPointExtension>
        </extensions>
      </trkpt>
      <trkpt lat="53.60728240571916103363037109375" lon="21.49732748977839946746826171875">
        <ele>130.600006103515625</ele>
        <time>2026-09-05T09:48:35.000Z</time>
        <extensions>
          <ns3:TrackPointExtension>
            <ns3:hr>157</ns3:hr>
          </ns3:TrackPointExtension>
        </extensions>
      </trkpt>
      <trkpt lat="53.60724519006907939910888671875" lon="21.497312821447849273681640625">
        <ele>130.399993896484375</ele>
        <time>2026-09-05T09:48:36.000Z</time>
        <extensions>
          <ns3:TrackPointExtension>
            <ns3:hr>158</ns3:hr>
          </ns3:TrackPointExtension>
        </extensions>
      </trkpt>
      <trkpt lat="53.60710722394287586212158203125" lon="21.49733997881412506103515625">
        <ele>130.600006103515625</ele>
        <time>2026-09-05T09:48:39.000Z</time>
        <extensions>
          <ns3:TrackPointExtension>
            <ns3:hr>158</ns3:hr>
          </ns3:TrackPointExtension>
        </extensions>
      </trkpt>
      <trkpt lat="53.60702692531049251556396484375" lon="21.497305445373058319091796875">
        <ele>131</ele>
        <time>2026-09-05T09:48:42.000Z</time>
        <extensions>
          <ns3:TrackPointExtension>
            <ns3:hr>158</ns3:hr>
          </ns3:TrackPointExtension>
        </extensions>
      </trkpt>
      <trkpt lat="53.60687638632953166961669921875" lon="21.49723864160478115081787109375">
        <ele>131.600006103515625</ele>
        <time>2026-09-05T09:48:46.000Z</time>
        <extensions>
          <ns3:TrackPointExtension>
            <ns3:hr>160</ns3:hr>
          </ns3:TrackPointExtension>
        </extensions>
      </trkpt>
      <trkpt lat="53.60680312849581241607666015625" lon="21.4971966482698917388916015625">
        <ele>131.8000030517578125</ele>
        <time>2026-09-05T09:48:48.000Z</time>
        <extensions>
          <ns3:TrackPointExtension>
            <ns3:hr>161</ns3:hr>
          </ns3:TrackPointExtension>
        </extensions>
      </trkpt>
      <trkpt lat="53.6067267693579196929931640625" lon="21.49715532548725605010986328125">
        <ele>132.1999969482421875</ele>
        <time>2026-09-05T09:48:50.000Z</time>
        <extensions>
          <ns3:TrackPointExtension>
            <ns3:hr>161</ns3:hr>
          </ns3:TrackPointExtension>
        </extensions>
      </trkpt>
      <trkpt lat="53.60664789564907550811767578125" lon="21.4970967359840869903564453125">
        <ele>132.399993896484375</ele>
        <time>2026-09-05T09:48:52.000Z</time>
        <extensions>
          <ns3:TrackPointExtension>
            <ns3:hr>160</ns3:hr>
          </ns3:TrackPointExtension>
        </extensions>
      </trkpt>
      <trkpt lat="53.606616966426372528076171875" lon="21.49707620032131671905517578125">
        <ele>132.1999969482421875</ele>
        <time>2026-09-05T09:48:53.000Z</time>
        <extensions>
          <ns3:TrackPointExtension>
            <ns3:hr>161</ns3:hr>
          </ns3:TrackPointExtension>
        </extensions>
      </trkpt>
      <trkpt lat="53.60651210881769657135009765625" lon="21.49697477929294109344482421875">
        <ele>132.1999969482421875</ele>
        <time>2026-09-05T09:48:56.000Z</time>
        <extensions>
          <ns3:TrackPointExtension>
            <ns3:hr>162</ns3:hr>
          </ns3:TrackPointExtension>
        </extensions>
      </trkpt>
      <trkpt lat="53.6063298024237155914306640625" lon="21.49677679874002933502197265625">
        <ele>131.1999969482421875</ele>
        <time>2026-09-05T09:49:00.000Z</time>
        <extensions>
          <ns3:TrackPointExtension>
            <ns3:hr>163</ns3:hr>
          </ns3:TrackPointExtension>
        </extensions>
      </trkpt>
      <trkpt lat="53.6063046567142009735107421875" lon="21.49671913124620914459228515625">
        <ele>130.600006103515625</ele>
        <time>2026-09-05T09:49:01.000Z</time>
        <extensions>
          <ns3:TrackPointExtension>
            <ns3:hr>163</ns3:hr>
          </ns3:TrackPointExtension>
        </extensions>
      </trkpt>
      <trkpt lat="53.606204576790332794189453125" lon="21.49656884372234344482421875">
        <ele>130.399993896484375</ele>
        <time>2026-09-05T09:49:04.000Z</time>
        <extensions>
          <ns3:TrackPointExtension>
            <ns3:hr>166</ns3:hr>
          </ns3:TrackPointExtension>
        </extensions>
      </trkpt>
      <trkpt lat="53.6061380244791507720947265625" lon="21.49645912460982799530029296875">
        <ele>131</ele>
        <time>2026-09-05T09:49:06.000Z</time>
        <extensions>
          <ns3:TrackPointExtension>
            <ns3:hr>166</ns3:hr>
          </ns3:TrackPointExtension>
        </extensions>
      </trkpt>
      <trkpt lat="53.60611229203641414642333984375" lon="21.4963911473751068115234375">
        <ele>131.1999969482421875</ele>
        <time>2026-09-05T09:49:07.000Z</time>
        <extensions>
          <ns3:TrackPointExtension>
            <ns3:hr>167</ns3:hr>
          </ns3:TrackPointExtension>
        </extensions>
      </trkpt>
      <trkpt lat="53.6060808598995208740234375" lon="21.49629123508930206298828125">
        <ele>131.8000030517578125</ele>
        <time>2026-09-05T09:49:09.000Z</time>
        <extensions>
          <ns3:TrackPointExtension>
            <ns3:hr>166</ns3:hr>
          </ns3:TrackPointExtension>
        </extensions>
      </trkpt>
      <trkpt lat="53.60602386295795440673828125" lon="21.49625142104923725128173828125">
        <ele>132.399993896484375</ele>
        <time>2026-09-05T09:49:11.000Z</time>
        <extensions>
          <ns3:TrackPointExtension>
            <ns3:hr>165</ns3:hr>
          </ns3:TrackPointExtension>
        </extensions>
      </trkpt>
      <trkpt lat="53.60599611885845661163330078125" lon="21.4962007105350494384765625">
        <ele>132.600006103515625</ele>
        <time>2026-09-05T09:49:12.000Z</time>
        <extensions>
          <ns3:TrackPointExtension>
            <ns3:hr>165</ns3:hr>
          </ns3:TrackPointExtension>
        </extensions>
      </trkpt>
      <trkpt lat="53.605935014784336090087890625" lon="21.49607238359749317169189453125">
        <ele>132.399993896484375</ele>
        <time>2026-09-05T09:49:14.000Z</time>
        <extensions>
          <ns3:TrackPointExtension>
            <ns3:hr>166</ns3:hr>
          </ns3:TrackPointExtension>
        </extensions>
      </trkpt>
      <trkpt lat="53.60587424598634243011474609375" lon="21.49589384905993938446044921875">
        <ele>131.8000030517578125</ele>
        <time>2026-09-05T09:49:16.000Z</time>
        <extensions>
          <ns3:TrackPointExtension>
            <ns3:hr>167</ns3:hr>
          </ns3:TrackPointExtension>
        </extensions>
      </trkpt>
      <trkpt lat="53.6058309115469455718994140625" lon="21.495760492980480194091796875">
        <ele>131.600006103515625</ele>
        <time>2026-09-05T09:49:18.000Z</time>
        <extensions>
          <ns3:TrackPointExtension>
            <ns3:hr>167</ns3:hr>
          </ns3:TrackPointExtension>
        </extensions>
      </trkpt>
      <trkpt lat="53.6057997308671474456787109375" lon="21.49569972418248653411865234375">
        <ele>131.1999969482421875</ele>
        <time>2026-09-05T09:49:19.000Z</time>
        <extensions>
          <ns3:TrackPointExtension>
            <ns3:hr>167</ns3:hr>
          </ns3:TrackPointExtension>
        </extensions>
      </trkpt>
      <trkpt lat="53.6057635210454463958740234375" lon="21.4955863170325756072998046875">
        <ele>131.1999969482421875</ele>
        <time>2026-09-05T09:49:21.000Z</time>
        <extensions>
          <ns3:TrackPointExtension>
            <ns3:hr>168</ns3:hr>
          </ns3:TrackPointExtension>
        </extensions>
      </trkpt>
      <trkpt lat="53.60572622157633304595947265625" lon="21.49553979746997356414794921875">
        <ele>131</ele>
        <time>2026-09-05T09:49:22.000Z</time>
        <extensions>
          <ns3:TrackPointExtension>
            <ns3:hr>168</ns3:hr>
          </ns3:TrackPointExtension>
        </extensions>
      </trkpt>
      <trkpt lat="53.6056337691843509674072265625" lon="21.49544206447899341583251953125">
        <ele>130.600006103515625</ele>
        <time>2026-09-05T09:49:24.000Z</time>
        <extensions>
          <ns3:TrackPointExtension>
            <ns3:hr>168</ns3:hr>
          </ns3:TrackPointExtension>
        </extensions>
      </trkpt>
      <trkpt lat="53.60541307367384433746337890625" lon="21.4953187666833400726318359375">
        <ele>130.399993896484375</ele>
        <time>2026-09-05T09:49:28.000Z</time>
        <extensions>
          <ns3:TrackPointExtension>
            <ns3:hr>168</ns3:hr>
          </ns3:TrackPointExtension>
        </extensions>
      </trkpt>
      <trkpt lat="53.60524610616266727447509765625" lon="21.49535707198083400726318359375">
        <ele>130.399993896484375</ele>
        <time>2026-09-05T09:49:31.000Z</time>
        <extensions>
          <ns3:TrackPointExtension>
            <ns3:hr>168</ns3:hr>
          </ns3:TrackPointExtension>
        </extensions>
      </trkpt>
      <trkpt lat="53.6051948927342891693115234375" lon="21.49536947719752788543701171875">
        <ele>130.399993896484375</ele>
        <time>2026-09-05T09:49:32.000Z</time>
        <extensions>
          <ns3:TrackPointExtension>
            <ns3:hr>168</ns3:hr>
          </ns3:TrackPointExtension>
        </extensions>
      </trkpt>
      <trkpt lat="53.6050198785960674285888671875" lon="21.495413146913051605224609375">
        <ele>130.600006103515625</ele>
        <time>2026-09-05T09:49:35.000Z</time>
        <extensions>
          <ns3:TrackPointExtension>
            <ns3:hr>167</ns3:hr>
          </ns3:TrackPointExtension>
        </extensions>
      </trkpt>
      <trkpt lat="53.60481016337871551513671875" lon="21.495488919317722320556640625">
        <ele>130.1999969482421875</ele>
        <time>2026-09-05T09:49:39.000Z</time>
        <extensions>
          <ns3:TrackPointExtension>
            <ns3:hr>166</ns3:hr>
          </ns3:TrackPointExtension>
        </extensions>
      </trkpt>
      <trkpt lat="53.60461897216737270355224609375" lon="21.49556636810302734375">
        <ele>130.600006103515625</ele>
        <time>2026-09-05T09:49:43.000Z</time>
        <extensions>
          <ns3:TrackPointExtension>
            <ns3:hr>167</ns3:hr>
          </ns3:TrackPointExtension>
        </extensions>
      </trkpt>
      <trkpt lat="53.60457438044250011444091796875" lon="21.495549269020557403564453125">
        <ele>130.600006103515625</ele>
        <time>2026-09-05T09:49:44.000Z</time>
        <extensions>
          <ns3:TrackPointExtension>
            <ns3:hr>167</ns3:hr>
          </ns3:TrackPointExtension>
        </extensions>
      </trkpt>
      <trkpt lat="53.60447044484317302703857421875" lon="21.4955584891140460968017578125">
        <ele>130.600006103515625</ele>
        <time>2026-09-05T09:49:46.000Z</time>
        <extensions>
          <ns3:TrackPointExtension>
            <ns3:hr>167</ns3:hr>
          </ns3:TrackPointExtension>
        </extensions>
      </trkpt>
      <trkpt lat="53.604280091822147369384765625" lon="21.49558824487030506134033203125">
        <ele>131</ele>
        <time>2026-09-05T09:49:50.000Z</time>
        <extensions>
          <ns3:TrackPointExtension>
            <ns3:hr>167</ns3:hr>
          </ns3:TrackPointExtension>
        </extensions>
      </trkpt>
      <trkpt lat="53.6041431315243244171142578125" lon="21.49562965147197246551513671875">
        <ele>130.600006103515625</ele>
        <time>2026-09-05T09:49:54.000Z</time>
        <extensions>
          <ns3:TrackPointExtension>
            <ns3:hr>166</ns3:hr>
          </ns3:TrackPointExtension>
        </extensions>
      </trkpt>
      <trkpt lat="53.60404573380947113037109375" lon="21.49564859457314014434814453125">
        <ele>131</ele>
        <time>2026-09-05T09:49:57.000Z</time>
        <extensions>
          <ns3:TrackPointExtension>
            <ns3:hr>167</ns3:hr>
          </ns3:TrackPointExtension>
        </extensions>
      </trkpt>
      <trkpt lat="53.6039322428405284881591796875" lon="21.4956962876021862030029296875">
        <ele>130.600006103515625</ele>
        <time>2026-09-05T09:50:00.000Z</time>
        <extensions>
          <ns3:TrackPointExtension>
            <ns3:hr>166</ns3:hr>
          </ns3:TrackPointExtension>
        </extensions>
      </trkpt>
      <trkpt lat="53.6037629283964633941650390625" lon="21.49574347771704196929931640625">
        <ele>130.600006103515625</ele>
        <time>2026-09-05T09:50:04.000Z</time>
        <extensions>
          <ns3:TrackPointExtension>
            <ns3:hr>166</ns3:hr>
          </ns3:TrackPointExtension>
        </extensions>
      </trkpt>
      <trkpt lat="53.60368506051599979400634765625" lon="21.49578404612839221954345703125">
        <ele>130.600006103515625</ele>
        <time>2026-09-05T09:50:06.000Z</time>
        <extensions>
          <ns3:TrackPointExtension>
            <ns3:hr>166</ns3:hr>
          </ns3:TrackPointExtension>
        </extensions>
      </trkpt>
      <trkpt lat="53.6036154069006443023681640625" lon="21.49580449797213077545166015625">
        <ele>130.600006103515625</ele>
        <time>2026-09-05T09:50:08.000Z</time>
        <extensions>
          <ns3:TrackPointExtension>
            <ns3:hr>166</ns3:hr>
          </ns3:TrackPointExtension>
        </extensions>
      </trkpt>
      <trkpt lat="53.60343829728662967681884765625" lon="21.49590575136244297027587890625">
        <ele>131.1999969482421875</ele>
        <time>2026-09-05T09:50:12.000Z</time>
        <extensions>
          <ns3:TrackPointExtension>
            <ns3:hr>167</ns3:hr>
          </ns3:TrackPointExtension>
        </extensions>
      </trkpt>
      <trkpt lat="53.6032948829233646392822265625" lon="21.4959772489964962005615234375">
        <ele>131.1999969482421875</ele>
        <time>2026-09-05T09:50:15.000Z</time>
        <extensions>
          <ns3:TrackPointExtension>
            <ns3:hr>166</ns3:hr>
          </ns3:TrackPointExtension>
        </extensions>
      </trkpt>
      <trkpt lat="53.60318851657211780548095703125" lon="21.49604044854640960693359375">
        <ele>131.1999969482421875</ele>
        <time>2026-09-05T09:50:18.000Z</time>
        <extensions>
          <ns3:TrackPointExtension>
            <ns3:hr>167</ns3:hr>
          </ns3:TrackPointExtension>
        </extensions>
      </trkpt>
      <trkpt lat="53.60306848771870136260986328125" lon="21.496119238436222076416015625">
        <ele>131.1999969482421875</ele>
        <time>2026-09-05T09:50:21.000Z</time>
        <extensions>
          <ns3:TrackPointExtension>
            <ns3:hr>167</ns3:hr>
          </ns3:TrackPointExtension>
        </extensions>
      </trkpt>
      <trkpt lat="53.60293923877179622650146484375" lon="21.496182940900325775146484375">
        <ele>131.1999969482421875</ele>
        <time>2026-09-05T09:50:24.000Z</time>
        <extensions>
          <ns3:TrackPointExtension>
            <ns3:hr>167</ns3:hr>
          </ns3:TrackPointExtension>
        </extensions>
      </trkpt>
      <trkpt lat="53.6028281785547733306884765625" lon="21.49624018929898738861083984375">
        <ele>131.1999969482421875</ele>
        <time>2026-09-05T09:50:27.000Z</time>
        <extensions>
          <ns3:TrackPointExtension>
            <ns3:hr>166</ns3:hr>
          </ns3:TrackPointExtension>
        </extensions>
      </trkpt>
      <trkpt lat="53.6027229018509387969970703125" lon="21.49628394283354282379150390625">
        <ele>131.1999969482421875</ele>
        <time>2026-09-05T09:50:30.000Z</time>
        <extensions>
          <ns3:TrackPointExtension>
            <ns3:hr>166</ns3:hr>
          </ns3:TrackPointExtension>
        </extensions>
      </trkpt>
      <trkpt lat="53.60259239561855792999267578125" lon="21.49634915404021739959716796875">
        <ele>131.600006103515625</ele>
        <time>2026-09-05T09:50:33.000Z</time>
        <extensions>
          <ns3:TrackPointExtension>
            <ns3:hr>166</ns3:hr>
          </ns3:TrackPointExtension>
        </extensions>
      </trkpt>
      <trkpt lat="53.60248544253408908843994140625" lon="21.49641151539981365203857421875">
        <ele>131.8000030517578125</ele>
        <time>2026-09-05T09:50:36.000Z</time>
        <extensions>
          <ns3:TrackPointExtension>
            <ns3:hr>166</ns3:hr>
          </ns3:TrackPointExtension>
        </extensions>
      </trkpt>
      <trkpt lat="53.60234563238918781280517578125" lon="21.49645543657243251800537109375">
        <ele>131.8000030517578125</ele>
        <time>2026-09-05T09:50:39.000Z</time>
        <extensions>
          <ns3:TrackPointExtension>
            <ns3:hr>165</ns3:hr>
          </ns3:TrackPointExtension>
        </extensions>
      </trkpt>
      <trkpt lat="53.60218771733343601226806640625" lon="21.4965297840535640716552734375">
        <ele>132.1999969482421875</ele>
        <time>2026-09-05T09:50:43.000Z</time>
        <extensions>
          <ns3:TrackPointExtension>
            <ns3:hr>166</ns3:hr>
          </ns3:TrackPointExtension>
        </extensions>
      </trkpt>
      <trkpt lat="53.60205695964395999908447265625" lon="21.49658217094838619232177734375">
        <ele>132.1999969482421875</ele>
        <time>2026-09-05T09:50:47.000Z</time>
        <extensions>
          <ns3:TrackPointExtension>
            <ns3:hr>165</ns3:hr>
          </ns3:TrackPointExtension>
        </extensions>
      </trkpt>
      <trkpt lat="53.60192385502159595489501953125" lon="21.4966296963393688201904296875">
        <ele>131.8000030517578125</ele>
        <time>2026-09-05T09:50:51.000Z</time>
        <extensions>
          <ns3:TrackPointExtension>
            <ns3:hr>166</ns3:hr>
          </ns3:TrackPointExtension>
        </extensions>
      </trkpt>
      <trkpt lat="53.6017884872853755950927734375" lon="21.49667839519679546356201171875">
        <ele>131.8000030517578125</ele>
        <time>2026-09-05T09:50:54.000Z</time>
        <extensions>
          <ns3:TrackPointExtension>
            <ns3:hr>167</ns3:hr>
          </ns3:TrackPointExtension>
        </extensions>
      </trkpt>
      <trkpt lat="53.601711206138134002685546875" lon="21.49669490754604339599609375">
        <ele>131.8000030517578125</ele>
        <time>2026-09-05T09:50:56.000Z</time>
        <extensions>
          <ns3:TrackPointExtension>
            <ns3:hr>166</ns3:hr>
          </ns3:TrackPointExtension>
        </extensions>
      </trkpt>
      <trkpt lat="53.60166854225099086761474609375" lon="21.4966819994151592254638671875">
        <ele>131.8000030517578125</ele>
        <time>2026-09-05T09:50:57.000Z</time>
        <extensions>
          <ns3:TrackPointExtension>
            <ns3:hr>167</ns3:hr>
          </ns3:TrackPointExtension>
        </extensions>
      </trkpt>
      <trkpt lat="53.60162478871643543243408203125" lon="21.49668023921549320220947265625">
        <ele>132.1999969482421875</ele>
        <time>2026-09-05T09:50:58.000Z</time>
        <extensions>
          <ns3:TrackPointExtension>
            <ns3:hr>166</ns3:hr>
          </ns3:TrackPointExtension>
        </extensions>
      </trkpt>
      <trkpt lat="53.6015229485929012298583984375" lon="21.4966910518705844879150390625">
        <ele>132.1999969482421875</ele>
        <time>2026-09-05T09:51:00.000Z</time>
        <extensions>
          <ns3:TrackPointExtension>
            <ns3:hr>166</ns3:hr>
          </ns3:TrackPointExtension>
        </extensions>
      </trkpt>
      <trkpt lat="53.6014840565621852874755859375" lon="21.49671460501849651336669921875">
        <ele>132.1999969482421875</ele>
        <time>2026-09-05T09:51:01.000Z</time>
        <extensions>
          <ns3:TrackPointExtension>
            <ns3:hr>167</ns3:hr>
          </ns3:TrackPointExtension>
        </extensions>
      </trkpt>
      <trkpt lat="53.60140644013881683349609375" lon="21.49673924781382083892822265625">
        <ele>131.600006103515625</ele>
        <time>2026-09-05T09:51:03.000Z</time>
        <extensions>
          <ns3:TrackPointExtension>
            <ns3:hr>166</ns3:hr>
          </ns3:TrackPointExtension>
        </extensions>
      </trkpt>
      <trkpt lat="53.60128029249608516693115234375" lon="21.4967907965183258056640625">
        <ele>130.600006103515625</ele>
        <time>2026-09-05T09:51:06.000Z</time>
        <extensions>
          <ns3:TrackPointExtension>
            <ns3:hr>166</ns3:hr>
          </ns3:TrackPointExtension>
        </extensions>
      </trkpt>
      <trkpt lat="53.601151965558528900146484375" lon="21.49685525335371494293212890625">
        <ele>131</ele>
        <time>2026-09-05T09:51:09.000Z</time>
        <extensions>
          <ns3:TrackPointExtension>
            <ns3:hr>166</ns3:hr>
          </ns3:TrackPointExtension>
        </extensions>
      </trkpt>
      <trkpt lat="53.60095960088074207305908203125" lon="21.4969176985323429107666015625">
        <ele>131.1999969482421875</ele>
        <time>2026-09-05T09:51:13.000Z</time>
        <extensions>
          <ns3:TrackPointExtension>
            <ns3:hr>165</ns3:hr>
          </ns3:TrackPointExtension>
        </extensions>
      </trkpt>
      <trkpt lat="53.60078894533216953277587890625" lon="21.49700948037207126617431640625">
        <ele>131</ele>
        <time>2026-09-05T09:51:17.000Z</time>
        <extensions>
          <ns3:TrackPointExtension>
            <ns3:hr>164</ns3:hr>
          </ns3:TrackPointExtension>
        </extensions>
      </trkpt>
      <trkpt lat="53.600607812404632568359375" lon="21.49707603268325328826904296875">
        <ele>131.600006103515625</ele>
        <time>2026-09-05T09:51:21.000Z</time>
        <extensions>
          <ns3:TrackPointExtension>
            <ns3:hr>165</ns3:hr>
          </ns3:TrackPointExtension>
        </extensions>
      </trkpt>
      <trkpt lat="53.600462973117828369140625" lon="21.49713403545320034027099609375">
        <ele>130.600006103515625</ele>
        <time>2026-09-05T09:51:24.000Z</time>
        <extensions>
          <ns3:TrackPointExtension>
            <ns3:hr>165</ns3:hr>
          </ns3:TrackPointExtension>
        </extensions>
      </trkpt>
      <trkpt lat="53.60040589235723018646240234375" lon="21.49715716950595378875732421875">
        <ele>130.399993896484375</ele>
        <time>2026-09-05T09:51:25.000Z</time>
        <extensions>
          <ns3:TrackPointExtension>
            <ns3:hr>165</ns3:hr>
          </ns3:TrackPointExtension>
        </extensions>
      </trkpt>
      <trkpt lat="53.60030480660498142242431640625" lon="21.4971916191279888153076171875">
        <ele>129.8000030517578125</ele>
        <time>2026-09-05T09:51:27.000Z</time>
        <extensions>
          <ns3:TrackPointExtension>
            <ns3:hr>165</ns3:hr>
          </ns3:TrackPointExtension>
        </extensions>
      </trkpt>
      <trkpt lat="53.60025015659630298614501953125" lon="21.49722053669393062591552734375">
        <ele>129.600006103515625</ele>
        <time>2026-09-05T09:51:28.000Z</time>
        <extensions>
          <ns3:TrackPointExtension>
            <ns3:hr>165</ns3:hr>
          </ns3:TrackPointExtension>
        </extensions>
      </trkpt>
      <trkpt lat="53.60014446079730987548828125" lon="21.4972751028835773468017578125">
        <ele>130.399993896484375</ele>
        <time>2026-09-05T09:51:30.000Z</time>
        <extensions>
          <ns3:TrackPointExtension>
            <ns3:hr>165</ns3:hr>
          </ns3:TrackPointExtension>
        </extensions>
      </trkpt>
      <trkpt lat="53.6000968515872955322265625" lon="21.497295387089252471923828125">
        <ele>131.1999969482421875</ele>
        <time>2026-09-05T09:51:31.000Z</time>
        <extensions>
          <ns3:TrackPointExtension>
            <ns3:hr>165</ns3:hr>
          </ns3:TrackPointExtension>
        </extensions>
      </trkpt>
      <trkpt lat="53.59998193569481372833251953125" lon="21.4973314292728900909423828125">
        <ele>131.600006103515625</ele>
        <time>2026-09-05T09:51:33.000Z</time>
        <extensions>
          <ns3:TrackPointExtension>
            <ns3:hr>165</ns3:hr>
          </ns3:TrackPointExtension>
        </extensions>
      </trkpt>
      <trkpt lat="53.59975780360400676727294921875" lon="21.49741902016103267669677734375">
        <ele>130.600006103515625</ele>
        <time>2026-09-05T09:51:38.000Z</time>
        <extensions>
          <ns3:TrackPointExtension>
            <ns3:hr>168</ns3:hr>
          </ns3:TrackPointExtension>
        </extensions>
      </trkpt>
      <trkpt lat="53.5996400378644466400146484375" lon="21.49746394716203212738037109375">
        <ele>131</ele>
        <time>2026-09-05T09:51:41.000Z</time>
        <extensions>
          <ns3:TrackPointExtension>
            <ns3:hr>169</ns3:hr>
          </ns3:TrackPointExtension>
        </extensions>
      </trkpt>
      <trkpt lat="53.59949796460568904876708984375" lon="21.497495211660861968994140625">
        <ele>131.1999969482421875</ele>
        <time>2026-09-05T09:51:45.000Z</time>
        <extensions>
          <ns3:TrackPointExtension>
            <ns3:hr>170</ns3:hr>
          </ns3:TrackPointExtension>
        </extensions>
      </trkpt>
      <trkpt lat="53.599366955459117889404296875" lon="21.4975433237850666046142578125">
        <ele>131.600006103515625</ele>
        <time>2026-09-05T09:51:48.000Z</time>
        <extensions>
          <ns3:TrackPointExtension>
            <ns3:hr>169</ns3:hr>
          </ns3:TrackPointExtension>
        </extensions>
      </trkpt>
      <trkpt lat="53.59925924800336360931396484375" lon="21.49758263491094112396240234375">
        <ele>131.1999969482421875</ele>
        <time>2026-09-05T09:51:51.000Z</time>
        <extensions>
          <ns3:TrackPointExtension>
            <ns3:hr>169</ns3:hr>
          </ns3:TrackPointExtension>
        </extensions>
      </trkpt>
      <trkpt lat="53.5991817153990268707275390625" lon="21.49760107509791851043701171875">
        <ele>131.1999969482421875</ele>
        <time>2026-09-05T09:51:53.000Z</time>
        <extensions>
          <ns3:TrackPointExtension>
            <ns3:hr>169</ns3:hr>
          </ns3:TrackPointExtension>
        </extensions>
      </trkpt>
      <trkpt lat="53.59914039261639118194580078125" lon="21.4976174198091030120849609375">
        <ele>131</ele>
        <time>2026-09-05T09:51:54.000Z</time>
        <extensions>
          <ns3:TrackPointExtension>
            <ns3:hr>168</ns3:hr>
          </ns3:TrackPointExtension>
        </extensions>
      </trkpt>
      <trkpt lat="53.59910233877599239349365234375" lon="21.49764365516602993011474609375">
        <ele>130.600006103515625</ele>
        <time>2026-09-05T09:51:55.000Z</time>
        <extensions>
          <ns3:TrackPointExtension>
            <ns3:hr>168</ns3:hr>
          </ns3:TrackPointExtension>
        </extensions>
      </trkpt>
      <trkpt lat="53.59897912479937076568603515625" lon="21.497693359851837158203125">
        <ele>130.600006103515625</ele>
        <time>2026-09-05T09:51:58.000Z</time>
        <extensions>
          <ns3:TrackPointExtension>
            <ns3:hr>167</ns3:hr>
          </ns3:TrackPointExtension>
        </extensions>
      </trkpt>
      <trkpt lat="53.59883780591189861297607421875" lon="21.49774423800408840179443359375">
        <ele>130.600006103515625</ele>
        <time>2026-09-05T09:52:01.000Z</time>
        <extensions>
          <ns3:TrackPointExtension>
            <ns3:hr>166</ns3:hr>
          </ns3:TrackPointExtension>
        </extensions>
      </trkpt>
      <trkpt lat="53.59880612231791019439697265625" lon="21.4977488480508327484130859375">
        <ele>130.600006103515625</ele>
        <time>2026-09-05T09:52:02.000Z</time>
        <extensions>
          <ns3:TrackPointExtension>
            <ns3:hr>166</ns3:hr>
          </ns3:TrackPointExtension>
        </extensions>
      </trkpt>
      <trkpt lat="53.5987585969269275665283203125" lon="21.49776049889624118804931640625">
        <ele>130.600006103515625</ele>
        <time>2026-09-05T09:52:03.000Z</time>
        <extensions>
          <ns3:TrackPointExtension>
            <ns3:hr>167</ns3:hr>
          </ns3:TrackPointExtension>
        </extensions>
      </trkpt>
      <trkpt lat="53.59864116646349430084228515625" lon="21.49778597988188266754150390625">
        <ele>131</ele>
        <time>2026-09-05T09:52:06.000Z</time>
        <extensions>
          <ns3:TrackPointExtension>
            <ns3:hr>167</ns3:hr>
          </ns3:TrackPointExtension>
        </extensions>
      </trkpt>
      <trkpt lat="53.59856070019304752349853515625" lon="21.4978102035820484161376953125">
        <ele>130.600006103515625</ele>
        <time>2026-09-05T09:52:08.000Z</time>
        <extensions>
          <ns3:TrackPointExtension>
            <ns3:hr>167</ns3:hr>
          </ns3:TrackPointExtension>
        </extensions>
      </trkpt>
      <trkpt lat="53.59850672073662281036376953125" lon="21.4978180825710296630859375">
        <ele>130.600006103515625</ele>
        <time>2026-09-05T09:52:09.000Z</time>
        <extensions>
          <ns3:TrackPointExtension>
            <ns3:hr>166</ns3:hr>
          </ns3:TrackPointExtension>
        </extensions>
      </trkpt>
      <trkpt lat="53.59841837547719478607177734375" lon="21.49785990826785564422607421875">
        <ele>130.600006103515625</ele>
        <time>2026-09-05T09:52:11.000Z</time>
        <extensions>
          <ns3:TrackPointExtension>
            <ns3:hr>166</ns3:hr>
          </ns3:TrackPointExtension>
        </extensions>
      </trkpt>
      <trkpt lat="53.5983757115900516510009765625" lon="21.49788136593997478485107421875">
        <ele>130.600006103515625</ele>
        <time>2026-09-05T09:52:12.000Z</time>
        <extensions>
          <ns3:TrackPointExtension>
            <ns3:hr>166</ns3:hr>
          </ns3:TrackPointExtension>
        </extensions>
      </trkpt>
      <trkpt lat="53.5983270965516567230224609375" lon="21.497894190251827239990234375">
        <ele>130.600006103515625</ele>
        <time>2026-09-05T09:52:13.000Z</time>
        <extensions>
          <ns3:TrackPointExtension>
            <ns3:hr>166</ns3:hr>
          </ns3:TrackPointExtension>
        </extensions>
      </trkpt>
      <trkpt lat="53.5981939919292926788330078125" lon="21.49791556410491466522216796875">
        <ele>130.1999969482421875</ele>
        <time>2026-09-05T09:52:16.000Z</time>
        <extensions>
          <ns3:TrackPointExtension>
            <ns3:hr>165</ns3:hr>
          </ns3:TrackPointExtension>
        </extensions>
      </trkpt>
      <trkpt lat="53.59814629890024662017822265625" lon="21.49792612530291080474853515625">
        <ele>130</ele>
        <time>2026-09-05T09:52:17.000Z</time>
        <extensions>
          <ns3:TrackPointExtension>
            <ns3:hr>165</ns3:hr>
          </ns3:TrackPointExtension>
        </extensions>
      </trkpt>
      <trkpt lat="53.598009087145328521728515625" lon="21.49799100123345851898193359375">
        <ele>129.8000030517578125</ele>
        <time>2026-09-05T09:52:20.000Z</time>
        <extensions>
          <ns3:TrackPointExtension>
            <ns3:hr>164</ns3:hr>
          </ns3:TrackPointExtension>
        </extensions>
      </trkpt>
      <trkpt lat="53.59791194088757038116455078125" lon="21.4980254508554935455322265625">
        <ele>129.8000030517578125</ele>
        <time>2026-09-05T09:52:22.000Z</time>
        <extensions>
          <ns3:TrackPointExtension>
            <ns3:hr>164</ns3:hr>
          </ns3:TrackPointExtension>
        </extensions>
      </trkpt>
      <trkpt lat="53.5978640802204608917236328125" lon="21.4980432204902172088623046875">
        <ele>130</ele>
        <time>2026-09-05T09:52:23.000Z</time>
        <extensions>
          <ns3:TrackPointExtension>
            <ns3:hr>165</ns3:hr>
          </ns3:TrackPointExtension>
        </extensions>
      </trkpt>
      <trkpt lat="53.5977715440094470977783203125" lon="21.4980868063867092132568359375">
        <ele>130</ele>
        <time>2026-09-05T09:52:25.000Z</time>
        <extensions>
          <ns3:TrackPointExtension>
            <ns3:hr>165</ns3:hr>
          </ns3:TrackPointExtension>
        </extensions>
      </trkpt>
      <trkpt lat="53.59769199974834918975830078125" lon="21.49811371229588985443115234375">
        <ele>130.1999969482421875</ele>
        <time>2026-09-05T09:52:27.000Z</time>
        <extensions>
          <ns3:TrackPointExtension>
            <ns3:hr>165</ns3:hr>
          </ns3:TrackPointExtension>
        </extensions>
      </trkpt>
      <trkpt lat="53.59761153347790241241455078125" lon="21.4981478266417980194091796875">
        <ele>130.399993896484375</ele>
        <time>2026-09-05T09:52:29.000Z</time>
        <extensions>
          <ns3:TrackPointExtension>
            <ns3:hr>165</ns3:hr>
          </ns3:TrackPointExtension>
        </extensions>
      </trkpt>
      <trkpt lat="53.5975378565490245819091796875" lon="21.498176157474517822265625">
        <ele>130.1999969482421875</ele>
        <time>2026-09-05T09:52:31.000Z</time>
        <extensions>
          <ns3:TrackPointExtension>
            <ns3:hr>165</ns3:hr>
          </ns3:TrackPointExtension>
        </extensions>
      </trkpt>
      <trkpt lat="53.5974191688001155853271484375" lon="21.49823877029120922088623046875">
        <ele>130.399993896484375</ele>
        <time>2026-09-05T09:52:34.000Z</time>
        <extensions>
          <ns3:TrackPointExtension>
            <ns3:hr>165</ns3:hr>
          </ns3:TrackPointExtension>
        </extensions>
      </trkpt>
      <trkpt lat="53.59737851656973361968994140625" lon="21.4982517622411251068115234375">
        <ele>130.399993896484375</ele>
        <time>2026-09-05T09:52:35.000Z</time>
        <extensions>
          <ns3:TrackPointExtension>
            <ns3:hr>166</ns3:hr>
          </ns3:TrackPointExtension>
        </extensions>
      </trkpt>
      <trkpt lat="53.59730274416506290435791015625" lon="21.49829559959471225738525390625">
        <ele>130.600006103515625</ele>
        <time>2026-09-05T09:52:37.000Z</time>
        <extensions>
          <ns3:TrackPointExtension>
            <ns3:hr>166</ns3:hr>
          </ns3:TrackPointExtension>
        </extensions>
      </trkpt>
      <trkpt lat="53.597249686717987060546875" lon="21.49831722490489482879638671875">
        <ele>130.399993896484375</ele>
        <time>2026-09-05T09:52:39.000Z</time>
        <extensions>
          <ns3:TrackPointExtension>
            <ns3:hr>167</ns3:hr>
          </ns3:TrackPointExtension>
        </extensions>
      </trkpt>
      <trkpt lat="53.5972183384001255035400390625" lon="21.49833968840539455413818359375">
        <ele>130.600006103515625</ele>
        <time>2026-09-05T09:52:40.000Z</time>
        <extensions>
          <ns3:TrackPointExtension>
            <ns3:hr>166</ns3:hr>
          </ns3:TrackPointExtension>
        </extensions>
      </trkpt>
      <trkpt lat="53.59714181162416934967041015625" lon="21.49834890849888324737548828125">
        <ele>130</ele>
        <time>2026-09-05T09:52:42.000Z</time>
        <extensions>
          <ns3:TrackPointExtension>
            <ns3:hr>167</ns3:hr>
          </ns3:TrackPointExtension>
        </extensions>
      </trkpt>
      <trkpt lat="53.59701725654304027557373046875" lon="21.4983598887920379638671875">
        <ele>129.8000030517578125</ele>
        <time>2026-09-05T09:52:45.000Z</time>
        <extensions>
          <ns3:TrackPointExtension>
            <ns3:hr>166</ns3:hr>
          </ns3:TrackPointExtension>
        </extensions>
      </trkpt>
      <trkpt lat="53.59697274863719940185546875" lon="21.49836449883878231048583984375">
        <ele>129.8000030517578125</ele>
        <time>2026-09-05T09:52:46.000Z</time>
        <extensions>
          <ns3:TrackPointExtension>
            <ns3:hr>166</ns3:hr>
          </ns3:TrackPointExtension>
        </extensions>
      </trkpt>
      <trkpt lat="53.5968743450939655303955078125" lon="21.4983748085796833038330078125">
        <ele>130.1999969482421875</ele>
        <time>2026-09-05T09:52:48.000Z</time>
        <extensions>
          <ns3:TrackPointExtension>
            <ns3:hr>167</ns3:hr>
          </ns3:TrackPointExtension>
        </extensions>
      </trkpt>
      <trkpt lat="53.596799075603485107421875" lon="21.49841328151524066925048828125">
        <ele>130.1999969482421875</ele>
        <time>2026-09-05T09:52:50.000Z</time>
        <extensions>
          <ns3:TrackPointExtension>
            <ns3:hr>166</ns3:hr>
          </ns3:TrackPointExtension>
        </extensions>
      </trkpt>
      <trkpt lat="53.59668281860649585723876953125" lon="21.498487628996372222900390625">
        <ele>130.600006103515625</ele>
        <time>2026-09-05T09:52:53.000Z</time>
        <extensions>
          <ns3:TrackPointExtension>
            <ns3:hr>166</ns3:hr>
          </ns3:TrackPointExtension>
        </extensions>
      </trkpt>
      <trkpt lat="53.59661056660115718841552734375" lon="21.49851067923009395599365234375">
        <ele>130.600006103515625</ele>
        <time>2026-09-05T09:52:55.000Z</time>
        <extensions>
          <ns3:TrackPointExtension>
            <ns3:hr>167</ns3:hr>
          </ns3:TrackPointExtension>
        </extensions>
      </trkpt>
      <trkpt lat="53.59657687135040760040283203125" lon="21.49851805530488491058349609375">
        <ele>130.600006103515625</ele>
        <time>2026-09-05T09:52:56.000Z</time>
        <extensions>
          <ns3:TrackPointExtension>
            <ns3:hr>167</ns3:hr>
          </ns3:TrackPointExtension>
        </extensions>
      </trkpt>
      <trkpt lat="53.59643890522420406341552734375" lon="21.49855644442141056060791015625">
        <ele>130.399993896484375</ele>
        <time>2026-09-05T09:53:00.000Z</time>
        <extensions>
          <ns3:TrackPointExtension>
            <ns3:hr>167</ns3:hr>
          </ns3:TrackPointExtension>
        </extensions>
      </trkpt>
      <trkpt lat="53.5962975025177001953125" lon="21.4986014552414417266845703125">
        <ele>130.399993896484375</ele>
        <time>2026-09-05T09:53:04.000Z</time>
        <extensions>
          <ns3:TrackPointExtension>
            <ns3:hr>167</ns3:hr>
          </ns3:TrackPointExtension>
        </extensions>
      </trkpt>
      <trkpt lat="53.59613933600485324859619140625" lon="21.49862769059836864471435546875">
        <ele>130.399993896484375</ele>
        <time>2026-09-05T09:53:08.000Z</time>
        <extensions>
          <ns3:TrackPointExtension>
            <ns3:hr>166</ns3:hr>
          </ns3:TrackPointExtension>
        </extensions>
      </trkpt>
      <trkpt lat="53.5961045511066913604736328125" lon="21.49862986989319324493408203125">
        <ele>130.399993896484375</ele>
        <time>2026-09-05T09:53:09.000Z</time>
        <extensions>
          <ns3:TrackPointExtension>
            <ns3:hr>166</ns3:hr>
          </ns3:TrackPointExtension>
        </extensions>
      </trkpt>
      <trkpt lat="53.59591218642890453338623046875" lon="21.49870212189853191375732421875">
        <ele>130.600006103515625</ele>
        <time>2026-09-05T09:53:14.000Z</time>
        <extensions>
          <ns3:TrackPointExtension>
            <ns3:hr>166</ns3:hr>
          </ns3:TrackPointExtension>
        </extensions>
      </trkpt>
      <trkpt lat="53.595788218080997467041015625" lon="21.49874453432857990264892578125">
        <ele>130.600006103515625</ele>
        <time>2026-09-05T09:53:17.000Z</time>
        <extensions>
          <ns3:TrackPointExtension>
            <ns3:hr>165</ns3:hr>
          </ns3:TrackPointExtension>
        </extensions>
      </trkpt>
      <trkpt lat="53.595708422362804412841796875" lon="21.49879499338567256927490234375">
        <ele>130.600006103515625</ele>
        <time>2026-09-05T09:53:19.000Z</time>
        <extensions>
          <ns3:TrackPointExtension>
            <ns3:hr>165</ns3:hr>
          </ns3:TrackPointExtension>
        </extensions>
      </trkpt>
      <trkpt lat="53.595659472048282623291015625" lon="21.49880656041204929351806640625">
        <ele>130.600006103515625</ele>
        <time>2026-09-05T09:53:20.000Z</time>
        <extensions>
          <ns3:TrackPointExtension>
            <ns3:hr>165</ns3:hr>
          </ns3:TrackPointExtension>
        </extensions>
      </trkpt>
      <trkpt lat="53.5954688675701618194580078125" lon="21.49885115213692188262939453125">
        <ele>131</ele>
        <time>2026-09-05T09:53:24.000Z</time>
        <extensions>
          <ns3:TrackPointExtension>
            <ns3:hr>165</ns3:hr>
          </ns3:TrackPointExtension>
        </extensions>
      </trkpt>
      <trkpt lat="53.5952246189117431640625" lon="21.4990011043846607208251953125">
        <ele>131</ele>
        <time>2026-09-05T09:53:29.000Z</time>
        <extensions>
          <ns3:TrackPointExtension>
            <ns3:hr>165</ns3:hr>
          </ns3:TrackPointExtension>
        </extensions>
      </trkpt>
      <trkpt lat="53.59510567970573902130126953125" lon="21.49904628284275531768798828125">
        <ele>130.600006103515625</ele>
        <time>2026-09-05T09:53:32.000Z</time>
        <extensions>
          <ns3:TrackPointExtension>
            <ns3:hr>164</ns3:hr>
          </ns3:TrackPointExtension>
        </extensions>
      </trkpt>
      <trkpt lat="53.59496151097118854522705078125" lon="21.49911233223974704742431640625">
        <ele>131</ele>
        <time>2026-09-05T09:53:36.000Z</time>
        <extensions>
          <ns3:TrackPointExtension>
            <ns3:hr>164</ns3:hr>
          </ns3:TrackPointExtension>
        </extensions>
      </trkpt>
      <trkpt lat="53.59475648961961269378662109375" lon="21.4991633780300617218017578125">
        <ele>130.600006103515625</ele>
        <time>2026-09-05T09:53:41.000Z</time>
        <extensions>
          <ns3:TrackPointExtension>
            <ns3:hr>164</ns3:hr>
          </ns3:TrackPointExtension>
        </extensions>
      </trkpt>
      <trkpt lat="53.5946393944323062896728515625" lon="21.4992136694490909576416015625">
        <ele>131</ele>
        <time>2026-09-05T09:53:45.000Z</time>
        <extensions>
          <ns3:TrackPointExtension>
            <ns3:hr>163</ns3:hr>
          </ns3:TrackPointExtension>
        </extensions>
      </trkpt>
      <trkpt lat="53.59451089985668659210205078125" lon="21.49928147904574871063232421875">
        <ele>130.600006103515625</ele>
        <time>2026-09-05T09:53:49.000Z</time>
        <extensions>
          <ns3:TrackPointExtension>
            <ns3:hr>163</ns3:hr>
          </ns3:TrackPointExtension>
        </extensions>
      </trkpt>
      <trkpt lat="53.59435365535318851470947265625" lon="21.49935523979365825653076171875">
        <ele>130.399993896484375</ele>
        <time>2026-09-05T09:53:54.000Z</time>
        <extensions>
          <ns3:TrackPointExtension>
            <ns3:hr>163</ns3:hr>
          </ns3:TrackPointExtension>
        </extensions>
      </trkpt>
      <trkpt lat="53.594218790531158447265625" lon="21.49944962002336978912353515625">
        <ele>129.8000030517578125</ele>
        <time>2026-09-05T09:53:58.000Z</time>
        <extensions>
          <ns3:TrackPointExtension>
            <ns3:hr>162</ns3:hr>
          </ns3:TrackPointExtension>
        </extensions>
      </trkpt>
      <trkpt lat="53.59405986964702606201171875" lon="21.49948214180767536163330078125">
        <ele>130.399993896484375</ele>
        <time>2026-09-05T09:54:03.000Z</time>
        <extensions>
          <ns3:TrackPointExtension>
            <ns3:hr>162</ns3:hr>
          </ns3:TrackPointExtension>
        </extensions>
      </trkpt>
      <trkpt lat="53.5939557664096355438232421875" lon="21.499489434063434600830078125">
        <ele>130.399993896484375</ele>
        <time>2026-09-05T09:54:07.000Z</time>
        <extensions>
          <ns3:TrackPointExtension>
            <ns3:hr>162</ns3:hr>
          </ns3:TrackPointExtension>
        </extensions>
      </trkpt>
      <trkpt lat="53.5939302854239940643310546875" lon="21.4994979836046695709228515625">
        <ele>130.600006103515625</ele>
        <time>2026-09-05T09:54:08.000Z</time>
        <extensions>
          <ns3:TrackPointExtension>
            <ns3:hr>162</ns3:hr>
          </ns3:TrackPointExtension>
        </extensions>
      </trkpt>
      <trkpt lat="53.59381654299795627593994140625" lon="21.4994694851338863372802734375">
        <ele>130.600006103515625</ele>
        <time>2026-09-05T09:54:13.000Z</time>
        <extensions>
          <ns3:TrackPointExtension>
            <ns3:hr>161</ns3:hr>
          </ns3:TrackPointExtension>
        </extensions>
      </trkpt>
      <trkpt lat="53.59376105479896068572998046875" lon="21.499500162899494171142578125">
        <ele>131.1999969482421875</ele>
        <time>2026-09-05T09:54:16.000Z</time>
        <extensions>
          <ns3:TrackPointExtension>
            <ns3:hr>161</ns3:hr>
          </ns3:TrackPointExtension>
        </extensions>
      </trkpt>
      <trkpt lat="53.59375015832483768463134765625" lon="21.49948775768280029296875">
        <ele>131.1999969482421875</ele>
        <time>2026-09-05T09:54:17.000Z</time>
        <extensions>
          <ns3:TrackPointExtension>
            <ns3:hr>160</ns3:hr>
          </ns3:TrackPointExtension>
        </extensions>
      </trkpt>
      <trkpt lat="53.5937425307929515838623046875" lon="21.499485075473785400390625">
        <ele>131.1999969482421875</ele>
        <time>2026-09-05T09:54:19.000Z</time>
        <extensions>
          <ns3:TrackPointExtension>
            <ns3:hr>160</ns3:hr>
          </ns3:TrackPointExtension>
        </extensions>
      </trkpt>
      <trkpt lat="53.59368846751749515533447265625" lon="21.4994812197983264923095703125">
        <ele>130.600006103515625</ele>
        <time>2026-09-05T09:54:22.000Z</time>
        <extensions>
          <ns3:TrackPointExtension>
            <ns3:hr>160</ns3:hr>
          </ns3:TrackPointExtension>
        </extensions>
      </trkpt>
      <trkpt lat="53.59365913085639476776123046875" lon="21.49954668246209621429443359375">
        <ele>130</ele>
        <time>2026-09-05T09:54:25.000Z</time>
        <extensions>
          <ns3:TrackPointExtension>
            <ns3:hr>159</ns3:hr>
          </ns3:TrackPointExtension>
        </extensions>
      </trkpt>
      <trkpt lat="53.5936305485665798187255859375" lon="21.49954232387244701385498046875">
        <ele>130</ele>
        <time>2026-09-05T09:54:27.000Z</time>
        <extensions>
          <ns3:TrackPointExtension>
            <ns3:hr>158</ns3:hr>
          </ns3:TrackPointExtension>
        </extensions>
      </trkpt>
      <trkpt lat="53.59330021776258945465087890625" lon="21.4997906796634197235107421875">
        <ele>129.8000030517578125</ele>
        <time>2026-09-05T09:55:45.000Z</time>
        <extensions>
          <ns3:TrackPointExtension>
            <ns3:hr>149</ns3:hr>
          </ns3:TrackPointExtension>
        </extensions>
      </trkpt>
      <trkpt lat="53.59331295825541019439697265625" lon="21.4997890032827854156494140625">
        <ele>129.8000030517578125</ele>
        <time>2026-09-05T09:55:46.000Z</time>
        <extensions>
          <ns3:TrackPointExtension>
            <ns3:hr>149</ns3:hr>
          </ns3:TrackPointExtension>
        </extensions>
      </trkpt>
      <trkpt lat="53.59332653693854808807373046875" lon="21.49979378096759319305419921875">
        <ele>129.8000030517578125</ele>
        <time>2026-09-05T09:55:47.000Z</time>
        <extensions>
          <ns3:TrackPointExtension>
            <ns3:hr>149</ns3:hr>
          </ns3:TrackPointExtension>
        </extensions>
      </trkpt>
      <trkpt lat="53.59340432099997997283935546875" lon="21.4997732453048229217529296875">
        <ele>129</ele>
        <time>2026-09-05T09:55:51.000Z</time>
        <extensions>
          <ns3:TrackPointExtension>
            <ns3:hr>149</ns3:hr>
          </ns3:TrackPointExtension>
        </extensions>
      </trkpt>
      <trkpt lat="53.593557961285114288330078125" lon="21.49971750564873218536376953125">
        <ele>128.399993896484375</ele>
        <time>2026-09-05T09:55:56.000Z</time>
        <extensions>
          <ns3:TrackPointExtension>
            <ns3:hr>150</ns3:hr>
          </ns3:TrackPointExtension>
        </extensions>
      </trkpt>
      <trkpt lat="53.593732304871082305908203125" lon="21.4996780268847942352294921875">
        <ele>128.399993896484375</ele>
        <time>2026-09-05T09:56:01.000Z</time>
        <extensions>
          <ns3:TrackPointExtension>
            <ns3:hr>151</ns3:hr>
          </ns3:TrackPointExtension>
        </extensions>
      </trkpt>
      <trkpt lat="53.5938343964517116546630859375" lon="21.499640978872776031494140625">
        <ele>128.600006103515625</ele>
        <time>2026-09-05T09:56:03.000Z</time>
        <extensions>
          <ns3:TrackPointExtension>
            <ns3:hr>153</ns3:hr>
          </ns3:TrackPointExtension>
        </extensions>
      </trkpt>
      <trkpt lat="53.59387706033885478973388671875" lon="21.49962077848613262176513671875">
        <ele>128.600006103515625</ele>
        <time>2026-09-05T09:56:04.000Z</time>
        <extensions>
          <ns3:TrackPointExtension>
            <ns3:hr>154</ns3:hr>
          </ns3:TrackPointExtension>
        </extensions>
      </trkpt>
      <trkpt lat="53.5940243303775787353515625" lon="21.49952639825642108917236328125">
        <ele>128.1999969482421875</ele>
        <time>2026-09-05T09:56:08.000Z</time>
        <extensions>
          <ns3:TrackPointExtension>
            <ns3:hr>155</ns3:hr>
          </ns3:TrackPointExtension>
        </extensions>
      </trkpt>
      <trkpt lat="53.59416321851313114166259765625" lon="21.49946219287812709808349609375">
        <ele>128.1999969482421875</ele>
        <time>2026-09-05T09:56:12.000Z</time>
        <extensions>
          <ns3:TrackPointExtension>
            <ns3:hr>157</ns3:hr>
          </ns3:TrackPointExtension>
        </extensions>
      </trkpt>
      <trkpt lat="53.5942590236663818359375" lon="21.4994171820580959320068359375">
        <ele>128.1999969482421875</ele>
        <time>2026-09-05T09:56:14.000Z</time>
        <extensions>
          <ns3:TrackPointExtension>
            <ns3:hr>158</ns3:hr>
          </ns3:TrackPointExtension>
        </extensions>
      </trkpt>
      <trkpt lat="53.594308309257030487060546875" lon="21.499402932822704315185546875">
        <ele>128</ele>
        <time>2026-09-05T09:56:15.000Z</time>
        <extensions>
          <ns3:TrackPointExtension>
            <ns3:hr>158</ns3:hr>
          </ns3:TrackPointExtension>
        </extensions>
      </trkpt>
      <trkpt lat="53.59435231424868106842041015625" lon="21.4994081296026706695556640625">
        <ele>128</ele>
        <time>2026-09-05T09:56:16.000Z</time>
        <extensions>
          <ns3:TrackPointExtension>
            <ns3:hr>158</ns3:hr>
          </ns3:TrackPointExtension>
        </extensions>
      </trkpt>
      <trkpt lat="53.59453185461461544036865234375" lon="21.49934736080467700958251953125">
        <ele>128.600006103515625</ele>
        <time>2026-09-05T09:56:20.000Z</time>
        <extensions>
          <ns3:TrackPointExtension>
            <ns3:hr>159</ns3:hr>
          </ns3:TrackPointExtension>
        </extensions>
      </trkpt>
      <trkpt lat="53.59468725509941577911376953125" lon="21.4992877654731273651123046875">
        <ele>128.1999969482421875</ele>
        <time>2026-09-05T09:56:23.000Z</time>
        <extensions>
          <ns3:TrackPointExtension>
            <ns3:hr>161</ns3:hr>
          </ns3:TrackPointExtension>
        </extensions>
      </trkpt>
      <trkpt lat="53.59473754651844501495361328125" lon="21.49926471523940563201904296875">
        <ele>128</ele>
        <time>2026-09-05T09:56:24.000Z</time>
        <extensions>
          <ns3:TrackPointExtension>
            <ns3:hr>161</ns3:hr>
          </ns3:TrackPointExtension>
        </extensions>
      </trkpt>
      <trkpt lat="53.59483879990875720977783203125" lon="21.49923118762671947479248046875">
        <ele>128.1999969482421875</ele>
        <time>2026-09-05T09:56:26.000Z</time>
        <extensions>
          <ns3:TrackPointExtension>
            <ns3:hr>161</ns3:hr>
          </ns3:TrackPointExtension>
        </extensions>
      </trkpt>
      <trkpt lat="53.5949840582907199859619140625" lon="21.499152481555938720703125">
        <ele>128.399993896484375</ele>
        <time>2026-09-05T09:56:29.000Z</time>
        <extensions>
          <ns3:TrackPointExtension>
            <ns3:hr>163</ns3:hr>
          </ns3:TrackPointExtension>
        </extensions>
      </trkpt>
      <trkpt lat="53.59515555202960968017578125" lon="21.4991404116153717041015625">
        <ele>128.399993896484375</ele>
        <time>2026-09-05T09:56:32.000Z</time>
        <extensions>
          <ns3:TrackPointExtension>
            <ns3:hr>164</ns3:hr>
          </ns3:TrackPointExtension>
        </extensions>
      </trkpt>
      <trkpt lat="53.59520441852509975433349609375" lon="21.49913714267313480377197265625">
        <ele>128.399993896484375</ele>
        <time>2026-09-05T09:56:33.000Z</time>
        <extensions>
          <ns3:TrackPointExtension>
            <ns3:hr>164</ns3:hr>
          </ns3:TrackPointExtension>
        </extensions>
      </trkpt>
      <trkpt lat="53.59526158310472965240478515625" lon="21.49912859313189983367919921875">
        <ele>128.399993896484375</ele>
        <time>2026-09-05T09:56:34.000Z</time>
        <extensions>
          <ns3:TrackPointExtension>
            <ns3:hr>165</ns3:hr>
          </ns3:TrackPointExtension>
        </extensions>
      </trkpt>
      <trkpt lat="53.595403991639614105224609375" lon="21.49910353124141693115234375">
        <ele>128.600006103515625</ele>
        <time>2026-09-05T09:56:37.000Z</time>
        <extensions>
          <ns3:TrackPointExtension>
            <ns3:hr>165</ns3:hr>
          </ns3:TrackPointExtension>
        </extensions>
      </trkpt>
      <trkpt lat="53.595441542565822601318359375" lon="21.49908819235861301422119140625">
        <ele>129</ele>
        <time>2026-09-05T09:56:38.000Z</time>
        <extensions>
          <ns3:TrackPointExtension>
            <ns3:hr>165</ns3:hr>
          </ns3:TrackPointExtension>
        </extensions>
      </trkpt>
      <trkpt lat="53.59554790891706943511962890625" lon="21.4990332908928394317626953125">
        <ele>129</ele>
        <time>2026-09-05T09:56:41.000Z</time>
        <extensions>
          <ns3:TrackPointExtension>
            <ns3:hr>165</ns3:hr>
          </ns3:TrackPointExtension>
        </extensions>
      </trkpt>
      <trkpt lat="53.59570045955479145050048828125" lon="21.49897771887481212615966796875">
        <ele>129</ele>
        <time>2026-09-05T09:56:45.000Z</time>
        <extensions>
          <ns3:TrackPointExtension>
            <ns3:hr>166</ns3:hr>
          </ns3:TrackPointExtension>
        </extensions>
      </trkpt>
      <trkpt lat="53.5958715341985225677490234375" lon="21.49892323650419712066650390625">
        <ele>129</ele>
        <time>2026-09-05T09:56:49.000Z</time>
        <extensions>
          <ns3:TrackPointExtension>
            <ns3:hr>165</ns3:hr>
          </ns3:TrackPointExtension>
        </extensions>
      </trkpt>
      <trkpt lat="53.59590925276279449462890625" lon="21.4989199675619602203369140625">
        <ele>129</ele>
        <time>2026-09-05T09:56:50.000Z</time>
        <extensions>
          <ns3:TrackPointExtension>
            <ns3:hr>165</ns3:hr>
          </ns3:TrackPointExtension>
        </extensions>
      </trkpt>
      <trkpt lat="53.59594889916479587554931640625" lon="21.4988995157182216644287109375">
        <ele>129</ele>
        <time>2026-09-05T09:56:51.000Z</time>
        <extensions>
          <ns3:TrackPointExtension>
            <ns3:hr>165</ns3:hr>
          </ns3:TrackPointExtension>
        </extensions>
      </trkpt>
      <trkpt lat="53.59611167572438716888427734375" lon="21.49884578771889209747314453125">
        <ele>129</ele>
        <time>2026-09-05T09:56:55.000Z</time>
        <extensions>
          <ns3:TrackPointExtension>
            <ns3:hr>165</ns3:hr>
          </ns3:TrackPointExtension>
        </extensions>
      </trkpt>
      <trkpt lat="53.59620974399149417877197265625" lon="21.49878661148250102996826171875">
        <ele>129.1999969482421875</ele>
        <time>2026-09-05T09:56:57.000Z</time>
        <extensions>
          <ns3:TrackPointExtension>
            <ns3:hr>165</ns3:hr>
          </ns3:TrackPointExtension>
        </extensions>
      </trkpt>
      <trkpt lat="53.596299849450588226318359375" lon="21.49874210357666015625">
        <ele>129.1999969482421875</ele>
        <time>2026-09-05T09:56:59.000Z</time>
        <extensions>
          <ns3:TrackPointExtension>
            <ns3:hr>164</ns3:hr>
          </ns3:TrackPointExtension>
        </extensions>
      </trkpt>
      <trkpt lat="53.59661123715341091156005859375" lon="21.49861025623977184295654296875">
        <ele>129</ele>
        <time>2026-09-05T09:57:05.000Z</time>
        <extensions>
          <ns3:TrackPointExtension>
            <ns3:hr>163</ns3:hr>
          </ns3:TrackPointExtension>
        </extensions>
      </trkpt>
      <trkpt lat="53.59665918163955211639404296875" lon="21.49858695454895496368408203125">
        <ele>128.600006103515625</ele>
        <time>2026-09-05T09:57:06.000Z</time>
        <extensions>
          <ns3:TrackPointExtension>
            <ns3:hr>164</ns3:hr>
          </ns3:TrackPointExtension>
        </extensions>
      </trkpt>
      <trkpt lat="53.59676420688629150390625" lon="21.49855661205947399139404296875">
        <ele>128.399993896484375</ele>
        <time>2026-09-05T09:57:08.000Z</time>
        <extensions>
          <ns3:TrackPointExtension>
            <ns3:hr>164</ns3:hr>
          </ns3:TrackPointExtension>
        </extensions>
      </trkpt>
      <trkpt lat="53.5969129018485546112060546875" lon="21.49852157570421695709228515625">
        <ele>128.600006103515625</ele>
        <time>2026-09-05T09:57:11.000Z</time>
        <extensions>
          <ns3:TrackPointExtension>
            <ns3:hr>164</ns3:hr>
          </ns3:TrackPointExtension>
        </extensions>
      </trkpt>
      <trkpt lat="53.59695020131766796112060546875" lon="21.49851302616298198699951171875">
        <ele>128.600006103515625</ele>
        <time>2026-09-05T09:57:12.000Z</time>
        <extensions>
          <ns3:TrackPointExtension>
            <ns3:hr>164</ns3:hr>
          </ns3:TrackPointExtension>
        </extensions>
      </trkpt>
      <trkpt lat="53.59705044887959957122802734375" lon="21.4984831027686595916748046875">
        <ele>129.600006103515625</ele>
        <time>2026-09-05T09:57:14.000Z</time>
        <extensions>
          <ns3:TrackPointExtension>
            <ns3:hr>164</ns3:hr>
          </ns3:TrackPointExtension>
        </extensions>
      </trkpt>
      <trkpt lat="53.5971383750438690185546875" lon="21.498462148010730743408203125">
        <ele>129.1999969482421875</ele>
        <time>2026-09-05T09:57:16.000Z</time>
        <extensions>
          <ns3:TrackPointExtension>
            <ns3:hr>164</ns3:hr>
          </ns3:TrackPointExtension>
        </extensions>
      </trkpt>
      <trkpt lat="53.597339205443859100341796875" lon="21.49840808473527431488037109375">
        <ele>128.600006103515625</ele>
        <time>2026-09-05T09:57:20.000Z</time>
        <extensions>
          <ns3:TrackPointExtension>
            <ns3:hr>166</ns3:hr>
          </ns3:TrackPointExtension>
        </extensions>
      </trkpt>
      <trkpt lat="53.59739243052899837493896484375" lon="21.49840070866048336029052734375">
        <ele>128.399993896484375</ele>
        <time>2026-09-05T09:57:21.000Z</time>
        <extensions>
          <ns3:TrackPointExtension>
            <ns3:hr>166</ns3:hr>
          </ns3:TrackPointExtension>
        </extensions>
      </trkpt>
      <trkpt lat="53.59750642441213130950927734375" lon="21.4983624033629894256591796875">
        <ele>128</ele>
        <time>2026-09-05T09:57:23.000Z</time>
        <extensions>
          <ns3:TrackPointExtension>
            <ns3:hr>166</ns3:hr>
          </ns3:TrackPointExtension>
        </extensions>
      </trkpt>
      <trkpt lat="53.59756291843950748443603515625" lon="21.49834706448018550872802734375">
        <ele>127.8000030517578125</ele>
        <time>2026-09-05T09:57:24.000Z</time>
        <extensions>
          <ns3:TrackPointExtension>
            <ns3:hr>166</ns3:hr>
          </ns3:TrackPointExtension>
        </extensions>
      </trkpt>
      <trkpt lat="53.597810268402099609375" lon="21.49823181331157684326171875">
        <ele>127.8000030517578125</ele>
        <time>2026-09-05T09:57:28.000Z</time>
        <extensions>
          <ns3:TrackPointExtension>
            <ns3:hr>167</ns3:hr>
          </ns3:TrackPointExtension>
        </extensions>
      </trkpt>
      <trkpt lat="53.5979301296174526214599609375" lon="21.498180516064167022705078125">
        <ele>128.1999969482421875</ele>
        <time>2026-09-05T09:57:30.000Z</time>
        <extensions>
          <ns3:TrackPointExtension>
            <ns3:hr>167</ns3:hr>
          </ns3:TrackPointExtension>
        </extensions>
      </trkpt>
      <trkpt lat="53.5980364121496677398681640625" lon="21.4981310628354549407958984375">
        <ele>128.600006103515625</ele>
        <time>2026-09-05T09:57:32.000Z</time>
        <extensions>
          <ns3:TrackPointExtension>
            <ns3:hr>166</ns3:hr>
          </ns3:TrackPointExtension>
        </extensions>
      </trkpt>
      <trkpt lat="53.59808930195868015289306640625" lon="21.4981052465736865997314453125">
        <ele>129</ele>
        <time>2026-09-05T09:57:33.000Z</time>
        <extensions>
          <ns3:TrackPointExtension>
            <ns3:hr>167</ns3:hr>
          </ns3:TrackPointExtension>
        </extensions>
      </trkpt>
      <trkpt lat="53.59817949123680591583251953125" lon="21.498059816658496856689453125">
        <ele>129.1999969482421875</ele>
        <time>2026-09-05T09:57:35.000Z</time>
        <extensions>
          <ns3:TrackPointExtension>
            <ns3:hr>167</ns3:hr>
          </ns3:TrackPointExtension>
        </extensions>
      </trkpt>
      <trkpt lat="53.59833522699773311614990234375" lon="21.49800960905849933624267578125">
        <ele>129</ele>
        <time>2026-09-05T09:57:38.000Z</time>
        <extensions>
          <ns3:TrackPointExtension>
            <ns3:hr>168</ns3:hr>
          </ns3:TrackPointExtension>
        </extensions>
      </trkpt>
      <trkpt lat="53.5983857698738574981689453125" lon="21.49799150414764881134033203125">
        <ele>128.600006103515625</ele>
        <time>2026-09-05T09:57:39.000Z</time>
        <extensions>
          <ns3:TrackPointExtension>
            <ns3:hr>168</ns3:hr>
          </ns3:TrackPointExtension>
        </extensions>
      </trkpt>
      <trkpt lat="53.5984987579286098480224609375" lon="21.49795479141175746917724609375">
        <ele>129</ele>
        <time>2026-09-05T09:57:41.000Z</time>
        <extensions>
          <ns3:TrackPointExtension>
            <ns3:hr>168</ns3:hr>
          </ns3:TrackPointExtension>
        </extensions>
      </trkpt>
      <trkpt lat="53.59854645095765590667724609375" lon="21.4979406259953975677490234375">
        <ele>129.1999969482421875</ele>
        <time>2026-09-05T09:57:42.000Z</time>
        <extensions>
          <ns3:TrackPointExtension>
            <ns3:hr>168</ns3:hr>
          </ns3:TrackPointExtension>
        </extensions>
      </trkpt>
      <trkpt lat="53.5986016876995563507080078125" lon="21.49791908450424671173095703125">
        <ele>129.1999969482421875</ele>
        <time>2026-09-05T09:57:43.000Z</time>
        <extensions>
          <ns3:TrackPointExtension>
            <ns3:hr>168</ns3:hr>
          </ns3:TrackPointExtension>
        </extensions>
      </trkpt>
      <trkpt lat="53.59870285727083683013916015625" lon="21.49788371287286281585693359375">
        <ele>129.1999969482421875</ele>
        <time>2026-09-05T09:57:45.000Z</time>
        <extensions>
          <ns3:TrackPointExtension>
            <ns3:hr>168</ns3:hr>
          </ns3:TrackPointExtension>
        </extensions>
      </trkpt>
      <trkpt lat="53.5987931303679943084716796875" lon="21.49783761240541934967041015625">
        <ele>129.1999969482421875</ele>
        <time>2026-09-05T09:57:47.000Z</time>
        <extensions>
          <ns3:TrackPointExtension>
            <ns3:hr>168</ns3:hr>
          </ns3:TrackPointExtension>
        </extensions>
      </trkpt>
      <trkpt lat="53.59883244149386882781982421875" lon="21.497829146683216094970703125">
        <ele>129.1999969482421875</ele>
        <time>2026-09-05T09:57:48.000Z</time>
        <extensions>
          <ns3:TrackPointExtension>
            <ns3:hr>168</ns3:hr>
          </ns3:TrackPointExtension>
        </extensions>
      </trkpt>
      <trkpt lat="53.5990266501903533935546875" lon="21.4977585710585117340087890625">
        <ele>129.8000030517578125</ele>
        <time>2026-09-05T09:57:52.000Z</time>
        <extensions>
          <ns3:TrackPointExtension>
            <ns3:hr>170</ns3:hr>
          </ns3:TrackPointExtension>
        </extensions>
      </trkpt>
      <trkpt lat="53.5992058552801609039306640625" lon="21.497679613530635833740234375">
        <ele>129.8000030517578125</ele>
        <time>2026-09-05T09:57:56.000Z</time>
        <extensions>
          <ns3:TrackPointExtension>
            <ns3:hr>170</ns3:hr>
          </ns3:TrackPointExtension>
        </extensions>
      </trkpt>
      <trkpt lat="53.599247597157955169677734375" lon="21.497677266597747802734375">
        <ele>129.8000030517578125</ele>
        <time>2026-09-05T09:57:57.000Z</time>
        <extensions>
          <ns3:TrackPointExtension>
            <ns3:hr>171</ns3:hr>
          </ns3:TrackPointExtension>
        </extensions>
      </trkpt>
      <trkpt lat="53.5992930270731449127197265625" lon="21.49765974842011928558349609375">
        <ele>130</ele>
        <time>2026-09-05T09:57:58.000Z</time>
        <extensions>
          <ns3:TrackPointExtension>
            <ns3:hr>171</ns3:hr>
          </ns3:TrackPointExtension>
        </extensions>
      </trkpt>
      <trkpt lat="53.5993433184921741485595703125" lon="21.4976412244141101837158203125">
        <ele>130.1999969482421875</ele>
        <time>2026-09-05T09:57:59.000Z</time>
        <extensions>
          <ns3:TrackPointExtension>
            <ns3:hr>171</ns3:hr>
          </ns3:TrackPointExtension>
        </extensions>
      </trkpt>
      <trkpt lat="53.5993805341422557830810546875" lon="21.4976412244141101837158203125">
        <ele>130</ele>
        <time>2026-09-05T09:58:00.000Z</time>
        <extensions>
          <ns3:TrackPointExtension>
            <ns3:hr>170</ns3:hr>
          </ns3:TrackPointExtension>
        </extensions>
      </trkpt>
      <trkpt lat="53.59943023882806301116943359375" lon="21.4976083673536777496337890625">
        <ele>129.600006103515625</ele>
        <time>2026-09-05T09:58:01.000Z</time>
        <extensions>
          <ns3:TrackPointExtension>
            <ns3:hr>170</ns3:hr>
          </ns3:TrackPointExtension>
        </extensions>
      </trkpt>
      <trkpt lat="53.59951757825911045074462890625" lon="21.49759344756603240966796875">
        <ele>129.1999969482421875</ele>
        <time>2026-09-05T09:58:03.000Z</time>
        <extensions>
          <ns3:TrackPointExtension>
            <ns3:hr>171</ns3:hr>
          </ns3:TrackPointExtension>
        </extensions>
      </trkpt>
      <trkpt lat="53.599564768373966217041015625" lon="21.49757391773164272308349609375">
        <ele>129.1999969482421875</ele>
        <time>2026-09-05T09:58:04.000Z</time>
        <extensions>
          <ns3:TrackPointExtension>
            <ns3:hr>170</ns3:hr>
          </ns3:TrackPointExtension>
        </extensions>
      </trkpt>
      <trkpt lat="53.5996397025883197784423828125" lon="21.49755614809691905975341796875">
        <ele>129.600006103515625</ele>
        <time>2026-09-05T09:58:06.000Z</time>
        <extensions>
          <ns3:TrackPointExtension>
            <ns3:hr>169</ns3:hr>
          </ns3:TrackPointExtension>
        </extensions>
      </trkpt>
      <trkpt lat="53.599682115018367767333984375" lon="21.4975336007773876190185546875">
        <ele>129.600006103515625</ele>
        <time>2026-09-05T09:58:07.000Z</time>
        <extensions>
          <ns3:TrackPointExtension>
            <ns3:hr>169</ns3:hr>
          </ns3:TrackPointExtension>
        </extensions>
      </trkpt>
      <trkpt lat="53.5997776687145233154296875" lon="21.49749529547989368438720703125">
        <ele>129</ele>
        <time>2026-09-05T09:58:09.000Z</time>
        <extensions>
          <ns3:TrackPointExtension>
            <ns3:hr>168</ns3:hr>
          </ns3:TrackPointExtension>
        </extensions>
      </trkpt>
      <trkpt lat="53.5998281277716159820556640625" lon="21.49748121388256549835205078125">
        <ele>129</ele>
        <time>2026-09-05T09:58:10.000Z</time>
        <extensions>
          <ns3:TrackPointExtension>
            <ns3:hr>168</ns3:hr>
          </ns3:TrackPointExtension>
        </extensions>
      </trkpt>
      <trkpt lat="53.5999089293181896209716796875" lon="21.4974534697830677032470703125">
        <ele>129.1999969482421875</ele>
        <time>2026-09-05T09:58:12.000Z</time>
        <extensions>
          <ns3:TrackPointExtension>
            <ns3:hr>168</ns3:hr>
          </ns3:TrackPointExtension>
        </extensions>
      </trkpt>
      <trkpt lat="53.6000353284180164337158203125" lon="21.4974072016775608062744140625">
        <ele>129.8000030517578125</ele>
        <time>2026-09-05T09:58:15.000Z</time>
        <extensions>
          <ns3:TrackPointExtension>
            <ns3:hr>169</ns3:hr>
          </ns3:TrackPointExtension>
        </extensions>
      </trkpt>
      <trkpt lat="53.600081093609333038330078125" lon="21.4974001608788967132568359375">
        <ele>129.8000030517578125</ele>
        <time>2026-09-05T09:58:16.000Z</time>
        <extensions>
          <ns3:TrackPointExtension>
            <ns3:hr>169</ns3:hr>
          </ns3:TrackPointExtension>
        </extensions>
      </trkpt>
      <trkpt lat="53.600183017551898956298828125" lon="21.49735615588724613189697265625">
        <ele>129.600006103515625</ele>
        <time>2026-09-05T09:58:18.000Z</time>
        <extensions>
          <ns3:TrackPointExtension>
            <ns3:hr>170</ns3:hr>
          </ns3:TrackPointExtension>
        </extensions>
      </trkpt>
      <trkpt lat="53.600275553762912750244140625" lon="21.49731860496103763580322265625">
        <ele>129.1999969482421875</ele>
        <time>2026-09-05T09:58:20.000Z</time>
        <extensions>
          <ns3:TrackPointExtension>
            <ns3:hr>170</ns3:hr>
          </ns3:TrackPointExtension>
        </extensions>
      </trkpt>
      <trkpt lat="53.6004098318517208099365234375" lon="21.497258841991424560546875">
        <ele>128.600006103515625</ele>
        <time>2026-09-05T09:58:23.000Z</time>
        <extensions>
          <ns3:TrackPointExtension>
            <ns3:hr>171</ns3:hr>
          </ns3:TrackPointExtension>
        </extensions>
      </trkpt>
      <trkpt lat="53.600560538470745086669921875" lon="21.49719807319343090057373046875">
        <ele>129.1999969482421875</ele>
        <time>2026-09-05T09:58:26.000Z</time>
        <extensions>
          <ns3:TrackPointExtension>
            <ns3:hr>170</ns3:hr>
          </ns3:TrackPointExtension>
        </extensions>
      </trkpt>
      <trkpt lat="53.6006378196179866790771484375" lon="21.4971775375306606292724609375">
        <ele>129.8000030517578125</ele>
        <time>2026-09-05T09:58:28.000Z</time>
        <extensions>
          <ns3:TrackPointExtension>
            <ns3:hr>171</ns3:hr>
          </ns3:TrackPointExtension>
        </extensions>
      </trkpt>
      <trkpt lat="53.60067511908710002899169921875" lon="21.49714342318475246429443359375">
        <ele>129.8000030517578125</ele>
        <time>2026-09-05T09:58:29.000Z</time>
        <extensions>
          <ns3:TrackPointExtension>
            <ns3:hr>171</ns3:hr>
          </ns3:TrackPointExtension>
        </extensions>
      </trkpt>
      <trkpt lat="53.60083437524735927581787109375" lon="21.4970682375133037567138671875">
        <ele>129.1999969482421875</ele>
        <time>2026-09-05T09:58:33.000Z</time>
        <extensions>
          <ns3:TrackPointExtension>
            <ns3:hr>170</ns3:hr>
          </ns3:TrackPointExtension>
        </extensions>
      </trkpt>
      <trkpt lat="53.6009536497294902801513671875" lon="21.4970286749303340911865234375">
        <ele>129.600006103515625</ele>
        <time>2026-09-05T09:58:36.000Z</time>
        <extensions>
          <ns3:TrackPointExtension>
            <ns3:hr>170</ns3:hr>
          </ns3:TrackPointExtension>
        </extensions>
      </trkpt>
      <trkpt lat="53.6009942181408405303955078125" lon="21.49702087976038455963134765625">
        <ele>130</ele>
        <time>2026-09-05T09:58:37.000Z</time>
        <extensions>
          <ns3:TrackPointExtension>
            <ns3:hr>169</ns3:hr>
          </ns3:TrackPointExtension>
        </extensions>
      </trkpt>
      <trkpt lat="53.60107518732547760009765625" lon="21.49699757806956768035888671875">
        <ele>130.1999969482421875</ele>
        <time>2026-09-05T09:58:39.000Z</time>
        <extensions>
          <ns3:TrackPointExtension>
            <ns3:hr>169</ns3:hr>
          </ns3:TrackPointExtension>
        </extensions>
      </trkpt>
      <trkpt lat="53.60111282207071781158447265625" lon="21.49697721004486083984375">
        <ele>130.600006103515625</ele>
        <time>2026-09-05T09:58:40.000Z</time>
        <extensions>
          <ns3:TrackPointExtension>
            <ns3:hr>169</ns3:hr>
          </ns3:TrackPointExtension>
        </extensions>
      </trkpt>
      <trkpt lat="53.601182810962200164794921875" lon="21.496962122619152069091796875">
        <ele>131</ele>
        <time>2026-09-05T09:58:42.000Z</time>
        <extensions>
          <ns3:TrackPointExtension>
            <ns3:hr>169</ns3:hr>
          </ns3:TrackPointExtension>
        </extensions>
      </trkpt>
      <trkpt lat="53.6012181825935840606689453125" lon="21.4969461970031261444091796875">
        <ele>131</ele>
        <time>2026-09-05T09:58:43.000Z</time>
        <extensions>
          <ns3:TrackPointExtension>
            <ns3:hr>168</ns3:hr>
          </ns3:TrackPointExtension>
        </extensions>
      </trkpt>
      <trkpt lat="53.60128180123865604400634765625" lon="21.49693228304386138916015625">
        <ele>131</ele>
        <time>2026-09-05T09:58:45.000Z</time>
        <extensions>
          <ns3:TrackPointExtension>
            <ns3:hr>168</ns3:hr>
          </ns3:TrackPointExtension>
        </extensions>
      </trkpt>
      <trkpt lat="53.6013298295438289642333984375" lon="21.49691644124686717987060546875">
        <ele>131</ele>
        <time>2026-09-05T09:58:46.000Z</time>
        <extensions>
          <ns3:TrackPointExtension>
            <ns3:hr>168</ns3:hr>
          </ns3:TrackPointExtension>
        </extensions>
      </trkpt>
      <trkpt lat="53.60140183009207248687744140625" lon="21.49690051563084125518798828125">
        <ele>130.8000030517578125</ele>
        <time>2026-09-05T09:58:48.000Z</time>
        <extensions>
          <ns3:TrackPointExtension>
            <ns3:hr>168</ns3:hr>
          </ns3:TrackPointExtension>
        </extensions>
      </trkpt>
      <trkpt lat="53.60143871046602725982666015625" lon="21.49688425473868846893310546875">
        <ele>131</ele>
        <time>2026-09-05T09:58:49.000Z</time>
        <extensions>
          <ns3:TrackPointExtension>
            <ns3:hr>168</ns3:hr>
          </ns3:TrackPointExtension>
        </extensions>
      </trkpt>
      <trkpt lat="53.6015246249735355377197265625" lon="21.4968714304268360137939453125">
        <ele>131</ele>
        <time>2026-09-05T09:58:51.000Z</time>
        <extensions>
          <ns3:TrackPointExtension>
            <ns3:hr>168</ns3:hr>
          </ns3:TrackPointExtension>
        </extensions>
      </trkpt>
      <trkpt lat="53.60156728886067867279052734375" lon="21.4968533255159854888916015625">
        <ele>131.1999969482421875</ele>
        <time>2026-09-05T09:58:52.000Z</time>
        <extensions>
          <ns3:TrackPointExtension>
            <ns3:hr>169</ns3:hr>
          </ns3:TrackPointExtension>
        </extensions>
      </trkpt>
      <trkpt lat="53.6016396246850490570068359375" lon="21.4968382380902767181396484375">
        <ele>131.1999969482421875</ele>
        <time>2026-09-05T09:58:54.000Z</time>
        <extensions>
          <ns3:TrackPointExtension>
            <ns3:hr>169</ns3:hr>
          </ns3:TrackPointExtension>
        </extensions>
      </trkpt>
      <trkpt lat="53.60167792998254299163818359375" lon="21.49682440795004367828369140625">
        <ele>131.1999969482421875</ele>
        <time>2026-09-05T09:58:55.000Z</time>
        <extensions>
          <ns3:TrackPointExtension>
            <ns3:hr>169</ns3:hr>
          </ns3:TrackPointExtension>
        </extensions>
      </trkpt>
      <trkpt lat="53.60175102017819881439208984375" lon="21.49677411653101444244384765625">
        <ele>132</ele>
        <time>2026-09-05T09:58:57.000Z</time>
        <extensions>
          <ns3:TrackPointExtension>
            <ns3:hr>170</ns3:hr>
          </ns3:TrackPointExtension>
        </extensions>
      </trkpt>
      <trkpt lat="53.60179058276116847991943359375" lon="21.49675182066857814788818359375">
        <ele>132</ele>
        <time>2026-09-05T09:58:58.000Z</time>
        <extensions>
          <ns3:TrackPointExtension>
            <ns3:hr>170</ns3:hr>
          </ns3:TrackPointExtension>
        </extensions>
      </trkpt>
      <trkpt lat="53.6018749885261058807373046875" lon="21.49672181345522403717041015625">
        <ele>132</ele>
        <time>2026-09-05T09:59:00.000Z</time>
        <extensions>
          <ns3:TrackPointExtension>
            <ns3:hr>169</ns3:hr>
          </ns3:TrackPointExtension>
        </extensions>
      </trkpt>
      <trkpt lat="53.6019182391464710235595703125" lon="21.4967074804008007049560546875">
        <ele>131.399993896484375</ele>
        <time>2026-09-05T09:59:01.000Z</time>
        <extensions>
          <ns3:TrackPointExtension>
            <ns3:hr>170</ns3:hr>
          </ns3:TrackPointExtension>
        </extensions>
      </trkpt>
      <trkpt lat="53.601966015994548797607421875" lon="21.4966870285570621490478515625">
        <ele>131</ele>
        <time>2026-09-05T09:59:02.000Z</time>
        <extensions>
          <ns3:TrackPointExtension>
            <ns3:hr>170</ns3:hr>
          </ns3:TrackPointExtension>
        </extensions>
      </trkpt>
      <trkpt lat="53.6020147986710071563720703125" lon="21.49666179902851581573486328125">
        <ele>130.8000030517578125</ele>
        <time>2026-09-05T09:59:03.000Z</time>
        <extensions>
          <ns3:TrackPointExtension>
            <ns3:hr>170</ns3:hr>
          </ns3:TrackPointExtension>
        </extensions>
      </trkpt>
      <trkpt lat="53.6021031439304351806640625" lon="21.49662408046424388885498046875">
        <ele>130.8000030517578125</ele>
        <time>2026-09-05T09:59:05.000Z</time>
        <extensions>
          <ns3:TrackPointExtension>
            <ns3:hr>170</ns3:hr>
          </ns3:TrackPointExtension>
        </extensions>
      </trkpt>
      <trkpt lat="53.60214295797049999237060546875" lon="21.49662257172167301177978515625">
        <ele>131</ele>
        <time>2026-09-05T09:59:06.000Z</time>
        <extensions>
          <ns3:TrackPointExtension>
            <ns3:hr>170</ns3:hr>
          </ns3:TrackPointExtension>
        </extensions>
      </trkpt>
      <trkpt lat="53.6022287048399448394775390625" lon="21.496591307222843170166015625">
        <ele>131.399993896484375</ele>
        <time>2026-09-05T09:59:08.000Z</time>
        <extensions>
          <ns3:TrackPointExtension>
            <ns3:hr>170</ns3:hr>
          </ns3:TrackPointExtension>
        </extensions>
      </trkpt>
      <trkpt lat="53.6022779904305934906005859375" lon="21.4965737052261829376220703125">
        <ele>132</ele>
        <time>2026-09-05T09:59:09.000Z</time>
        <extensions>
          <ns3:TrackPointExtension>
            <ns3:hr>170</ns3:hr>
          </ns3:TrackPointExtension>
        </extensions>
      </trkpt>
      <trkpt lat="53.60233104787766933441162109375" lon="21.496540009975433349609375">
        <ele>132.8000030517578125</ele>
        <time>2026-09-05T09:59:10.000Z</time>
        <extensions>
          <ns3:TrackPointExtension>
            <ns3:hr>170</ns3:hr>
          </ns3:TrackPointExtension>
        </extensions>
      </trkpt>
      <trkpt lat="53.60237605869770050048828125" lon="21.49652299471199512481689453125">
        <ele>133.1999969482421875</ele>
        <time>2026-09-05T09:59:11.000Z</time>
        <extensions>
          <ns3:TrackPointExtension>
            <ns3:hr>169</ns3:hr>
          </ns3:TrackPointExtension>
        </extensions>
      </trkpt>
      <trkpt lat="53.60242626629769802093505859375" lon="21.49651922285556793212890625">
        <ele>133.399993896484375</ele>
        <time>2026-09-05T09:59:12.000Z</time>
        <extensions>
          <ns3:TrackPointExtension>
            <ns3:hr>170</ns3:hr>
          </ns3:TrackPointExtension>
        </extensions>
      </trkpt>
      <trkpt lat="53.6025760509073734283447265625" lon="21.4964409358799457550048828125">
        <ele>131.399993896484375</ele>
        <time>2026-09-05T09:59:15.000Z</time>
        <extensions>
          <ns3:TrackPointExtension>
            <ns3:hr>169</ns3:hr>
          </ns3:TrackPointExtension>
        </extensions>
      </trkpt>
      <trkpt lat="53.60262290574610233306884765625" lon="21.49641838856041431427001953125">
        <ele>130.8000030517578125</ele>
        <time>2026-09-05T09:59:16.000Z</time>
        <extensions>
          <ns3:TrackPointExtension>
            <ns3:hr>170</ns3:hr>
          </ns3:TrackPointExtension>
        </extensions>
      </trkpt>
      <trkpt lat="53.6026717722415924072265625" lon="21.49640028364956378936767578125">
        <ele>130.1999969482421875</ele>
        <time>2026-09-05T09:59:17.000Z</time>
        <extensions>
          <ns3:TrackPointExtension>
            <ns3:hr>170</ns3:hr>
          </ns3:TrackPointExtension>
        </extensions>
      </trkpt>
      <trkpt lat="53.602836392819881439208984375" lon="21.4963333122432231903076171875">
        <ele>129.8000030517578125</ele>
        <time>2026-09-05T09:59:21.000Z</time>
        <extensions>
          <ns3:TrackPointExtension>
            <ns3:hr>169</ns3:hr>
          </ns3:TrackPointExtension>
        </extensions>
      </trkpt>
      <trkpt lat="53.6028808169066905975341796875" lon="21.496327109634876251220703125">
        <ele>130</ele>
        <time>2026-09-05T09:59:22.000Z</time>
        <extensions>
          <ns3:TrackPointExtension>
            <ns3:hr>169</ns3:hr>
          </ns3:TrackPointExtension>
        </extensions>
      </trkpt>
      <trkpt lat="53.60296622850000858306884765625" lon="21.49628042243421077728271484375">
        <ele>130</ele>
        <time>2026-09-05T09:59:24.000Z</time>
        <extensions>
          <ns3:TrackPointExtension>
            <ns3:hr>169</ns3:hr>
          </ns3:TrackPointExtension>
        </extensions>
      </trkpt>
      <trkpt lat="53.6030957289040088653564453125" lon="21.4962464757263660430908203125">
        <ele>129.8000030517578125</ele>
        <time>2026-09-05T09:59:27.000Z</time>
        <extensions>
          <ns3:TrackPointExtension>
            <ns3:hr>168</ns3:hr>
          </ns3:TrackPointExtension>
        </extensions>
      </trkpt>
      <trkpt lat="53.603271581232547760009765625" lon="21.49619400501251220703125">
        <ele>130.399993896484375</ele>
        <time>2026-09-05T09:59:31.000Z</time>
        <extensions>
          <ns3:TrackPointExtension>
            <ns3:hr>167</ns3:hr>
          </ns3:TrackPointExtension>
        </extensions>
      </trkpt>
      <trkpt lat="53.6034202761948108673095703125" lon="21.4961417019367218017578125">
        <ele>130.399993896484375</ele>
        <time>2026-09-05T09:59:34.000Z</time>
        <extensions>
          <ns3:TrackPointExtension>
            <ns3:hr>167</ns3:hr>
          </ns3:TrackPointExtension>
        </extensions>
      </trkpt>
      <trkpt lat="53.603557236492633819580078125" lon="21.49610222317278385162353515625">
        <ele>130</ele>
        <time>2026-09-05T09:59:37.000Z</time>
        <extensions>
          <ns3:TrackPointExtension>
            <ns3:hr>164</ns3:hr>
          </ns3:TrackPointExtension>
        </extensions>
      </trkpt>
      <trkpt lat="53.6035999841988086700439453125" lon="21.49607590399682521820068359375">
        <ele>129.8000030517578125</ele>
        <time>2026-09-05T09:59:38.000Z</time>
        <extensions>
          <ns3:TrackPointExtension>
            <ns3:hr>164</ns3:hr>
          </ns3:TrackPointExtension>
        </extensions>
      </trkpt>
      <trkpt lat="53.60375328920781612396240234375" lon="21.49599309079349040985107421875">
        <ele>129.8000030517578125</ele>
        <time>2026-09-05T09:59:42.000Z</time>
        <extensions>
          <ns3:TrackPointExtension>
            <ns3:hr>165</ns3:hr>
          </ns3:TrackPointExtension>
        </extensions>
      </trkpt>
      <trkpt lat="53.6038018204271793365478515625" lon="21.49598604999482631683349609375">
        <ele>129.8000030517578125</ele>
        <time>2026-09-05T09:59:43.000Z</time>
        <extensions>
          <ns3:TrackPointExtension>
            <ns3:hr>165</ns3:hr>
          </ns3:TrackPointExtension>
        </extensions>
      </trkpt>
      <trkpt lat="53.6038893274962902069091796875" lon="21.49595939554274082183837890625">
        <ele>129.8000030517578125</ele>
        <time>2026-09-05T09:59:45.000Z</time>
        <extensions>
          <ns3:TrackPointExtension>
            <ns3:hr>166</ns3:hr>
          </ns3:TrackPointExtension>
        </extensions>
      </trkpt>
      <trkpt lat="53.60398295335471630096435546875" lon="21.4959266223013401031494140625">
        <ele>129.600006103515625</ele>
        <time>2026-09-05T09:59:47.000Z</time>
        <extensions>
          <ns3:TrackPointExtension>
            <ns3:hr>166</ns3:hr>
          </ns3:TrackPointExtension>
        </extensions>
      </trkpt>
      <trkpt lat="53.6040772497653961181640625" lon="21.49588848464190959930419921875">
        <ele>129.600006103515625</ele>
        <time>2026-09-05T09:59:49.000Z</time>
        <extensions>
          <ns3:TrackPointExtension>
            <ns3:hr>161</ns3:hr>
          </ns3:TrackPointExtension>
        </extensions>
      </trkpt>
      <trkpt lat="53.60412754118442535400390625" lon="21.495869457721710205078125">
        <ele>129.399993896484375</ele>
        <time>2026-09-05T09:59:50.000Z</time>
        <extensions>
          <ns3:TrackPointExtension>
            <ns3:hr>159</ns3:hr>
          </ns3:TrackPointExtension>
        </extensions>
      </trkpt>
      <trkpt lat="53.60417992807924747467041015625" lon="21.49585378356277942657470703125">
        <ele>129.399993896484375</ele>
        <time>2026-09-05T09:59:51.000Z</time>
        <extensions>
          <ns3:TrackPointExtension>
            <ns3:hr>158</ns3:hr>
          </ns3:TrackPointExtension>
        </extensions>
      </trkpt>
      <trkpt lat="53.6043781600892543792724609375" lon="21.49578203447163105010986328125">
        <ele>129.399993896484375</ele>
        <time>2026-09-05T09:59:55.000Z</time>
        <extensions>
          <ns3:TrackPointExtension>
            <ns3:hr>158</ns3:hr>
          </ns3:TrackPointExtension>
        </extensions>
      </trkpt>
      <trkpt lat="53.60450883395969867706298828125" lon="21.49573174305260181427001953125">
        <ele>129.600006103515625</ele>
        <time>2026-09-05T09:59:58.000Z</time>
        <extensions>
          <ns3:TrackPointExtension>
            <ns3:hr>158</ns3:hr>
          </ns3:TrackPointExtension>
        </extensions>
      </trkpt>
      <trkpt lat="53.604547977447509765625" lon="21.49572051130235195159912109375">
        <ele>129.600006103515625</ele>
        <time>2026-09-05T09:59:59.000Z</time>
        <extensions>
          <ns3:TrackPointExtension>
            <ns3:hr>158</ns3:hr>
          </ns3:TrackPointExtension>
        </extensions>
      </trkpt>
      <trkpt lat="53.60476783476769924163818359375" lon="21.4956285618245601654052734375">
        <ele>129.600006103515625</ele>
        <time>2026-09-05T10:00:04.000Z</time>
        <extensions>
          <ns3:TrackPointExtension>
            <ns3:hr>157</ns3:hr>
          </ns3:TrackPointExtension>
        </extensions>
      </trkpt>
      <trkpt lat="53.60491803847253322601318359375" lon="21.4955762587487697601318359375">
        <ele>129.399993896484375</ele>
        <time>2026-09-05T10:00:07.000Z</time>
        <extensions>
          <ns3:TrackPointExtension>
            <ns3:hr>158</ns3:hr>
          </ns3:TrackPointExtension>
        </extensions>
      </trkpt>
      <trkpt lat="53.6049650609493255615234375" lon="21.4955816231667995452880859375">
        <ele>129.399993896484375</ele>
        <time>2026-09-05T10:00:08.000Z</time>
        <extensions>
          <ns3:TrackPointExtension>
            <ns3:hr>159</ns3:hr>
          </ns3:TrackPointExtension>
        </extensions>
      </trkpt>
      <trkpt lat="53.60516488552093505859375" lon="21.4957150630652904510498046875">
        <ele>129.8000030517578125</ele>
        <time>2026-09-05T10:00:13.000Z</time>
        <extensions>
          <ns3:TrackPointExtension>
            <ns3:hr>159</ns3:hr>
          </ns3:TrackPointExtension>
        </extensions>
      </trkpt>
      <trkpt lat="53.60520386137068271636962890625" lon="21.49577097035944461822509765625">
        <ele>130</ele>
        <time>2026-09-05T10:00:14.000Z</time>
        <extensions>
          <ns3:TrackPointExtension>
            <ns3:hr>159</ns3:hr>
          </ns3:TrackPointExtension>
        </extensions>
      </trkpt>
      <trkpt lat="53.60527426935732364654541015625" lon="21.49587792344391345977783203125">
        <ele>130</ele>
        <time>2026-09-05T10:00:16.000Z</time>
        <extensions>
          <ns3:TrackPointExtension>
            <ns3:hr>159</ns3:hr>
          </ns3:TrackPointExtension>
        </extensions>
      </trkpt>
      <trkpt lat="53.6053625307977199554443359375" lon="21.4960543625056743621826171875">
        <ele>130.1999969482421875</ele>
        <time>2026-09-05T10:00:19.000Z</time>
        <extensions>
          <ns3:TrackPointExtension>
            <ns3:hr>159</ns3:hr>
          </ns3:TrackPointExtension>
        </extensions>
      </trkpt>
      <trkpt lat="53.60543620772659778594970703125" lon="21.49623180739581584930419921875">
        <ele>130.1999969482421875</ele>
        <time>2026-09-05T10:00:22.000Z</time>
        <extensions>
          <ns3:TrackPointExtension>
            <ns3:hr>160</ns3:hr>
          </ns3:TrackPointExtension>
        </extensions>
      </trkpt>
      <trkpt lat="53.60545883886516094207763671875" lon="21.49628964252769947052001953125">
        <ele>130.1999969482421875</ele>
        <time>2026-09-05T10:00:23.000Z</time>
        <extensions>
          <ns3:TrackPointExtension>
            <ns3:hr>161</ns3:hr>
          </ns3:TrackPointExtension>
        </extensions>
      </trkpt>
      <trkpt lat="53.6055258102715015411376953125" lon="21.4964711107313632965087890625">
        <ele>130.399993896484375</ele>
        <time>2026-09-05T10:00:26.000Z</time>
        <extensions>
          <ns3:TrackPointExtension>
            <ns3:hr>162</ns3:hr>
          </ns3:TrackPointExtension>
        </extensions>
      </trkpt>
      <trkpt lat="53.60556964762508869171142578125" lon="21.49657596834003925323486328125">
        <ele>130.600006103515625</ele>
        <time>2026-09-05T10:00:28.000Z</time>
        <extensions>
          <ns3:TrackPointExtension>
            <ns3:hr>162</ns3:hr>
          </ns3:TrackPointExtension>
        </extensions>
      </trkpt>
      <trkpt lat="53.60559060238301753997802734375" lon="21.4966380782425403594970703125">
        <ele>130.399993896484375</ele>
        <time>2026-09-05T10:00:29.000Z</time>
        <extensions>
          <ns3:TrackPointExtension>
            <ns3:hr>162</ns3:hr>
          </ns3:TrackPointExtension>
        </extensions>
      </trkpt>
      <trkpt lat="53.6056230403482913970947265625" lon="21.496695242822170257568359375">
        <ele>130.399993896484375</ele>
        <time>2026-09-05T10:00:30.000Z</time>
        <extensions>
          <ns3:TrackPointExtension>
            <ns3:hr>162</ns3:hr>
          </ns3:TrackPointExtension>
        </extensions>
      </trkpt>
      <trkpt lat="53.60570694319903850555419921875" lon="21.49687922559678554534912109375">
        <ele>130.600006103515625</ele>
        <time>2026-09-05T10:00:33.000Z</time>
        <extensions>
          <ns3:TrackPointExtension>
            <ns3:hr>163</ns3:hr>
          </ns3:TrackPointExtension>
        </extensions>
      </trkpt>
      <trkpt lat="53.60582328401505947113037109375" lon="21.4970799721777439117431640625">
        <ele>130.600006103515625</ele>
        <time>2026-09-05T10:00:37.000Z</time>
        <extensions>
          <ns3:TrackPointExtension>
            <ns3:hr>163</ns3:hr>
          </ns3:TrackPointExtension>
        </extensions>
      </trkpt>
      <trkpt lat="53.60595789737999439239501953125" lon="21.497200168669223785400390625">
        <ele>131.1999969482421875</ele>
        <time>2026-09-05T10:00:41.000Z</time>
        <extensions>
          <ns3:TrackPointExtension>
            <ns3:hr>163</ns3:hr>
          </ns3:TrackPointExtension>
        </extensions>
      </trkpt>
      <trkpt lat="53.60602394677698612213134765625" lon="21.497256495058536529541015625">
        <ele>131</ele>
        <time>2026-09-05T10:00:43.000Z</time>
        <extensions>
          <ns3:TrackPointExtension>
            <ns3:hr>163</ns3:hr>
          </ns3:TrackPointExtension>
        </extensions>
      </trkpt>
      <trkpt lat="53.6060890741646289825439453125" lon="21.4973096363246440887451171875">
        <ele>131</ele>
        <time>2026-09-05T10:00:45.000Z</time>
        <extensions>
          <ns3:TrackPointExtension>
            <ns3:hr>164</ns3:hr>
          </ns3:TrackPointExtension>
        </extensions>
      </trkpt>
      <trkpt lat="53.60612771473824977874755859375" lon="21.49732665158808231353759765625">
        <ele>130.8000030517578125</ele>
        <time>2026-09-05T10:00:46.000Z</time>
        <extensions>
          <ns3:TrackPointExtension>
            <ns3:hr>163</ns3:hr>
          </ns3:TrackPointExtension>
        </extensions>
      </trkpt>
      <trkpt lat="53.60622997395694255828857421875" lon="21.4973776973783969879150390625">
        <ele>131</ele>
        <time>2026-09-05T10:00:49.000Z</time>
        <extensions>
          <ns3:TrackPointExtension>
            <ns3:hr>163</ns3:hr>
          </ns3:TrackPointExtension>
        </extensions>
      </trkpt>
      <trkpt lat="53.60643063671886920928955078125" lon="21.49748959578573703765869140625">
        <ele>130.1999969482421875</ele>
        <time>2026-09-05T10:00:54.000Z</time>
        <extensions>
          <ns3:TrackPointExtension>
            <ns3:hr>163</ns3:hr>
          </ns3:TrackPointExtension>
        </extensions>
      </trkpt>
      <trkpt lat="53.60667840577661991119384765625" lon="21.49757509119808673858642578125">
        <ele>129.600006103515625</ele>
        <time>2026-09-05T10:01:00.000Z</time>
        <extensions>
          <ns3:TrackPointExtension>
            <ns3:hr>164</ns3:hr>
          </ns3:TrackPointExtension>
        </extensions>
      </trkpt>
      <trkpt lat="53.60677647404372692108154296875" lon="21.4975969679653644561767578125">
        <ele>129.600006103515625</ele>
        <time>2026-09-05T10:01:02.000Z</time>
        <extensions>
          <ns3:TrackPointExtension>
            <ns3:hr>164</ns3:hr>
          </ns3:TrackPointExtension>
        </extensions>
      </trkpt>
      <trkpt lat="53.60689901746809482574462890625" lon="21.497612558305263519287109375">
        <ele>129.399993896484375</ele>
        <time>2026-09-05T10:01:04.000Z</time>
        <extensions>
          <ns3:TrackPointExtension>
            <ns3:hr>163</ns3:hr>
          </ns3:TrackPointExtension>
        </extensions>
      </trkpt>
      <trkpt lat="53.60695970244705677032470703125" lon="21.4976214431226253509521484375">
        <ele>129.1999969482421875</ele>
        <time>2026-09-05T10:01:05.000Z</time>
        <extensions>
          <ns3:TrackPointExtension>
            <ns3:hr>163</ns3:hr>
          </ns3:TrackPointExtension>
        </extensions>
      </trkpt>
      <trkpt lat="53.607066906988620758056640625" lon="21.49763510562479496002197265625">
        <ele>129</ele>
        <time>2026-09-05T10:01:07.000Z</time>
        <extensions>
          <ns3:TrackPointExtension>
            <ns3:hr>163</ns3:hr>
          </ns3:TrackPointExtension>
        </extensions>
      </trkpt>
      <trkpt lat="53.6071666516363620758056640625" lon="21.49766494520008563995361328125">
        <ele>129</ele>
        <time>2026-09-05T10:01:09.000Z</time>
        <extensions>
          <ns3:TrackPointExtension>
            <ns3:hr>163</ns3:hr>
          </ns3:TrackPointExtension>
        </extensions>
      </trkpt>
      <trkpt lat="53.60726480372250080108642578125" lon="21.4976556412875652313232421875">
        <ele>129</ele>
        <time>2026-09-05T10:01:11.000Z</time>
        <extensions>
          <ns3:TrackPointExtension>
            <ns3:hr>161</ns3:hr>
          </ns3:TrackPointExtension>
        </extensions>
      </trkpt>
      <trkpt lat="53.60731375403702259063720703125" lon="21.49766125716269016265869140625">
        <ele>128.8000030517578125</ele>
        <time>2026-09-05T10:01:12.000Z</time>
        <extensions>
          <ns3:TrackPointExtension>
            <ns3:hr>161</ns3:hr>
          </ns3:TrackPointExtension>
        </extensions>
      </trkpt>
      <trkpt lat="53.6074174381792545318603515625" lon="21.4976905100047588348388671875">
        <ele>128.8000030517578125</ele>
        <time>2026-09-05T10:01:14.000Z</time>
        <extensions>
          <ns3:TrackPointExtension>
            <ns3:hr>160</ns3:hr>
          </ns3:TrackPointExtension>
        </extensions>
      </trkpt>
      <trkpt lat="53.6074667237699031829833984375" lon="21.49769864045083522796630859375">
        <ele>129</ele>
        <time>2026-09-05T10:01:15.000Z</time>
        <extensions>
          <ns3:TrackPointExtension>
            <ns3:hr>161</ns3:hr>
          </ns3:TrackPointExtension>
        </extensions>
      </trkpt>
      <trkpt lat="53.6076365411281585693359375" lon="21.49771339260041713714599609375">
        <ele>129</ele>
        <time>2026-09-05T10:01:18.000Z</time>
        <extensions>
          <ns3:TrackPointExtension>
            <ns3:hr>160</ns3:hr>
          </ns3:TrackPointExtension>
        </extensions>
      </trkpt>
      <trkpt lat="53.60767266713082790374755859375" lon="21.49772428907454013824462890625">
        <ele>129.1999969482421875</ele>
        <time>2026-09-05T10:01:19.000Z</time>
        <extensions>
          <ns3:TrackPointExtension>
            <ns3:hr>161</ns3:hr>
          </ns3:TrackPointExtension>
        </extensions>
      </trkpt>
      <trkpt lat="53.60776855610311031341552734375" lon="21.49775412864983081817626953125">
        <ele>129.600006103515625</ele>
        <time>2026-09-05T10:01:21.000Z</time>
        <extensions>
          <ns3:TrackPointExtension>
            <ns3:hr>160</ns3:hr>
          </ns3:TrackPointExtension>
        </extensions>
      </trkpt>
      <trkpt lat="53.60780677758157253265380859375" lon="21.49776536040008068084716796875">
        <ele>129.600006103515625</ele>
        <time>2026-09-05T10:01:22.000Z</time>
        <extensions>
          <ns3:TrackPointExtension>
            <ns3:hr>159</ns3:hr>
          </ns3:TrackPointExtension>
        </extensions>
      </trkpt>
      <trkpt lat="53.60798145644366741180419921875" lon="21.49786795489490032196044921875">
        <ele>130</ele>
        <time>2026-09-05T10:01:27.000Z</time>
        <extensions>
          <ns3:TrackPointExtension>
            <ns3:hr>158</ns3:hr>
          </ns3:TrackPointExtension>
        </extensions>
      </trkpt>
      <trkpt lat="53.60801666043698787689208984375" lon="21.49787734262645244598388671875">
        <ele>130.1999969482421875</ele>
        <time>2026-09-05T10:01:28.000Z</time>
        <extensions>
          <ns3:TrackPointExtension>
            <ns3:hr>157</ns3:hr>
          </ns3:TrackPointExtension>
        </extensions>
      </trkpt>
      <trkpt lat="53.60810366459190845489501953125" lon="21.49789653718471527099609375">
        <ele>130.399993896484375</ele>
        <time>2026-09-05T10:01:31.000Z</time>
        <extensions>
          <ns3:TrackPointExtension>
            <ns3:hr>158</ns3:hr>
          </ns3:TrackPointExtension>
        </extensions>
      </trkpt>
      <trkpt lat="53.60821179114282131195068359375" lon="21.4979620836675167083740234375">
        <ele>130.1999969482421875</ele>
        <time>2026-09-05T10:01:34.000Z</time>
        <extensions>
          <ns3:TrackPointExtension>
            <ns3:hr>158</ns3:hr>
          </ns3:TrackPointExtension>
        </extensions>
      </trkpt>
      <trkpt lat="53.608289659023284912109375" lon="21.49799301289021968841552734375">
        <ele>130.1999969482421875</ele>
        <time>2026-09-05T10:01:36.000Z</time>
        <extensions>
          <ns3:TrackPointExtension>
            <ns3:hr>157</ns3:hr>
          </ns3:TrackPointExtension>
        </extensions>
      </trkpt>
      <trkpt lat="53.608330897986888885498046875" lon="21.49800608865916728973388671875">
        <ele>130.1999969482421875</ele>
        <time>2026-09-05T10:01:37.000Z</time>
        <extensions>
          <ns3:TrackPointExtension>
            <ns3:hr>158</ns3:hr>
          </ns3:TrackPointExtension>
        </extensions>
      </trkpt>
      <trkpt lat="53.6084236018359661102294921875" lon="21.4980586431920528411865234375">
        <ele>130.1999969482421875</ele>
        <time>2026-09-05T10:01:39.000Z</time>
        <extensions>
          <ns3:TrackPointExtension>
            <ns3:hr>157</ns3:hr>
          </ns3:TrackPointExtension>
        </extensions>
      </trkpt>
      <trkpt lat="53.60847984440624713897705078125" lon="21.498073227703571319580078125">
        <ele>130.399993896484375</ele>
        <time>2026-09-05T10:01:40.000Z</time>
        <extensions>
          <ns3:TrackPointExtension>
            <ns3:hr>158</ns3:hr>
          </ns3:TrackPointExtension>
        </extensions>
      </trkpt>
      <trkpt lat="53.6085630767047405242919921875" lon="21.4980891533195972442626953125">
        <ele>130.1999969482421875</ele>
        <time>2026-09-05T10:01:42.000Z</time>
        <extensions>
          <ns3:TrackPointExtension>
            <ns3:hr>159</ns3:hr>
          </ns3:TrackPointExtension>
        </extensions>
      </trkpt>
      <trkpt lat="53.60874756239354610443115234375" lon="21.4981091022491455078125">
        <ele>130.1999969482421875</ele>
        <time>2026-09-05T10:01:46.000Z</time>
        <extensions>
          <ns3:TrackPointExtension>
            <ns3:hr>160</ns3:hr>
          </ns3:TrackPointExtension>
        </extensions>
      </trkpt>
      <trkpt lat="53.60889323987066745758056640625" lon="21.498122848570346832275390625">
        <ele>130.399993896484375</ele>
        <time>2026-09-05T10:01:49.000Z</time>
        <extensions>
          <ns3:TrackPointExtension>
            <ns3:hr>161</ns3:hr>
          </ns3:TrackPointExtension>
        </extensions>
      </trkpt>
      <trkpt lat="53.6090737022459506988525390625" lon="21.49812318384647369384765625">
        <ele>130.600006103515625</ele>
        <time>2026-09-05T10:01:53.000Z</time>
        <extensions>
          <ns3:TrackPointExtension>
            <ns3:hr>161</ns3:hr>
          </ns3:TrackPointExtension>
        </extensions>
      </trkpt>
      <trkpt lat="53.6092285998165607452392578125" lon="21.4981370978057384490966796875">
        <ele>130.8000030517578125</ele>
        <time>2026-09-05T10:01:57.000Z</time>
        <extensions>
          <ns3:TrackPointExtension>
            <ns3:hr>162</ns3:hr>
          </ns3:TrackPointExtension>
        </extensions>
      </trkpt>
      <trkpt lat="53.60934653319418430328369140625" lon="21.49813081137835979461669921875">
        <ele>131</ele>
        <time>2026-09-05T10:02:01.000Z</time>
        <extensions>
          <ns3:TrackPointExtension>
            <ns3:hr>163</ns3:hr>
          </ns3:TrackPointExtension>
        </extensions>
      </trkpt>
      <trkpt lat="53.60940369777381420135498046875" lon="21.49810465984046459197998046875">
        <ele>131</ele>
        <time>2026-09-05T10:02:03.000Z</time>
        <extensions>
          <ns3:TrackPointExtension>
            <ns3:hr>163</ns3:hr>
          </ns3:TrackPointExtension>
        </extensions>
      </trkpt>
      <trkpt lat="53.60947863198816776275634765625" lon="21.4980998821556568145751953125">
        <ele>131.1999969482421875</ele>
        <time>2026-09-05T10:02:05.000Z</time>
        <extensions>
          <ns3:TrackPointExtension>
            <ns3:hr>163</ns3:hr>
          </ns3:TrackPointExtension>
        </extensions>
      </trkpt>
      <trkpt lat="53.60966026782989501953125" lon="21.49806953966617584228515625">
        <ele>131.1999969482421875</ele>
        <time>2026-09-05T10:02:10.000Z</time>
        <extensions>
          <ns3:TrackPointExtension>
            <ns3:hr>164</ns3:hr>
          </ns3:TrackPointExtension>
        </extensions>
      </trkpt>
      <trkpt lat="53.6097060330212116241455078125" lon="21.498063169419765472412109375">
        <ele>131.1999969482421875</ele>
        <time>2026-09-05T10:02:11.000Z</time>
        <extensions>
          <ns3:TrackPointExtension>
            <ns3:hr>164</ns3:hr>
          </ns3:TrackPointExtension>
        </extensions>
      </trkpt>
      <trkpt lat="53.6097704060375690460205078125" lon="21.4980519376695156097412109375">
        <ele>131.8000030517578125</ele>
        <time>2026-09-05T10:02:13.000Z</time>
        <extensions>
          <ns3:TrackPointExtension>
            <ns3:hr>164</ns3:hr>
          </ns3:TrackPointExtension>
        </extensions>
      </trkpt>
      <trkpt lat="53.60987694002687931060791015625" lon="21.49802335537970066070556640625">
        <ele>132.1999969482421875</ele>
        <time>2026-09-05T10:02:16.000Z</time>
        <extensions>
          <ns3:TrackPointExtension>
            <ns3:hr>165</ns3:hr>
          </ns3:TrackPointExtension>
        </extensions>
      </trkpt>
      <trkpt lat="53.6099189333617687225341796875" lon="21.4980150572955608367919921875">
        <ele>132.399993896484375</ele>
        <time>2026-09-05T10:02:17.000Z</time>
        <extensions>
          <ns3:TrackPointExtension>
            <ns3:hr>165</ns3:hr>
          </ns3:TrackPointExtension>
        </extensions>
      </trkpt>
      <trkpt lat="53.61002462916076183319091796875" lon="21.4980244450271129608154296875">
        <ele>132.1999969482421875</ele>
        <time>2026-09-05T10:02:20.000Z</time>
        <extensions>
          <ns3:TrackPointExtension>
            <ns3:hr>165</ns3:hr>
          </ns3:TrackPointExtension>
        </extensions>
      </trkpt>
      <trkpt lat="53.61021590419113636016845703125" lon="21.49801027961075305938720703125">
        <ele>132.399993896484375</ele>
        <time>2026-09-05T10:02:25.000Z</time>
        <extensions>
          <ns3:TrackPointExtension>
            <ns3:hr>166</ns3:hr>
          </ns3:TrackPointExtension>
        </extensions>
      </trkpt>
      <trkpt lat="53.61037884838879108428955078125" lon="21.4980013109743595123291015625">
        <ele>132.399993896484375</ele>
        <time>2026-09-05T10:02:29.000Z</time>
        <extensions>
          <ns3:TrackPointExtension>
            <ns3:hr>167</ns3:hr>
          </ns3:TrackPointExtension>
        </extensions>
      </trkpt>
      <trkpt lat="53.6105435527861118316650390625" lon="21.49798211641609668731689453125">
        <ele>132.1999969482421875</ele>
        <time>2026-09-05T10:02:33.000Z</time>
        <extensions>
          <ns3:TrackPointExtension>
            <ns3:hr>167</ns3:hr>
          </ns3:TrackPointExtension>
        </extensions>
      </trkpt>
      <trkpt lat="53.61067104153335094451904296875" lon="21.497992090880870819091796875">
        <ele>131.8000030517578125</ele>
        <time>2026-09-05T10:02:36.000Z</time>
        <extensions>
          <ns3:TrackPointExtension>
            <ns3:hr>167</ns3:hr>
          </ns3:TrackPointExtension>
        </extensions>
      </trkpt>
      <trkpt lat="53.610713370144367218017578125" lon="21.49799619801342487335205078125">
        <ele>131.8000030517578125</ele>
        <time>2026-09-05T10:02:37.000Z</time>
        <extensions>
          <ns3:TrackPointExtension>
            <ns3:hr>166</ns3:hr>
          </ns3:TrackPointExtension>
        </extensions>
      </trkpt>
      <trkpt lat="53.61080347560346126556396484375" lon="21.49800441227853298187255859375">
        <ele>131.399993896484375</ele>
        <time>2026-09-05T10:02:39.000Z</time>
        <extensions>
          <ns3:TrackPointExtension>
            <ns3:hr>167</ns3:hr>
          </ns3:TrackPointExtension>
        </extensions>
      </trkpt>
      <trkpt lat="53.61084186471998691558837890625" lon="21.49800692684948444366455078125">
        <ele>131</ele>
        <time>2026-09-05T10:02:40.000Z</time>
        <extensions>
          <ns3:TrackPointExtension>
            <ns3:hr>166</ns3:hr>
          </ns3:TrackPointExtension>
        </extensions>
      </trkpt>
      <trkpt lat="53.61095066182315349578857421875" lon="21.49801212362945079803466796875">
        <ele>130.399993896484375</ele>
        <time>2026-09-05T10:02:43.000Z</time>
        <extensions>
          <ns3:TrackPointExtension>
            <ns3:hr>166</ns3:hr>
          </ns3:TrackPointExtension>
        </extensions>
      </trkpt>
      <trkpt lat="53.61106214113533496856689453125" lon="21.498014889657497406005859375">
        <ele>130.600006103515625</ele>
        <time>2026-09-05T10:02:46.000Z</time>
        <extensions>
          <ns3:TrackPointExtension>
            <ns3:hr>166</ns3:hr>
          </ns3:TrackPointExtension>
        </extensions>
      </trkpt>
      <trkpt lat="53.611290715634822845458984375" lon="21.49796384386718273162841796875">
        <ele>129.1999969482421875</ele>
        <time>2026-09-05T10:02:51.000Z</time>
        <extensions>
          <ns3:TrackPointExtension>
            <ns3:hr>165</ns3:hr>
          </ns3:TrackPointExtension>
        </extensions>
      </trkpt>
      <trkpt lat="53.6114223115146160125732421875" lon="21.49794104509055614471435546875">
        <ele>128.8000030517578125</ele>
        <time>2026-09-05T10:02:53.000Z</time>
        <extensions>
          <ns3:TrackPointExtension>
            <ns3:hr>165</ns3:hr>
          </ns3:TrackPointExtension>
        </extensions>
      </trkpt>
      <trkpt lat="53.61163529567420482635498046875" lon="21.497826464474201202392578125">
        <ele>128.1999969482421875</ele>
        <time>2026-09-05T10:02:56.000Z</time>
        <extensions>
          <ns3:TrackPointExtension>
            <ns3:hr>163</ns3:hr>
          </ns3:TrackPointExtension>
        </extensions>
      </trkpt>
      <trkpt lat="53.6118497885763645172119140625" lon="21.4977361075580120086669921875">
        <ele>127.8000030517578125</ele>
        <time>2026-09-05T10:02:59.000Z</time>
        <extensions>
          <ns3:TrackPointExtension>
            <ns3:hr>161</ns3:hr>
          </ns3:TrackPointExtension>
        </extensions>
      </trkpt>
      <trkpt lat="53.61231942661106586456298828125" lon="21.4975124783813953399658203125">
        <ele>127.8000030517578125</ele>
        <time>2026-09-05T10:03:05.000Z</time>
        <extensions>
          <ns3:TrackPointExtension>
            <ns3:hr>161</ns3:hr>
          </ns3:TrackPointExtension>
        </extensions>
      </trkpt>
      <trkpt lat="53.61238447017967700958251953125" lon="21.49747266434133052825927734375">
        <ele>127.8000030517578125</ele>
        <time>2026-09-05T10:03:06.000Z</time>
        <extensions>
          <ns3:TrackPointExtension>
            <ns3:hr>162</ns3:hr>
          </ns3:TrackPointExtension>
        </extensions>
      </trkpt>
      <trkpt lat="53.61243191175162792205810546875" lon="21.49745305068790912628173828125">
        <ele>127.8000030517578125</ele>
        <time>2026-09-05T10:03:07.000Z</time>
        <extensions>
          <ns3:TrackPointExtension>
            <ns3:hr>164</ns3:hr>
          </ns3:TrackPointExtension>
        </extensions>
      </trkpt>
      <trkpt lat="53.61248002387583255767822265625" lon="21.4974517934024333953857421875">
        <ele>127.40000152587890625</ele>
        <time>2026-09-05T10:03:08.000Z</time>
        <extensions>
          <ns3:TrackPointExtension>
            <ns3:hr>166</ns3:hr>
          </ns3:TrackPointExtension>
        </extensions>
      </trkpt>
      <trkpt lat="53.61259351484477519989013671875" lon="21.4974310062825679779052734375">
        <ele>127.59999847412109375</ele>
        <time>2026-09-05T10:03:10.000Z</time>
        <extensions>
          <ns3:TrackPointExtension>
            <ns3:hr>158</ns3:hr>
          </ns3:TrackPointExtension>
        </extensions>
      </trkpt>
      <trkpt lat="53.61263911239802837371826171875" lon="21.4974219538271427154541015625">
        <ele>127.59999847412109375</ele>
        <time>2026-09-05T10:03:11.000Z</time>
        <extensions>
          <ns3:TrackPointExtension>
            <ns3:hr>154</ns3:hr>
          </ns3:TrackPointExtension>
        </extensions>
      </trkpt>
      <trkpt lat="53.61268806271255016326904296875" lon="21.497410722076892852783203125">
        <ele>127.59999847412109375</ele>
        <time>2026-09-05T10:03:12.000Z</time>
        <extensions>
          <ns3:TrackPointExtension>
            <ns3:hr>154</ns3:hr>
          </ns3:TrackPointExtension>
        </extensions>
      </trkpt>
      <trkpt lat="53.61288537271320819854736328125" lon="21.497371830046176910400390625">
        <ele>127.1999969482421875</ele>
        <time>2026-09-05T10:03:16.000Z</time>
        <extensions>
          <ns3:TrackPointExtension>
            <ns3:hr>156</ns3:hr>
          </ns3:TrackPointExtension>
        </extensions>
      </trkpt>
      <trkpt lat="53.61312660388648509979248046875" lon="21.49734676815569400787353515625">
        <ele>127.40000152587890625</ele>
        <time>2026-09-05T10:03:20.000Z</time>
        <extensions>
          <ns3:TrackPointExtension>
            <ns3:hr>159</ns3:hr>
          </ns3:TrackPointExtension>
        </extensions>
      </trkpt>
      <trkpt lat="53.61327077262103557586669921875" lon="21.497324220836162567138671875">
        <ele>127.8000030517578125</ele>
        <time>2026-09-05T10:03:23.000Z</time>
        <extensions>
          <ns3:TrackPointExtension>
            <ns3:hr>161</ns3:hr>
          </ns3:TrackPointExtension>
        </extensions>
      </trkpt>
      <trkpt lat="53.6133494786918163299560546875" lon="21.49729966185986995697021484375">
        <ele>128.1999969482421875</ele>
        <time>2026-09-05T10:03:25.000Z</time>
        <extensions>
          <ns3:TrackPointExtension>
            <ns3:hr>162</ns3:hr>
          </ns3:TrackPointExtension>
        </extensions>
      </trkpt>
      <trkpt lat="53.61353614367544651031494140625" lon="21.4972655475139617919921875">
        <ele>128.399993896484375</ele>
        <time>2026-09-05T10:03:29.000Z</time>
        <extensions>
          <ns3:TrackPointExtension>
            <ns3:hr>164</ns3:hr>
          </ns3:TrackPointExtension>
        </extensions>
      </trkpt>
      <trkpt lat="53.6136743612587451934814453125" lon="21.4972362108528614044189453125">
        <ele>128.1999969482421875</ele>
        <time>2026-09-05T10:03:32.000Z</time>
        <extensions>
          <ns3:TrackPointExtension>
            <ns3:hr>166</ns3:hr>
          </ns3:TrackPointExtension>
        </extensions>
      </trkpt>
      <trkpt lat="53.61375943757593631744384765625" lon="21.49722975678741931915283203125">
        <ele>127.8000030517578125</ele>
        <time>2026-09-05T10:03:34.000Z</time>
        <extensions>
          <ns3:TrackPointExtension>
            <ns3:hr>165</ns3:hr>
          </ns3:TrackPointExtension>
        </extensions>
      </trkpt>
      <trkpt lat="53.613942749798297882080078125" lon="21.4972103945910930633544921875">
        <ele>127.8000030517578125</ele>
        <time>2026-09-05T10:03:38.000Z</time>
        <extensions>
          <ns3:TrackPointExtension>
            <ns3:hr>165</ns3:hr>
          </ns3:TrackPointExtension>
        </extensions>
      </trkpt>
      <trkpt lat="53.6140470206737518310546875" lon="21.4971466921269893646240234375">
        <ele>129.1999969482421875</ele>
        <time>2026-09-05T10:03:41.000Z</time>
        <extensions>
          <ns3:TrackPointExtension>
            <ns3:hr>165</ns3:hr>
          </ns3:TrackPointExtension>
        </extensions>
      </trkpt>
      <trkpt lat="53.6141092143952846527099609375" lon="21.49712414480745792388916015625">
        <ele>130.600006103515625</ele>
        <time>2026-09-05T10:03:43.000Z</time>
        <extensions>
          <ns3:TrackPointExtension>
            <ns3:hr>166</ns3:hr>
          </ns3:TrackPointExtension>
        </extensions>
      </trkpt>
      <trkpt lat="53.61413813196122646331787109375" lon="21.49710620753467082977294921875">
        <ele>131.1999969482421875</ele>
        <time>2026-09-05T10:03:44.000Z</time>
        <extensions>
          <ns3:TrackPointExtension>
            <ns3:hr>166</ns3:hr>
          </ns3:TrackPointExtension>
        </extensions>
      </trkpt>
      <trkpt lat="53.61416646279394626617431640625" lon="21.4970885217189788818359375">
        <ele>131.600006103515625</ele>
        <time>2026-09-05T10:03:45.000Z</time>
        <extensions>
          <ns3:TrackPointExtension>
            <ns3:hr>166</ns3:hr>
          </ns3:TrackPointExtension>
        </extensions>
      </trkpt>
      <trkpt lat="53.61419160850346088409423828125" lon="21.497067399322986602783203125">
        <ele>132</ele>
        <time>2026-09-05T10:03:46.000Z</time>
        <extensions>
          <ns3:TrackPointExtension>
            <ns3:hr>166</ns3:hr>
          </ns3:TrackPointExtension>
        </extensions>
      </trkpt>
      <trkpt lat="53.6143744178116321563720703125" lon="21.49701886810362339019775390625">
        <ele>130.399993896484375</ele>
        <time>2026-09-05T10:03:50.000Z</time>
        <extensions>
          <ns3:TrackPointExtension>
            <ns3:hr>165</ns3:hr>
          </ns3:TrackPointExtension>
        </extensions>
      </trkpt>
      <trkpt lat="53.61449101008474826812744140625" lon="21.49693035520613193511962890625">
        <ele>129.1999969482421875</ele>
        <time>2026-09-05T10:03:53.000Z</time>
        <extensions>
          <ns3:TrackPointExtension>
            <ns3:hr>165</ns3:hr>
          </ns3:TrackPointExtension>
        </extensions>
      </trkpt>
      <trkpt lat="53.61453375779092311859130859375" lon="21.496918536722660064697265625">
        <ele>128.8000030517578125</ele>
        <time>2026-09-05T10:03:54.000Z</time>
        <extensions>
          <ns3:TrackPointExtension>
            <ns3:hr>165</ns3:hr>
          </ns3:TrackPointExtension>
        </extensions>
      </trkpt>
      <trkpt lat="53.61470608972012996673583984375" lon="21.4968658983707427978515625">
        <ele>128</ele>
        <time>2026-09-05T10:03:58.000Z</time>
        <extensions>
          <ns3:TrackPointExtension>
            <ns3:hr>165</ns3:hr>
          </ns3:TrackPointExtension>
        </extensions>
      </trkpt>
      <trkpt lat="53.6149309761822223663330078125" lon="21.4968208037316799163818359375">
        <ele>127.8000030517578125</ele>
        <time>2026-09-05T10:04:02.000Z</time>
        <extensions>
          <ns3:TrackPointExtension>
            <ns3:hr>165</ns3:hr>
          </ns3:TrackPointExtension>
        </extensions>
      </trkpt>
      <trkpt lat="53.61511043272912502288818359375" lon="21.4968006871640682220458984375">
        <ele>127.8000030517578125</ele>
        <time>2026-09-05T10:04:06.000Z</time>
        <extensions>
          <ns3:TrackPointExtension>
            <ns3:hr>165</ns3:hr>
          </ns3:TrackPointExtension>
        </extensions>
      </trkpt>
      <trkpt lat="53.6152387596666812896728515625" lon="21.496783085167407989501953125">
        <ele>127.59999847412109375</ele>
        <time>2026-09-05T10:04:09.000Z</time>
        <extensions>
          <ns3:TrackPointExtension>
            <ns3:hr>166</ns3:hr>
          </ns3:TrackPointExtension>
        </extensions>
      </trkpt>
      <trkpt lat="53.6152803339064121246337890625" lon="21.49678903631865978240966796875">
        <ele>127.8000030517578125</ele>
        <time>2026-09-05T10:04:10.000Z</time>
        <extensions>
          <ns3:TrackPointExtension>
            <ns3:hr>165</ns3:hr>
          </ns3:TrackPointExtension>
        </extensions>
      </trkpt>
      <trkpt lat="53.61546984873712062835693359375" lon="21.49680144153535366058349609375">
        <ele>127.59999847412109375</ele>
        <time>2026-09-05T10:04:14.000Z</time>
        <extensions>
          <ns3:TrackPointExtension>
            <ns3:hr>166</ns3:hr>
          </ns3:TrackPointExtension>
        </extensions>
      </trkpt>
      <trkpt lat="53.615547381341457366943359375" lon="21.49681418202817440032958984375">
        <ele>127.40000152587890625</ele>
        <time>2026-09-05T10:04:16.000Z</time>
        <extensions>
          <ns3:TrackPointExtension>
            <ns3:hr>166</ns3:hr>
          </ns3:TrackPointExtension>
        </extensions>
      </trkpt>
      <trkpt lat="53.61562876962125301361083984375" lon="21.4968248270452022552490234375">
        <ele>127.40000152587890625</ele>
        <time>2026-09-05T10:04:18.000Z</time>
        <extensions>
          <ns3:TrackPointExtension>
            <ns3:hr>165</ns3:hr>
          </ns3:TrackPointExtension>
        </extensions>
      </trkpt>
      <trkpt lat="53.61576120369136333465576171875" lon="21.4968097396194934844970703125">
        <ele>127.8000030517578125</ele>
        <time>2026-09-05T10:04:21.000Z</time>
        <extensions>
          <ns3:TrackPointExtension>
            <ns3:hr>165</ns3:hr>
          </ns3:TrackPointExtension>
        </extensions>
      </trkpt>
      <trkpt lat="53.61580478958785533905029296875" lon="21.49681963026523590087890625">
        <ele>127.8000030517578125</ele>
        <time>2026-09-05T10:04:22.000Z</time>
        <extensions>
          <ns3:TrackPointExtension>
            <ns3:hr>166</ns3:hr>
          </ns3:TrackPointExtension>
        </extensions>
      </trkpt>
      <trkpt lat="53.615989275276660919189453125" lon="21.496818624436855316162109375">
        <ele>128.1999969482421875</ele>
        <time>2026-09-05T10:04:27.000Z</time>
        <extensions>
          <ns3:TrackPointExtension>
            <ns3:hr>165</ns3:hr>
          </ns3:TrackPointExtension>
        </extensions>
      </trkpt>
      <trkpt lat="53.61607301048934459686279296875" lon="21.49682055227458477020263671875">
        <ele>128.600006103515625</ele>
        <time>2026-09-05T10:04:29.000Z</time>
        <extensions>
          <ns3:TrackPointExtension>
            <ns3:hr>165</ns3:hr>
          </ns3:TrackPointExtension>
        </extensions>
      </trkpt>
      <trkpt lat="53.616106621921062469482421875" lon="21.49682994000613689422607421875">
        <ele>128.600006103515625</ele>
        <time>2026-09-05T10:04:30.000Z</time>
        <extensions>
          <ns3:TrackPointExtension>
            <ns3:hr>165</ns3:hr>
          </ns3:TrackPointExtension>
        </extensions>
      </trkpt>
      <trkpt lat="53.61628674902021884918212890625" lon="21.496801190078258514404296875">
        <ele>129</ele>
        <time>2026-09-05T10:04:35.000Z</time>
        <extensions>
          <ns3:TrackPointExtension>
            <ns3:hr>164</ns3:hr>
          </ns3:TrackPointExtension>
        </extensions>
      </trkpt>
      <trkpt lat="53.616325221955776214599609375" lon="21.4967983402311801910400390625">
        <ele>129.1999969482421875</ele>
        <time>2026-09-05T10:04:36.000Z</time>
        <extensions>
          <ns3:TrackPointExtension>
            <ns3:hr>164</ns3:hr>
          </ns3:TrackPointExtension>
        </extensions>
      </trkpt>
      <trkpt lat="53.6164249666035175323486328125" lon="21.49679188616573810577392578125">
        <ele>129.8000030517578125</ele>
        <time>2026-09-05T10:04:39.000Z</time>
        <extensions>
          <ns3:TrackPointExtension>
            <ns3:hr>164</ns3:hr>
          </ns3:TrackPointExtension>
        </extensions>
      </trkpt>
      <trkpt lat="53.61657324247062206268310546875" lon="21.49672416038811206817626953125">
        <ele>130</ele>
        <time>2026-09-05T10:04:44.000Z</time>
        <extensions>
          <ns3:TrackPointExtension>
            <ns3:hr>164</ns3:hr>
          </ns3:TrackPointExtension>
        </extensions>
      </trkpt>
      <trkpt lat="53.61663065850734710693359375" lon="21.49670186452567577362060546875">
        <ele>130.1999969482421875</ele>
        <time>2026-09-05T10:04:46.000Z</time>
        <extensions>
          <ns3:TrackPointExtension>
            <ns3:hr>164</ns3:hr>
          </ns3:TrackPointExtension>
        </extensions>
      </trkpt>
      <trkpt lat="53.61667131073772907257080078125" lon="21.49668543599545955657958984375">
        <ele>130.1999969482421875</ele>
        <time>2026-09-05T10:04:47.000Z</time>
        <extensions>
          <ns3:TrackPointExtension>
            <ns3:hr>164</ns3:hr>
          </ns3:TrackPointExtension>
        </extensions>
      </trkpt>
      <trkpt lat="53.6167126335203647613525390625" lon="21.49668225087225437164306640625">
        <ele>130</ele>
        <time>2026-09-05T10:04:48.000Z</time>
        <extensions>
          <ns3:TrackPointExtension>
            <ns3:hr>164</ns3:hr>
          </ns3:TrackPointExtension>
        </extensions>
      </trkpt>
      <trkpt lat="53.61683626659214496612548828125" lon="21.4966283552348613739013671875">
        <ele>130.1999969482421875</ele>
        <time>2026-09-05T10:04:52.000Z</time>
        <extensions>
          <ns3:TrackPointExtension>
            <ns3:hr>165</ns3:hr>
          </ns3:TrackPointExtension>
        </extensions>
      </trkpt>
      <trkpt lat="53.61695797182619571685791015625" lon="21.49658200331032276153564453125">
        <ele>130.1999969482421875</ele>
        <time>2026-09-05T10:04:56.000Z</time>
        <extensions>
          <ns3:TrackPointExtension>
            <ns3:hr>165</ns3:hr>
          </ns3:TrackPointExtension>
        </extensions>
      </trkpt>
      <trkpt lat="53.6171149648725986480712890625" lon="21.49653623811900615692138671875">
        <ele>129.8000030517578125</ele>
        <time>2026-09-05T10:05:00.000Z</time>
        <extensions>
          <ns3:TrackPointExtension>
            <ns3:hr>165</ns3:hr>
          </ns3:TrackPointExtension>
        </extensions>
      </trkpt>
      <trkpt lat="53.61729391850531101226806640625" lon="21.49645208381116390228271484375">
        <ele>129.399993896484375</ele>
        <time>2026-09-05T10:05:04.000Z</time>
        <extensions>
          <ns3:TrackPointExtension>
            <ns3:hr>166</ns3:hr>
          </ns3:TrackPointExtension>
        </extensions>
      </trkpt>
      <trkpt lat="53.61747094430029392242431640625" lon="21.4963359944522380828857421875">
        <ele>130.399993896484375</ele>
        <time>2026-09-05T10:05:09.000Z</time>
        <extensions>
          <ns3:TrackPointExtension>
            <ns3:hr>166</ns3:hr>
          </ns3:TrackPointExtension>
        </extensions>
      </trkpt>
      <trkpt lat="53.61763875000178813934326171875" lon="21.4962776564061641693115234375">
        <ele>129.8000030517578125</ele>
        <time>2026-09-05T10:05:14.000Z</time>
        <extensions>
          <ns3:TrackPointExtension>
            <ns3:hr>167</ns3:hr>
          </ns3:TrackPointExtension>
        </extensions>
      </trkpt>
      <trkpt lat="53.6178388260304927825927734375" lon="21.49612502194941043853759765625">
        <ele>130.1999969482421875</ele>
        <time>2026-09-05T10:05:19.000Z</time>
        <extensions>
          <ns3:TrackPointExtension>
            <ns3:hr>166</ns3:hr>
          </ns3:TrackPointExtension>
        </extensions>
      </trkpt>
      <trkpt lat="53.6180111579596996307373046875" lon="21.4960429631173610687255859375">
        <ele>129.8000030517578125</ele>
        <time>2026-09-05T10:05:24.000Z</time>
        <extensions>
          <ns3:TrackPointExtension>
            <ns3:hr>166</ns3:hr>
          </ns3:TrackPointExtension>
        </extensions>
      </trkpt>
      <trkpt lat="53.61819782294332981109619140625" lon="21.4960392750799655914306640625">
        <ele>130.1999969482421875</ele>
        <time>2026-09-05T10:05:29.000Z</time>
        <extensions>
          <ns3:TrackPointExtension>
            <ns3:hr>167</ns3:hr>
          </ns3:TrackPointExtension>
        </extensions>
      </trkpt>
      <trkpt lat="53.6183581687510013580322265625" lon="21.495957635343074798583984375">
        <ele>130.600006103515625</ele>
        <time>2026-09-05T10:05:34.000Z</time>
        <extensions>
          <ns3:TrackPointExtension>
            <ns3:hr>167</ns3:hr>
          </ns3:TrackPointExtension>
        </extensions>
      </trkpt>
      <trkpt lat="53.61854215152561664581298828125" lon="21.49587415158748626708984375">
        <ele>130</ele>
        <time>2026-09-05T10:05:39.000Z</time>
        <extensions>
          <ns3:TrackPointExtension>
            <ns3:hr>168</ns3:hr>
          </ns3:TrackPointExtension>
        </extensions>
      </trkpt>
      <trkpt lat="53.61871540546417236328125" lon="21.49581589736044406890869140625">
        <ele>130</ele>
        <time>2026-09-05T10:05:42.000Z</time>
        <extensions>
          <ns3:TrackPointExtension>
            <ns3:hr>168</ns3:hr>
          </ns3:TrackPointExtension>
        </extensions>
      </trkpt>
      <trkpt lat="53.618816994130611419677734375" lon="21.49579812772572040557861328125">
        <ele>129.8000030517578125</ele>
        <time>2026-09-05T10:05:44.000Z</time>
        <extensions>
          <ns3:TrackPointExtension>
            <ns3:hr>169</ns3:hr>
          </ns3:TrackPointExtension>
        </extensions>
      </trkpt>
      <trkpt lat="53.61896594054996967315673828125" lon="21.4957485906779766082763671875">
        <ele>129</ele>
        <time>2026-09-05T10:05:47.000Z</time>
        <extensions>
          <ns3:TrackPointExtension>
            <ns3:hr>169</ns3:hr>
          </ns3:TrackPointExtension>
        </extensions>
      </trkpt>
      <trkpt lat="53.61917364411056041717529296875" lon="21.495680026710033416748046875">
        <ele>128.399993896484375</ele>
        <time>2026-09-05T10:05:51.000Z</time>
        <extensions>
          <ns3:TrackPointExtension>
            <ns3:hr>168</ns3:hr>
          </ns3:TrackPointExtension>
        </extensions>
      </trkpt>
      <trkpt lat="53.6193623207509517669677734375" lon="21.495639123022556304931640625">
        <ele>127.8000030517578125</ele>
        <time>2026-09-05T10:05:54.000Z</time>
        <extensions>
          <ns3:TrackPointExtension>
            <ns3:hr>168</ns3:hr>
          </ns3:TrackPointExtension>
        </extensions>
      </trkpt>
      <trkpt lat="53.61953926272690296173095703125" lon="21.4956386201083660125732421875">
        <ele>127.59999847412109375</ele>
        <time>2026-09-05T10:05:57.000Z</time>
        <extensions>
          <ns3:TrackPointExtension>
            <ns3:hr>168</ns3:hr>
          </ns3:TrackPointExtension>
        </extensions>
      </trkpt>
      <trkpt lat="53.61978451721370220184326171875" lon="21.49567306973040103912353515625">
        <ele>127.1999969482421875</ele>
        <time>2026-09-05T10:06:02.000Z</time>
        <extensions>
          <ns3:TrackPointExtension>
            <ns3:hr>169</ns3:hr>
          </ns3:TrackPointExtension>
        </extensions>
      </trkpt>
      <trkpt lat="53.61982692964375019073486328125" lon="21.495698802173137664794921875">
        <ele>127</ele>
        <time>2026-09-05T10:06:03.000Z</time>
        <extensions>
          <ns3:TrackPointExtension>
            <ns3:hr>170</ns3:hr>
          </ns3:TrackPointExtension>
        </extensions>
      </trkpt>
      <trkpt lat="53.6199376545846462249755859375" lon="21.495770551264286041259765625">
        <ele>126.8000030517578125</ele>
        <time>2026-09-05T10:06:05.000Z</time>
        <extensions>
          <ns3:TrackPointExtension>
            <ns3:hr>171</ns3:hr>
          </ns3:TrackPointExtension>
        </extensions>
      </trkpt>
      <trkpt lat="53.620123565196990966796875" lon="21.4959028176963329315185546875">
        <ele>126.59999847412109375</ele>
        <time>2026-09-05T10:06:09.000Z</time>
        <extensions>
          <ns3:TrackPointExtension>
            <ns3:hr>169</ns3:hr>
          </ns3:TrackPointExtension>
        </extensions>
      </trkpt>
      <trkpt lat="53.6203631199896335601806640625" lon="21.4961244352161884307861328125">
        <ele>126.1999969482421875</ele>
        <time>2026-09-05T10:06:12.000Z</time>
        <extensions>
          <ns3:TrackPointExtension>
            <ns3:hr>168</ns3:hr>
          </ns3:TrackPointExtension>
        </extensions>
      </trkpt>
      <trkpt lat="53.6204291693866252899169921875" lon="21.49620180018246173858642578125">
        <ele>126.1999969482421875</ele>
        <time>2026-09-05T10:06:13.000Z</time>
        <extensions>
          <ns3:TrackPointExtension>
            <ns3:hr>167</ns3:hr>
          </ns3:TrackPointExtension>
        </extensions>
      </trkpt>
      <trkpt lat="53.62047828733921051025390625" lon="21.496270783245563507080078125">
        <ele>125.8000030517578125</ele>
        <time>2026-09-05T10:06:14.000Z</time>
        <extensions>
          <ns3:TrackPointExtension>
            <ns3:hr>167</ns3:hr>
          </ns3:TrackPointExtension>
        </extensions>
      </trkpt>
      <trkpt lat="53.6205592565238475799560546875" lon="21.4964523352682590484619140625">
        <ele>125.1999969482421875</ele>
        <time>2026-09-05T10:06:16.000Z</time>
        <extensions>
          <ns3:TrackPointExtension>
            <ns3:hr>167</ns3:hr>
          </ns3:TrackPointExtension>
        </extensions>
      </trkpt>
      <trkpt lat="53.62061985768377780914306640625" lon="21.496622823178768157958984375">
        <ele>125</ele>
        <time>2026-09-05T10:06:18.000Z</time>
        <extensions>
          <ns3:TrackPointExtension>
            <ns3:hr>161</ns3:hr>
          </ns3:TrackPointExtension>
        </extensions>
      </trkpt>
      <trkpt lat="53.62065506167709827423095703125" lon="21.4967061392962932586669921875">
        <ele>125</ele>
        <time>2026-09-05T10:06:19.000Z</time>
        <extensions>
          <ns3:TrackPointExtension>
            <ns3:hr>161</ns3:hr>
          </ns3:TrackPointExtension>
        </extensions>
      </trkpt>
      <trkpt lat="53.62071834504604339599609375" lon="21.49688777513802051544189453125">
        <ele>124.8000030517578125</ele>
        <time>2026-09-05T10:06:21.000Z</time>
        <extensions>
          <ns3:TrackPointExtension>
            <ns3:hr>160</ns3:hr>
          </ns3:TrackPointExtension>
        </extensions>
      </trkpt>
      <trkpt lat="53.62079051323235034942626953125" lon="21.4970692433416843414306640625">
        <ele>125.1999969482421875</ele>
        <time>2026-09-05T10:06:23.000Z</time>
        <extensions>
          <ns3:TrackPointExtension>
            <ns3:hr>162</ns3:hr>
          </ns3:TrackPointExtension>
        </extensions>
      </trkpt>
      <trkpt lat="53.62088187597692012786865234375" lon="21.497367136180400848388671875">
        <ele>126</ele>
        <time>2026-09-05T10:06:27.000Z</time>
        <extensions>
          <ns3:TrackPointExtension>
            <ns3:hr>163</ns3:hr>
          </ns3:TrackPointExtension>
        </extensions>
      </trkpt>
      <trkpt lat="53.6209542118012905120849609375" lon="21.4976536296308040618896484375">
        <ele>126.59999847412109375</ele>
        <time>2026-09-05T10:06:31.000Z</time>
        <extensions>
          <ns3:TrackPointExtension>
            <ns3:hr>164</ns3:hr>
          </ns3:TrackPointExtension>
        </extensions>
      </trkpt>
      <trkpt lat="53.62100793980062007904052734375" lon="21.49783627130091190338134765625">
        <ele>126.8000030517578125</ele>
        <time>2026-09-05T10:06:34.000Z</time>
        <extensions>
          <ns3:TrackPointExtension>
            <ns3:hr>167</ns3:hr>
          </ns3:TrackPointExtension>
        </extensions>
      </trkpt>
      <trkpt lat="53.621030151844024658203125" lon="21.497901566326618194580078125">
        <ele>126.8000030517578125</ele>
        <time>2026-09-05T10:06:35.000Z</time>
        <extensions>
          <ns3:TrackPointExtension>
            <ns3:hr>167</ns3:hr>
          </ns3:TrackPointExtension>
        </extensions>
      </trkpt>
      <trkpt lat="53.6210501007735729217529296875" lon="21.49795797653496265411376953125">
        <ele>127</ele>
        <time>2026-09-05T10:06:36.000Z</time>
        <extensions>
          <ns3:TrackPointExtension>
            <ns3:hr>168</ns3:hr>
          </ns3:TrackPointExtension>
        </extensions>
      </trkpt>
      <trkpt lat="53.621118329465389251708984375" lon="21.49813550524413585662841796875">
        <ele>127.59999847412109375</ele>
        <time>2026-09-05T10:06:40.000Z</time>
        <extensions>
          <ns3:TrackPointExtension>
            <ns3:hr>169</ns3:hr>
          </ns3:TrackPointExtension>
        </extensions>
      </trkpt>
      <trkpt lat="53.62113475799560546875" lon="21.4983556978404521942138671875">
        <ele>128</ele>
        <time>2026-09-05T10:06:44.000Z</time>
        <extensions>
          <ns3:TrackPointExtension>
            <ns3:hr>169</ns3:hr>
          </ns3:TrackPointExtension>
        </extensions>
      </trkpt>
      <trkpt lat="53.6211775057017803192138671875" lon="21.49848184548318386077880859375">
        <ele>128.1999969482421875</ele>
        <time>2026-09-05T10:06:46.000Z</time>
        <extensions>
          <ns3:TrackPointExtension>
            <ns3:hr>170</ns3:hr>
          </ns3:TrackPointExtension>
        </extensions>
      </trkpt>
      <trkpt lat="53.6212180741131305694580078125" lon="21.4986192248761653900146484375">
        <ele>128.399993896484375</ele>
        <time>2026-09-05T10:06:48.000Z</time>
        <extensions>
          <ns3:TrackPointExtension>
            <ns3:hr>170</ns3:hr>
          </ns3:TrackPointExtension>
        </extensions>
      </trkpt>
      <trkpt lat="53.62129761837422847747802734375" lon="21.498815529048442840576171875">
        <ele>129</ele>
        <time>2026-09-05T10:06:52.000Z</time>
        <extensions>
          <ns3:TrackPointExtension>
            <ns3:hr>171</ns3:hr>
          </ns3:TrackPointExtension>
        </extensions>
      </trkpt>
      <trkpt lat="53.62136752344667911529541015625" lon="21.4989987574517726898193359375">
        <ele>128.600006103515625</ele>
        <time>2026-09-05T10:06:55.000Z</time>
        <extensions>
          <ns3:TrackPointExtension>
            <ns3:hr>170</ns3:hr>
          </ns3:TrackPointExtension>
        </extensions>
      </trkpt>
      <trkpt lat="53.621464334428310394287109375" lon="21.4992649666965007781982421875">
        <ele>128.399993896484375</ele>
        <time>2026-09-05T10:06:59.000Z</time>
        <extensions>
          <ns3:TrackPointExtension>
            <ns3:hr>172</ns3:hr>
          </ns3:TrackPointExtension>
        </extensions>
      </trkpt>
      <trkpt lat="53.6215007118880748748779296875" lon="21.49932271800935268402099609375">
        <ele>128.399993896484375</ele>
        <time>2026-09-05T10:07:00.000Z</time>
        <extensions>
          <ns3:TrackPointExtension>
            <ns3:hr>172</ns3:hr>
          </ns3:TrackPointExtension>
        </extensions>
      </trkpt>
      <trkpt lat="53.6215493269264698028564453125" lon="21.4994488656520843505859375">
        <ele>128</ele>
        <time>2026-09-05T10:07:02.000Z</time>
        <extensions>
          <ns3:TrackPointExtension>
            <ns3:hr>173</ns3:hr>
          </ns3:TrackPointExtension>
        </extensions>
      </trkpt>
      <trkpt lat="53.62157807685434818267822265625" lon="21.499506197869777679443359375">
        <ele>128</ele>
        <time>2026-09-05T10:07:03.000Z</time>
        <extensions>
          <ns3:TrackPointExtension>
            <ns3:hr>173</ns3:hr>
          </ns3:TrackPointExtension>
        </extensions>
      </trkpt>
      <trkpt lat="53.62162518315017223358154296875" lon="21.49963150732219219207763671875">
        <ele>127.8000030517578125</ele>
        <time>2026-09-05T10:07:05.000Z</time>
        <extensions>
          <ns3:TrackPointExtension>
            <ns3:hr>173</ns3:hr>
          </ns3:TrackPointExtension>
        </extensions>
      </trkpt>
      <trkpt lat="53.621712438762187957763671875" lon="21.49984792806208133697509765625">
        <ele>127</ele>
        <time>2026-09-05T10:07:09.000Z</time>
        <extensions>
          <ns3:TrackPointExtension>
            <ns3:hr>174</ns3:hr>
          </ns3:TrackPointExtension>
        </extensions>
      </trkpt>
      <trkpt lat="53.62173381261527538299560546875" lon="21.49990023113787174224853515625">
        <ele>127</ele>
        <time>2026-09-05T10:07:10.000Z</time>
        <extensions>
          <ns3:TrackPointExtension>
            <ns3:hr>174</ns3:hr>
          </ns3:TrackPointExtension>
        </extensions>
      </trkpt>
      <trkpt lat="53.6218105070292949676513671875" lon="21.50004875846207141876220703125">
        <ele>127.1999969482421875</ele>
        <time>2026-09-05T10:07:13.000Z</time>
        <extensions>
          <ns3:TrackPointExtension>
            <ns3:hr>174</ns3:hr>
          </ns3:TrackPointExtension>
        </extensions>
      </trkpt>
      <trkpt lat="53.62186809070408344268798828125" lon="21.50014749728143215179443359375">
        <ele>127.40000152587890625</ele>
        <time>2026-09-05T10:07:15.000Z</time>
        <extensions>
          <ns3:TrackPointExtension>
            <ns3:hr>172</ns3:hr>
          </ns3:TrackPointExtension>
        </extensions>
      </trkpt>
      <trkpt lat="53.62194411456584930419921875" lon="21.50025562383234500885009765625">
        <ele>127.1999969482421875</ele>
        <time>2026-09-05T10:07:17.000Z</time>
        <extensions>
          <ns3:TrackPointExtension>
            <ns3:hr>172</ns3:hr>
          </ns3:TrackPointExtension>
        </extensions>
      </trkpt>
      <trkpt lat="53.62203841097652912139892578125" lon="21.50032301433384418487548828125">
        <ele>127.1999969482421875</ele>
        <time>2026-09-05T10:07:19.000Z</time>
        <extensions>
          <ns3:TrackPointExtension>
            <ns3:hr>171</ns3:hr>
          </ns3:TrackPointExtension>
        </extensions>
      </trkpt>
      <trkpt lat="53.62222306430339813232421875" lon="21.500509679317474365234375">
        <ele>127.8000030517578125</ele>
        <time>2026-09-05T10:07:24.000Z</time>
        <extensions>
          <ns3:TrackPointExtension>
            <ns3:hr>172</ns3:hr>
          </ns3:TrackPointExtension>
        </extensions>
      </trkpt>
      <trkpt lat="53.6222755350172519683837890625" lon="21.500534825026988983154296875">
        <ele>128</ele>
        <time>2026-09-05T10:07:25.000Z</time>
        <extensions>
          <ns3:TrackPointExtension>
            <ns3:hr>171</ns3:hr>
          </ns3:TrackPointExtension>
        </extensions>
      </trkpt>
      <trkpt lat="53.6223699152469635009765625" lon="21.50059274397790431976318359375">
        <ele>128</ele>
        <time>2026-09-05T10:07:27.000Z</time>
        <extensions>
          <ns3:TrackPointExtension>
            <ns3:hr>171</ns3:hr>
          </ns3:TrackPointExtension>
        </extensions>
      </trkpt>
      <trkpt lat="53.62241392023861408233642578125" lon="21.5006214939057826995849609375">
        <ele>128.1999969482421875</ele>
        <time>2026-09-05T10:07:28.000Z</time>
        <extensions>
          <ns3:TrackPointExtension>
            <ns3:hr>172</ns3:hr>
          </ns3:TrackPointExtension>
        </extensions>
      </trkpt>
      <trkpt lat="53.62259186804294586181640625" lon="21.50072869844734668731689453125">
        <ele>128.399993896484375</ele>
        <time>2026-09-05T10:07:32.000Z</time>
        <extensions>
          <ns3:TrackPointExtension>
            <ns3:hr>172</ns3:hr>
          </ns3:TrackPointExtension>
        </extensions>
      </trkpt>
      <trkpt lat="53.62276612780988216400146484375" lon="21.5008682571351528167724609375">
        <ele>128.399993896484375</ele>
        <time>2026-09-05T10:07:37.000Z</time>
        <extensions>
          <ns3:TrackPointExtension>
            <ns3:hr>171</ns3:hr>
          </ns3:TrackPointExtension>
        </extensions>
      </trkpt>
      <trkpt lat="53.6229206062853336334228515625" lon="21.5009815804660320281982421875">
        <ele>128.399993896484375</ele>
        <time>2026-09-05T10:07:42.000Z</time>
        <extensions>
          <ns3:TrackPointExtension>
            <ns3:hr>171</ns3:hr>
          </ns3:TrackPointExtension>
        </extensions>
      </trkpt>
      <trkpt lat="53.623064942657947540283203125" lon="21.50121032260358333587646484375">
        <ele>128.600006103515625</ele>
        <time>2026-09-05T10:07:48.000Z</time>
        <extensions>
          <ns3:TrackPointExtension>
            <ns3:hr>171</ns3:hr>
          </ns3:TrackPointExtension>
        </extensions>
      </trkpt>
      <trkpt lat="53.6231945268809795379638671875" lon="21.501411236822605133056640625">
        <ele>128.8000030517578125</ele>
        <time>2026-09-05T10:07:53.000Z</time>
        <extensions>
          <ns3:TrackPointExtension>
            <ns3:hr>171</ns3:hr>
          </ns3:TrackPointExtension>
        </extensions>
      </trkpt>
      <trkpt lat="53.62334297038614749908447265625" lon="21.50159656070172786712646484375">
        <ele>129.1999969482421875</ele>
        <time>2026-09-05T10:07:57.000Z</time>
        <extensions>
          <ns3:TrackPointExtension>
            <ns3:hr>172</ns3:hr>
          </ns3:TrackPointExtension>
        </extensions>
      </trkpt>
      <trkpt lat="53.623473644256591796875" lon="21.50176025927066802978515625">
        <ele>129.8000030517578125</ele>
        <time>2026-09-05T10:08:01.000Z</time>
        <extensions>
          <ns3:TrackPointExtension>
            <ns3:hr>172</ns3:hr>
          </ns3:TrackPointExtension>
        </extensions>
      </trkpt>
      <trkpt lat="53.62354380078613758087158203125" lon="21.50187919847667217254638671875">
        <ele>130.1999969482421875</ele>
        <time>2026-09-05T10:08:04.000Z</time>
        <extensions>
          <ns3:TrackPointExtension>
            <ns3:hr>173</ns3:hr>
          </ns3:TrackPointExtension>
        </extensions>
      </trkpt>
      <trkpt lat="53.62360180355608463287353515625" lon="21.5019045956432819366455078125">
        <ele>130.399993896484375</ele>
        <time>2026-09-05T10:08:06.000Z</time>
        <extensions>
          <ns3:TrackPointExtension>
            <ns3:hr>173</ns3:hr>
          </ns3:TrackPointExtension>
        </extensions>
      </trkpt>
      <trkpt lat="53.62373222596943378448486328125" lon="21.502054296433925628662109375">
        <ele>130.600006103515625</ele>
        <time>2026-09-05T10:08:11.000Z</time>
        <extensions>
          <ns3:TrackPointExtension>
            <ns3:hr>173</ns3:hr>
          </ns3:TrackPointExtension>
        </extensions>
      </trkpt>
      <trkpt lat="53.62381051294505596160888671875" lon="21.5021761693060398101806640625">
        <ele>130.8000030517578125</ele>
        <time>2026-09-05T10:08:14.000Z</time>
        <extensions>
          <ns3:TrackPointExtension>
            <ns3:hr>174</ns3:hr>
          </ns3:TrackPointExtension>
        </extensions>
      </trkpt>
      <trkpt lat="53.62393372692167758941650390625" lon="21.50237171910703182220458984375">
        <ele>131.399993896484375</ele>
        <time>2026-09-05T10:08:20.000Z</time>
        <extensions>
          <ns3:TrackPointExtension>
            <ns3:hr>173</ns3:hr>
          </ns3:TrackPointExtension>
        </extensions>
      </trkpt>
      <trkpt lat="53.62399340607225894927978515625" lon="21.50251454673707485198974609375">
        <ele>131.600006103515625</ele>
        <time>2026-09-05T10:08:24.000Z</time>
        <extensions>
          <ns3:TrackPointExtension>
            <ns3:hr>172</ns3:hr>
          </ns3:TrackPointExtension>
        </extensions>
      </trkpt>
      <trkpt lat="53.62404537387192249298095703125" lon="21.50264396332204341888427734375">
        <ele>131.399993896484375</ele>
        <time>2026-09-05T10:08:27.000Z</time>
        <extensions>
          <ns3:TrackPointExtension>
            <ns3:hr>172</ns3:hr>
          </ns3:TrackPointExtension>
        </extensions>
      </trkpt>
      <trkpt lat="53.62415852956473827362060546875" lon="21.50282199494540691375732421875">
        <ele>131.399993896484375</ele>
        <time>2026-09-05T10:08:31.000Z</time>
        <extensions>
          <ns3:TrackPointExtension>
            <ns3:hr>173</ns3:hr>
          </ns3:TrackPointExtension>
        </extensions>
      </trkpt>
      <trkpt lat="53.6242801509797573089599609375" lon="21.50303908623754978179931640625">
        <ele>131.600006103515625</ele>
        <time>2026-09-05T10:08:35.000Z</time>
        <extensions>
          <ns3:TrackPointExtension>
            <ns3:hr>173</ns3:hr>
          </ns3:TrackPointExtension>
        </extensions>
      </trkpt>
      <trkpt lat="53.62442926503717899322509765625" lon="21.503205634653568267822265625">
        <ele>131.8000030517578125</ele>
        <time>2026-09-05T10:08:39.000Z</time>
        <extensions>
          <ns3:TrackPointExtension>
            <ns3:hr>172</ns3:hr>
          </ns3:TrackPointExtension>
        </extensions>
      </trkpt>
      <trkpt lat="53.62454107962548732757568359375" lon="21.503391377627849578857421875">
        <ele>132</ele>
        <time>2026-09-05T10:08:43.000Z</time>
        <extensions>
          <ns3:TrackPointExtension>
            <ns3:hr>172</ns3:hr>
          </ns3:TrackPointExtension>
        </extensions>
      </trkpt>
      <trkpt lat="53.62463261000812053680419921875" lon="21.50352976284921169281005859375">
        <ele>132</ele>
        <time>2026-09-05T10:08:46.000Z</time>
        <extensions>
          <ns3:TrackPointExtension>
            <ns3:hr>173</ns3:hr>
          </ns3:TrackPointExtension>
        </extensions>
      </trkpt>
      <trkpt lat="53.62473838962614536285400390625" lon="21.503739394247531890869140625">
        <ele>131.399993896484375</ele>
        <time>2026-09-05T10:08:50.000Z</time>
        <extensions>
          <ns3:TrackPointExtension>
            <ns3:hr>174</ns3:hr>
          </ns3:TrackPointExtension>
        </extensions>
      </trkpt>
      <trkpt lat="53.62477719783782958984375" lon="21.50377635844051837921142578125">
        <ele>131.399993896484375</ele>
        <time>2026-09-05T10:08:51.000Z</time>
        <extensions>
          <ns3:TrackPointExtension>
            <ns3:hr>174</ns3:hr>
          </ns3:TrackPointExtension>
        </extensions>
      </trkpt>
      <trkpt lat="53.62486411817371845245361328125" lon="21.50388331152498722076416015625">
        <ele>131</ele>
        <time>2026-09-05T10:08:53.000Z</time>
        <extensions>
          <ns3:TrackPointExtension>
            <ns3:hr>174</ns3:hr>
          </ns3:TrackPointExtension>
        </extensions>
      </trkpt>
      <trkpt lat="53.62500250339508056640625" lon="21.5040902607142925262451171875">
        <ele>131.1999969482421875</ele>
        <time>2026-09-05T10:08:57.000Z</time>
        <extensions>
          <ns3:TrackPointExtension>
            <ns3:hr>174</ns3:hr>
          </ns3:TrackPointExtension>
        </extensions>
      </trkpt>
      <trkpt lat="53.62519218586385250091552734375" lon="21.50442226789891719818115234375">
        <ele>130.1999969482421875</ele>
        <time>2026-09-05T10:09:02.000Z</time>
        <extensions>
          <ns3:TrackPointExtension>
            <ns3:hr>172</ns3:hr>
          </ns3:TrackPointExtension>
        </extensions>
      </trkpt>
      <trkpt lat="53.625237531960010528564453125" lon="21.50448714382946491241455078125">
        <ele>130.1999969482421875</ele>
        <time>2026-09-05T10:09:03.000Z</time>
        <extensions>
          <ns3:TrackPointExtension>
            <ns3:hr>172</ns3:hr>
          </ns3:TrackPointExtension>
        </extensions>
      </trkpt>
      <trkpt lat="53.62553131766617298126220703125" lon="21.504926271736621856689453125">
        <ele>129.600006103515625</ele>
        <time>2026-09-05T10:09:09.000Z</time>
        <extensions>
          <ns3:TrackPointExtension>
            <ns3:hr>170</ns3:hr>
          </ns3:TrackPointExtension>
        </extensions>
      </trkpt>
      <trkpt lat="53.62569141201674938201904296875" lon="21.5050722844898700714111328125">
        <ele>129.1999969482421875</ele>
        <time>2026-09-05T10:09:12.000Z</time>
        <extensions>
          <ns3:TrackPointExtension>
            <ns3:hr>170</ns3:hr>
          </ns3:TrackPointExtension>
        </extensions>
      </trkpt>
      <trkpt lat="53.62573700957000255584716796875" lon="21.505141519010066986083984375">
        <ele>129</ele>
        <time>2026-09-05T10:09:13.000Z</time>
        <extensions>
          <ns3:TrackPointExtension>
            <ns3:hr>170</ns3:hr>
          </ns3:TrackPointExtension>
        </extensions>
      </trkpt>
      <trkpt lat="53.62581722438335418701171875" lon="21.5052358992397785186767578125">
        <ele>129.1999969482421875</ele>
        <time>2026-09-05T10:09:15.000Z</time>
        <extensions>
          <ns3:TrackPointExtension>
            <ns3:hr>169</ns3:hr>
          </ns3:TrackPointExtension>
        </extensions>
      </trkpt>
      <trkpt lat="53.62597404979169368743896484375" lon="21.50547402910888195037841796875">
        <ele>129</ele>
        <time>2026-09-05T10:09:19.000Z</time>
        <extensions>
          <ns3:TrackPointExtension>
            <ns3:hr>170</ns3:hr>
          </ns3:TrackPointExtension>
        </extensions>
      </trkpt>
      <trkpt lat="53.6260135285556316375732421875" lon="21.5055326186120510101318359375">
        <ele>128.8000030517578125</ele>
        <time>2026-09-05T10:09:20.000Z</time>
        <extensions>
          <ns3:TrackPointExtension>
            <ns3:hr>170</ns3:hr>
          </ns3:TrackPointExtension>
        </extensions>
      </trkpt>
      <trkpt lat="53.62609189935028553009033203125" lon="21.505640409886837005615234375">
        <ele>129.1999969482421875</ele>
        <time>2026-09-05T10:09:22.000Z</time>
        <extensions>
          <ns3:TrackPointExtension>
            <ns3:hr>170</ns3:hr>
          </ns3:TrackPointExtension>
        </extensions>
      </trkpt>
      <trkpt lat="53.62616867758333683013916015625" lon="21.50582380592823028564453125">
        <ele>129.1999969482421875</ele>
        <time>2026-09-05T10:09:25.000Z</time>
        <extensions>
          <ns3:TrackPointExtension>
            <ns3:hr>171</ns3:hr>
          </ns3:TrackPointExtension>
        </extensions>
      </trkpt>
      <trkpt lat="53.6262854374945163726806640625" lon="21.50602002628147602081298828125">
        <ele>129.1999969482421875</ele>
        <time>2026-09-05T10:09:28.000Z</time>
        <extensions>
          <ns3:TrackPointExtension>
            <ns3:hr>171</ns3:hr>
          </ns3:TrackPointExtension>
        </extensions>
      </trkpt>
      <trkpt lat="53.6263843439519405364990234375" lon="21.506178192794322967529296875">
        <ele>129</ele>
        <time>2026-09-05T10:09:31.000Z</time>
        <extensions>
          <ns3:TrackPointExtension>
            <ns3:hr>171</ns3:hr>
          </ns3:TrackPointExtension>
        </extensions>
      </trkpt>
      <trkpt lat="53.62641376443207263946533203125" lon="21.50622990913689136505126953125">
        <ele>129</ele>
        <time>2026-09-05T10:09:32.000Z</time>
        <extensions>
          <ns3:TrackPointExtension>
            <ns3:hr>171</ns3:hr>
          </ns3:TrackPointExtension>
        </extensions>
      </trkpt>
      <trkpt lat="53.62653471529483795166015625" lon="21.50652587413787841796875">
        <ele>130</ele>
        <time>2026-09-05T10:09:37.000Z</time>
        <extensions>
          <ns3:TrackPointExtension>
            <ns3:hr>172</ns3:hr>
          </ns3:TrackPointExtension>
        </extensions>
      </trkpt>
      <trkpt lat="53.62656212411820888519287109375" lon="21.50654800236225128173828125">
        <ele>130.399993896484375</ele>
        <time>2026-09-05T10:09:38.000Z</time>
        <extensions>
          <ns3:TrackPointExtension>
            <ns3:hr>173</ns3:hr>
          </ns3:TrackPointExtension>
        </extensions>
      </trkpt>
      <trkpt lat="53.6266213841736316680908203125" lon="21.5066881477832794189453125">
        <ele>131</ele>
        <time>2026-09-05T10:09:41.000Z</time>
        <extensions>
          <ns3:TrackPointExtension>
            <ns3:hr>172</ns3:hr>
          </ns3:TrackPointExtension>
        </extensions>
      </trkpt>
      <trkpt lat="53.62668701447546482086181640625" lon="21.50678730569779872894287109375">
        <ele>131.1999969482421875</ele>
        <time>2026-09-05T10:09:44.000Z</time>
        <extensions>
          <ns3:TrackPointExtension>
            <ns3:hr>173</ns3:hr>
          </ns3:TrackPointExtension>
        </extensions>
      </trkpt>
      <trkpt lat="53.62674635834991931915283203125" lon="21.5068388544023036956787109375">
        <ele>131.399993896484375</ele>
        <time>2026-09-05T10:09:46.000Z</time>
        <extensions>
          <ns3:TrackPointExtension>
            <ns3:hr>173</ns3:hr>
          </ns3:TrackPointExtension>
        </extensions>
      </trkpt>
      <trkpt lat="53.6268517188727855682373046875" lon="21.506947986781597137451171875">
        <ele>131.600006103515625</ele>
        <time>2026-09-05T10:09:49.000Z</time>
        <extensions>
          <ns3:TrackPointExtension>
            <ns3:hr>173</ns3:hr>
          </ns3:TrackPointExtension>
        </extensions>
      </trkpt>
      <trkpt lat="53.62692271359264850616455078125" lon="21.50706592015922069549560546875">
        <ele>132</ele>
        <time>2026-09-05T10:09:53.000Z</time>
        <extensions>
          <ns3:TrackPointExtension>
            <ns3:hr>173</ns3:hr>
          </ns3:TrackPointExtension>
        </extensions>
      </trkpt>
      <trkpt lat="53.62702279351651668548583984375" lon="21.507216207683086395263671875">
        <ele>132.399993896484375</ele>
        <time>2026-09-05T10:09:57.000Z</time>
        <extensions>
          <ns3:TrackPointExtension>
            <ns3:hr>172</ns3:hr>
          </ns3:TrackPointExtension>
        </extensions>
      </trkpt>
      <trkpt lat="53.62708783708512783050537109375" lon="21.5073318779468536376953125">
        <ele>132.399993896484375</ele>
        <time>2026-09-05T10:10:01.000Z</time>
        <extensions>
          <ns3:TrackPointExtension>
            <ns3:hr>172</ns3:hr>
          </ns3:TrackPointExtension>
        </extensions>
      </trkpt>
      <trkpt lat="53.62710409797728061676025390625" lon="21.50737219490110874176025390625">
        <ele>132.399993896484375</ele>
        <time>2026-09-05T10:10:02.000Z</time>
        <extensions>
          <ns3:TrackPointExtension>
            <ns3:hr>173</ns3:hr>
          </ns3:TrackPointExtension>
        </extensions>
      </trkpt>
      <trkpt lat="53.6272372864186763763427734375" lon="21.50759364478290081024169921875">
        <ele>132.1999969482421875</ele>
        <time>2026-09-05T10:10:07.000Z</time>
        <extensions>
          <ns3:TrackPointExtension>
            <ns3:hr>172</ns3:hr>
          </ns3:TrackPointExtension>
        </extensions>
      </trkpt>
      <trkpt lat="53.62726117484271526336669921875" lon="21.507632620632648468017578125">
        <ele>132.1999969482421875</ele>
        <time>2026-09-05T10:10:08.000Z</time>
        <extensions>
          <ns3:TrackPointExtension>
            <ns3:hr>173</ns3:hr>
          </ns3:TrackPointExtension>
        </extensions>
      </trkpt>
      <trkpt lat="53.627400062978267669677734375" lon="21.5078587643802165985107421875">
        <ele>132.399993896484375</ele>
        <time>2026-09-05T10:10:12.000Z</time>
        <extensions>
          <ns3:TrackPointExtension>
            <ns3:hr>172</ns3:hr>
          </ns3:TrackPointExtension>
        </extensions>
      </trkpt>
      <trkpt lat="53.6275680363178253173828125" lon="21.50811047293245792388916015625">
        <ele>131.8000030517578125</ele>
        <time>2026-09-05T10:10:18.000Z</time>
        <extensions>
          <ns3:TrackPointExtension>
            <ns3:hr>173</ns3:hr>
          </ns3:TrackPointExtension>
        </extensions>
      </trkpt>
      <trkpt lat="53.62783818505704402923583984375" lon="21.50841892696917057037353515625">
        <ele>132.1999969482421875</ele>
        <time>2026-09-05T10:10:24.000Z</time>
        <extensions>
          <ns3:TrackPointExtension>
            <ns3:hr>172</ns3:hr>
          </ns3:TrackPointExtension>
        </extensions>
      </trkpt>
      <trkpt lat="53.62802392803132534027099609375" lon="21.50870240293443202972412109375">
        <ele>133.1999969482421875</ele>
        <time>2026-09-05T10:10:29.000Z</time>
        <extensions>
          <ns3:TrackPointExtension>
            <ns3:hr>173</ns3:hr>
          </ns3:TrackPointExtension>
        </extensions>
      </trkpt>
      <trkpt lat="53.6281281150877475738525390625" lon="21.50886903516948223114013671875">
        <ele>133</ele>
        <time>2026-09-05T10:10:33.000Z</time>
        <extensions>
          <ns3:TrackPointExtension>
            <ns3:hr>172</ns3:hr>
          </ns3:TrackPointExtension>
        </extensions>
      </trkpt>
      <trkpt lat="53.62821511924266815185546875" lon="21.50902091525495052337646484375">
        <ele>132.8000030517578125</ele>
        <time>2026-09-05T10:10:37.000Z</time>
        <extensions>
          <ns3:TrackPointExtension>
            <ns3:hr>173</ns3:hr>
          </ns3:TrackPointExtension>
        </extensions>
      </trkpt>
      <trkpt lat="53.62829290330410003662109375" lon="21.50917413644492626190185546875">
        <ele>133.1999969482421875</ele>
        <time>2026-09-05T10:10:41.000Z</time>
        <extensions>
          <ns3:TrackPointExtension>
            <ns3:hr>174</ns3:hr>
          </ns3:TrackPointExtension>
        </extensions>
      </trkpt>
      <trkpt lat="53.62835518084466457366943359375" lon="21.50932819582521915435791015625">
        <ele>133.1999969482421875</ele>
        <time>2026-09-05T10:10:45.000Z</time>
        <extensions>
          <ns3:TrackPointExtension>
            <ns3:hr>172</ns3:hr>
          </ns3:TrackPointExtension>
        </extensions>
      </trkpt>
      <trkpt lat="53.6284633912146091461181640625" lon="21.50952248834073543548583984375">
        <ele>133.1999969482421875</ele>
        <time>2026-09-05T10:10:50.000Z</time>
        <extensions>
          <ns3:TrackPointExtension>
            <ns3:hr>172</ns3:hr>
          </ns3:TrackPointExtension>
        </extensions>
      </trkpt>
      <trkpt lat="53.62859372980892658233642578125" lon="21.50978568010032176971435546875">
        <ele>132.8000030517578125</ele>
        <time>2026-09-05T10:10:55.000Z</time>
        <extensions>
          <ns3:TrackPointExtension>
            <ns3:hr>170</ns3:hr>
          </ns3:TrackPointExtension>
        </extensions>
      </trkpt>
      <trkpt lat="53.62870839424431324005126953125" lon="21.51008591987192630767822265625">
        <ele>132.399993896484375</ele>
        <time>2026-09-05T10:10:59.000Z</time>
        <extensions>
          <ns3:TrackPointExtension>
            <ns3:hr>170</ns3:hr>
          </ns3:TrackPointExtension>
        </extensions>
      </trkpt>
      <trkpt lat="53.62873722799122333526611328125" lon="21.5101956389844417572021484375">
        <ele>132.399993896484375</ele>
        <time>2026-09-05T10:11:01.000Z</time>
        <extensions>
          <ns3:TrackPointExtension>
            <ns3:hr>169</ns3:hr>
          </ns3:TrackPointExtension>
        </extensions>
      </trkpt>
      <trkpt lat="53.628776706755161285400390625" lon="21.51030569337308406829833984375">
        <ele>132.399993896484375</ele>
        <time>2026-09-05T10:11:02.000Z</time>
        <extensions>
          <ns3:TrackPointExtension>
            <ns3:hr>170</ns3:hr>
          </ns3:TrackPointExtension>
        </extensions>
      </trkpt>
      <trkpt lat="53.628825657069683074951171875" lon="21.51048607192933559417724609375">
        <ele>132.399993896484375</ele>
        <time>2026-09-05T10:11:05.000Z</time>
        <extensions>
          <ns3:TrackPointExtension>
            <ns3:hr>169</ns3:hr>
          </ns3:TrackPointExtension>
        </extensions>
      </trkpt>
      <trkpt lat="53.628872931003570556640625" lon="21.510658152401447296142578125">
        <ele>132.600006103515625</ele>
        <time>2026-09-05T10:11:08.000Z</time>
        <extensions>
          <ns3:TrackPointExtension>
            <ns3:hr>169</ns3:hr>
          </ns3:TrackPointExtension>
        </extensions>
      </trkpt>
      <trkpt lat="53.62895616330206394195556640625" lon="21.51082721538841724395751953125">
        <ele>132.600006103515625</ele>
        <time>2026-09-05T10:11:11.000Z</time>
        <extensions>
          <ns3:TrackPointExtension>
            <ns3:hr>170</ns3:hr>
          </ns3:TrackPointExtension>
        </extensions>
      </trkpt>
      <trkpt lat="53.62898097373545169830322265625" lon="21.51088823564350605010986328125">
        <ele>132.8000030517578125</ele>
        <time>2026-09-05T10:11:12.000Z</time>
        <extensions>
          <ns3:TrackPointExtension>
            <ns3:hr>170</ns3:hr>
          </ns3:TrackPointExtension>
        </extensions>
      </trkpt>
      <trkpt lat="53.62909111194312572479248046875" lon="21.5110784210264682769775390625">
        <ele>133</ele>
        <time>2026-09-05T10:11:16.000Z</time>
        <extensions>
          <ns3:TrackPointExtension>
            <ns3:hr>171</ns3:hr>
          </ns3:TrackPointExtension>
        </extensions>
      </trkpt>
      <trkpt lat="53.62916621379554271697998046875" lon="21.5112651698291301727294921875">
        <ele>132.8000030517578125</ele>
        <time>2026-09-05T10:11:19.000Z</time>
        <extensions>
          <ns3:TrackPointExtension>
            <ns3:hr>172</ns3:hr>
          </ns3:TrackPointExtension>
        </extensions>
      </trkpt>
      <trkpt lat="53.62929814495146274566650390625" lon="21.51142769493162631988525390625">
        <ele>132.600006103515625</ele>
        <time>2026-09-05T10:11:23.000Z</time>
        <extensions>
          <ns3:TrackPointExtension>
            <ns3:hr>172</ns3:hr>
          </ns3:TrackPointExtension>
        </extensions>
      </trkpt>
      <trkpt lat="53.62947173416614532470703125" lon="21.51165752671658992767333984375">
        <ele>132.600006103515625</ele>
        <time>2026-09-05T10:11:28.000Z</time>
        <extensions>
          <ns3:TrackPointExtension>
            <ns3:hr>171</ns3:hr>
          </ns3:TrackPointExtension>
        </extensions>
      </trkpt>
      <trkpt lat="53.6295701377093791961669921875" lon="21.51185869239270687103271484375">
        <ele>132.600006103515625</ele>
        <time>2026-09-05T10:11:32.000Z</time>
        <extensions>
          <ns3:TrackPointExtension>
            <ns3:hr>171</ns3:hr>
          </ns3:TrackPointExtension>
        </extensions>
      </trkpt>
      <trkpt lat="53.629598803818225860595703125" lon="21.51192960329353809356689453125">
        <ele>132.600006103515625</ele>
        <time>2026-09-05T10:11:33.000Z</time>
        <extensions>
          <ns3:TrackPointExtension>
            <ns3:hr>171</ns3:hr>
          </ns3:TrackPointExtension>
        </extensions>
      </trkpt>
      <trkpt lat="53.62965538166463375091552734375" lon="21.512058936059474945068359375">
        <ele>132.399993896484375</ele>
        <time>2026-09-05T10:11:35.000Z</time>
        <extensions>
          <ns3:TrackPointExtension>
            <ns3:hr>170</ns3:hr>
          </ns3:TrackPointExtension>
        </extensions>
      </trkpt>
      <trkpt lat="53.6296747438609600067138671875" lon="21.51211082004010677337646484375">
        <ele>132.399993896484375</ele>
        <time>2026-09-05T10:11:36.000Z</time>
        <extensions>
          <ns3:TrackPointExtension>
            <ns3:hr>170</ns3:hr>
          </ns3:TrackPointExtension>
        </extensions>
      </trkpt>
      <trkpt lat="53.62977826036512851715087890625" lon="21.51221341453492641448974609375">
        <ele>132.1999969482421875</ele>
        <time>2026-09-05T10:11:39.000Z</time>
        <extensions>
          <ns3:TrackPointExtension>
            <ns3:hr>171</ns3:hr>
          </ns3:TrackPointExtension>
        </extensions>
      </trkpt>
      <trkpt lat="53.629886806011199951171875" lon="21.51238038204610347747802734375">
        <ele>132.399993896484375</ele>
        <time>2026-09-05T10:11:42.000Z</time>
        <extensions>
          <ns3:TrackPointExtension>
            <ns3:hr>171</ns3:hr>
          </ns3:TrackPointExtension>
        </extensions>
      </trkpt>
      <trkpt lat="53.62995327450335025787353515625" lon="21.51251784525811672210693359375">
        <ele>132.399993896484375</ele>
        <time>2026-09-05T10:11:45.000Z</time>
        <extensions>
          <ns3:TrackPointExtension>
            <ns3:hr>170</ns3:hr>
          </ns3:TrackPointExtension>
        </extensions>
      </trkpt>
      <trkpt lat="53.63000549376010894775390625" lon="21.51261406950652599334716796875">
        <ele>132.600006103515625</ele>
        <time>2026-09-05T10:11:47.000Z</time>
        <extensions>
          <ns3:TrackPointExtension>
            <ns3:hr>171</ns3:hr>
          </ns3:TrackPointExtension>
        </extensions>
      </trkpt>
      <trkpt lat="53.63002116791903972625732421875" lon="21.51265698485076427459716796875">
        <ele>132.399993896484375</ele>
        <time>2026-09-05T10:11:48.000Z</time>
        <extensions>
          <ns3:TrackPointExtension>
            <ns3:hr>171</ns3:hr>
          </ns3:TrackPointExtension>
        </extensions>
      </trkpt>
      <trkpt lat="53.63016114570200443267822265625" lon="21.5129412151873111724853515625">
        <ele>132.1999969482421875</ele>
        <time>2026-09-05T10:11:53.000Z</time>
        <extensions>
          <ns3:TrackPointExtension>
            <ns3:hr>171</ns3:hr>
          </ns3:TrackPointExtension>
        </extensions>
      </trkpt>
      <trkpt lat="53.63025401718914508819580078125" lon="21.51314757764339447021484375">
        <ele>132</ele>
        <time>2026-09-05T10:11:57.000Z</time>
        <extensions>
          <ns3:TrackPointExtension>
            <ns3:hr>171</ns3:hr>
          </ns3:TrackPointExtension>
        </extensions>
      </trkpt>
      <trkpt lat="53.63028469495475292205810546875" lon="21.51324740611016750335693359375">
        <ele>131.8000030517578125</ele>
        <time>2026-09-05T10:11:59.000Z</time>
        <extensions>
          <ns3:TrackPointExtension>
            <ns3:hr>171</ns3:hr>
          </ns3:TrackPointExtension>
        </extensions>
      </trkpt>
      <trkpt lat="53.63029592670500278472900390625" lon="21.51329283602535724639892578125">
        <ele>131.8000030517578125</ele>
        <time>2026-09-05T10:12:00.000Z</time>
        <extensions>
          <ns3:TrackPointExtension>
            <ns3:hr>171</ns3:hr>
          </ns3:TrackPointExtension>
        </extensions>
      </trkpt>
      <trkpt lat="53.63035552203655242919921875" lon="21.51343055069446563720703125">
        <ele>131.600006103515625</ele>
        <time>2026-09-05T10:12:02.000Z</time>
        <extensions>
          <ns3:TrackPointExtension>
            <ns3:hr>171</ns3:hr>
          </ns3:TrackPointExtension>
        </extensions>
      </trkpt>
      <trkpt lat="53.63041142933070659637451171875" lon="21.513579748570919036865234375">
        <ele>131.399993896484375</ele>
        <time>2026-09-05T10:12:04.000Z</time>
        <extensions>
          <ns3:TrackPointExtension>
            <ns3:hr>171</ns3:hr>
          </ns3:TrackPointExtension>
        </extensions>
      </trkpt>
      <trkpt lat="53.63048317842185497283935546875" lon="21.51378368027508258819580078125">
        <ele>131.399993896484375</ele>
        <time>2026-09-05T10:12:07.000Z</time>
        <extensions>
          <ns3:TrackPointExtension>
            <ns3:hr>171</ns3:hr>
          </ns3:TrackPointExtension>
        </extensions>
      </trkpt>
      <trkpt lat="53.6305089108645915985107421875" lon="21.513857357203960418701171875">
        <ele>131.399993896484375</ele>
        <time>2026-09-05T10:12:08.000Z</time>
        <extensions>
          <ns3:TrackPointExtension>
            <ns3:hr>171</ns3:hr>
          </ns3:TrackPointExtension>
        </extensions>
      </trkpt>
      <trkpt lat="53.6305695958435535430908203125" lon="21.51406028307974338531494140625">
        <ele>131.399993896484375</ele>
        <time>2026-09-05T10:12:11.000Z</time>
        <extensions>
          <ns3:TrackPointExtension>
            <ns3:hr>171</ns3:hr>
          </ns3:TrackPointExtension>
        </extensions>
      </trkpt>
      <trkpt lat="53.6306483857333660125732421875" lon="21.51423127390444278717041015625">
        <ele>131.399993896484375</ele>
        <time>2026-09-05T10:12:14.000Z</time>
        <extensions>
          <ns3:TrackPointExtension>
            <ns3:hr>171</ns3:hr>
          </ns3:TrackPointExtension>
        </extensions>
      </trkpt>
      <trkpt lat="53.63073664717376232147216796875" lon="21.51447527110576629638671875">
        <ele>131.600006103515625</ele>
        <time>2026-09-05T10:12:18.000Z</time>
        <extensions>
          <ns3:TrackPointExtension>
            <ns3:hr>170</ns3:hr>
          </ns3:TrackPointExtension>
        </extensions>
      </trkpt>
      <trkpt lat="53.6307586915791034698486328125" lon="21.5145434997975826263427734375">
        <ele>131.600006103515625</ele>
        <time>2026-09-05T10:12:19.000Z</time>
        <extensions>
          <ns3:TrackPointExtension>
            <ns3:hr>170</ns3:hr>
          </ns3:TrackPointExtension>
        </extensions>
      </trkpt>
      <trkpt lat="53.63080169074237346649169921875" lon="21.51468037627637386322021484375">
        <ele>131.8000030517578125</ele>
        <time>2026-09-05T10:12:21.000Z</time>
        <extensions>
          <ns3:TrackPointExtension>
            <ns3:hr>170</ns3:hr>
          </ns3:TrackPointExtension>
        </extensions>
      </trkpt>
      <trkpt lat="53.63093219697475433349609375" lon="21.515015065670013427734375">
        <ele>131.600006103515625</ele>
        <time>2026-09-05T10:12:26.000Z</time>
        <extensions>
          <ns3:TrackPointExtension>
            <ns3:hr>169</ns3:hr>
          </ns3:TrackPointExtension>
        </extensions>
      </trkpt>
      <trkpt lat="53.63098089583218097686767578125" lon="21.51520273648202419281005859375">
        <ele>132</ele>
        <time>2026-09-05T10:12:29.000Z</time>
        <extensions>
          <ns3:TrackPointExtension>
            <ns3:hr>169</ns3:hr>
          </ns3:TrackPointExtension>
        </extensions>
      </trkpt>
      <trkpt lat="53.6310104839503765106201171875" lon="21.5152874775230884552001953125">
        <ele>132</ele>
        <time>2026-09-05T10:12:30.000Z</time>
        <extensions>
          <ns3:TrackPointExtension>
            <ns3:hr>169</ns3:hr>
          </ns3:TrackPointExtension>
        </extensions>
      </trkpt>
      <trkpt lat="53.6310520581901073455810546875" lon="21.51541940867900848388671875">
        <ele>132</ele>
        <time>2026-09-05T10:12:32.000Z</time>
        <extensions>
          <ns3:TrackPointExtension>
            <ns3:hr>169</ns3:hr>
          </ns3:TrackPointExtension>
        </extensions>
      </trkpt>
      <trkpt lat="53.6310870945453643798828125" lon="21.51552828960120677947998046875">
        <ele>131.600006103515625</ele>
        <time>2026-09-05T10:12:34.000Z</time>
        <extensions>
          <ns3:TrackPointExtension>
            <ns3:hr>168</ns3:hr>
          </ns3:TrackPointExtension>
        </extensions>
      </trkpt>
      <trkpt lat="53.63113512285053730010986328125" lon="21.51566776446998119354248046875">
        <ele>131.600006103515625</ele>
        <time>2026-09-05T10:12:36.000Z</time>
        <extensions>
          <ns3:TrackPointExtension>
            <ns3:hr>168</ns3:hr>
          </ns3:TrackPointExtension>
        </extensions>
      </trkpt>
      <trkpt lat="53.63116194494068622589111328125" lon="21.51573054492473602294921875">
        <ele>131.399993896484375</ele>
        <time>2026-09-05T10:12:37.000Z</time>
        <extensions>
          <ns3:TrackPointExtension>
            <ns3:hr>168</ns3:hr>
          </ns3:TrackPointExtension>
        </extensions>
      </trkpt>
      <trkpt lat="53.6312079615890979766845703125" lon="21.51594000868499279022216796875">
        <ele>131.600006103515625</ele>
        <time>2026-09-05T10:12:40.000Z</time>
        <extensions>
          <ns3:TrackPointExtension>
            <ns3:hr>168</ns3:hr>
          </ns3:TrackPointExtension>
        </extensions>
      </trkpt>
      <trkpt lat="53.6313338577747344970703125" lon="21.5162212215363979339599609375">
        <ele>132</ele>
        <time>2026-09-05T10:12:44.000Z</time>
        <extensions>
          <ns3:TrackPointExtension>
            <ns3:hr>167</ns3:hr>
          </ns3:TrackPointExtension>
        </extensions>
      </trkpt>
      <trkpt lat="53.63139227963984012603759765625" lon="21.51631384156644344329833984375">
        <ele>132.1999969482421875</ele>
        <time>2026-09-05T10:12:47.000Z</time>
        <extensions>
          <ns3:TrackPointExtension>
            <ns3:hr>167</ns3:hr>
          </ns3:TrackPointExtension>
        </extensions>
      </trkpt>
      <trkpt lat="53.63142027519643306732177734375" lon="21.516365893185138702392578125">
        <ele>132.399993896484375</ele>
        <time>2026-09-05T10:12:49.000Z</time>
        <extensions>
          <ns3:TrackPointExtension>
            <ns3:hr>167</ns3:hr>
          </ns3:TrackPointExtension>
        </extensions>
      </trkpt>
      <trkpt lat="53.6315162479877471923828125" lon="21.51642900891602039337158203125">
        <ele>132.8000030517578125</ele>
        <time>2026-09-05T10:12:52.000Z</time>
        <extensions>
          <ns3:TrackPointExtension>
            <ns3:hr>168</ns3:hr>
          </ns3:TrackPointExtension>
        </extensions>
      </trkpt>
      <trkpt lat="53.63165513612329959869384765625" lon="21.51646655984222888946533203125">
        <ele>133</ele>
        <time>2026-09-05T10:12:55.000Z</time>
        <extensions>
          <ns3:TrackPointExtension>
            <ns3:hr>168</ns3:hr>
          </ns3:TrackPointExtension>
        </extensions>
      </trkpt>
      <trkpt lat="53.6317024938762187957763671875" lon="21.5164713375270366668701171875">
        <ele>133</ele>
        <time>2026-09-05T10:12:56.000Z</time>
        <extensions>
          <ns3:TrackPointExtension>
            <ns3:hr>168</ns3:hr>
          </ns3:TrackPointExtension>
        </extensions>
      </trkpt>
      <trkpt lat="53.63186568953096866607666015625" lon="21.516483910381793975830078125">
        <ele>132.399993896484375</ele>
        <time>2026-09-05T10:12:59.000Z</time>
        <extensions>
          <ns3:TrackPointExtension>
            <ns3:hr>169</ns3:hr>
          </ns3:TrackPointExtension>
        </extensions>
      </trkpt>
      <trkpt lat="53.6319212615489959716796875" lon="21.51648784987628459930419921875">
        <ele>132.1999969482421875</ele>
        <time>2026-09-05T10:13:00.000Z</time>
        <extensions>
          <ns3:TrackPointExtension>
            <ns3:hr>170</ns3:hr>
          </ns3:TrackPointExtension>
        </extensions>
      </trkpt>
      <trkpt lat="53.63199359737336635589599609375" lon="21.51648298837244510650634765625">
        <ele>132.1999969482421875</ele>
        <time>2026-09-05T10:13:01.000Z</time>
        <extensions>
          <ns3:TrackPointExtension>
            <ns3:hr>169</ns3:hr>
          </ns3:TrackPointExtension>
        </extensions>
      </trkpt>
      <trkpt lat="53.632115386426448822021484375" lon="21.51650629006326198577880859375">
        <ele>132.399993896484375</ele>
        <time>2026-09-05T10:13:03.000Z</time>
        <extensions>
          <ns3:TrackPointExtension>
            <ns3:hr>170</ns3:hr>
          </ns3:TrackPointExtension>
        </extensions>
      </trkpt>
      <trkpt lat="53.6321628279983997344970703125" lon="21.516521461308002471923828125">
        <ele>132.600006103515625</ele>
        <time>2026-09-05T10:13:04.000Z</time>
        <extensions>
          <ns3:TrackPointExtension>
            <ns3:hr>169</ns3:hr>
          </ns3:TrackPointExtension>
        </extensions>
      </trkpt>
      <trkpt lat="53.6322820186614990234375" lon="21.51655758731067180633544921875">
        <ele>132.8000030517578125</ele>
        <time>2026-09-05T10:13:06.000Z</time>
        <extensions>
          <ns3:TrackPointExtension>
            <ns3:hr>170</ns3:hr>
          </ns3:TrackPointExtension>
        </extensions>
      </trkpt>
      <trkpt lat="53.632370196282863616943359375" lon="21.5165828168392181396484375">
        <ele>132.600006103515625</ele>
        <time>2026-09-05T10:13:08.000Z</time>
        <extensions>
          <ns3:TrackPointExtension>
            <ns3:hr>170</ns3:hr>
          </ns3:TrackPointExtension>
        </extensions>
      </trkpt>
      <trkpt lat="53.63256909884512424468994140625" lon="21.5166684798896312713623046875">
        <ele>132</ele>
        <time>2026-09-05T10:13:13.000Z</time>
        <extensions>
          <ns3:TrackPointExtension>
            <ns3:hr>171</ns3:hr>
          </ns3:TrackPointExtension>
        </extensions>
      </trkpt>
      <trkpt lat="53.63275685347616672515869140625" lon="21.51671131141483783721923828125">
        <ele>132</ele>
        <time>2026-09-05T10:13:16.000Z</time>
        <extensions>
          <ns3:TrackPointExtension>
            <ns3:hr>171</ns3:hr>
          </ns3:TrackPointExtension>
        </extensions>
      </trkpt>
      <trkpt lat="53.63281720317900180816650390625" lon="21.516725309193134307861328125">
        <ele>132</ele>
        <time>2026-09-05T10:13:17.000Z</time>
        <extensions>
          <ns3:TrackPointExtension>
            <ns3:hr>171</ns3:hr>
          </ns3:TrackPointExtension>
        </extensions>
      </trkpt>
      <trkpt lat="53.63300395198166370391845703125" lon="21.51676721870899200439453125">
        <ele>132.1999969482421875</ele>
        <time>2026-09-05T10:13:21.000Z</time>
        <extensions>
          <ns3:TrackPointExtension>
            <ns3:hr>170</ns3:hr>
          </ns3:TrackPointExtension>
        </extensions>
      </trkpt>
      <trkpt lat="53.6330606974661350250244140625" lon="21.5167737565934658050537109375">
        <ele>132.1999969482421875</ele>
        <time>2026-09-05T10:13:22.000Z</time>
        <extensions>
          <ns3:TrackPointExtension>
            <ns3:hr>170</ns3:hr>
          </ns3:TrackPointExtension>
        </extensions>
      </trkpt>
      <trkpt lat="53.6331019364297389984130859375" lon="21.51677216403186321258544921875">
        <ele>132.1999969482421875</ele>
        <time>2026-09-05T10:13:23.000Z</time>
        <extensions>
          <ns3:TrackPointExtension>
            <ns3:hr>170</ns3:hr>
          </ns3:TrackPointExtension>
        </extensions>
      </trkpt>
      <trkpt lat="53.633288182318210601806640625" lon="21.51682714931666851043701171875">
        <ele>132.1999969482421875</ele>
        <time>2026-09-05T10:13:27.000Z</time>
        <extensions>
          <ns3:TrackPointExtension>
            <ns3:hr>170</ns3:hr>
          </ns3:TrackPointExtension>
        </extensions>
      </trkpt>
      <trkpt lat="53.6333393119275569915771484375" lon="21.51683620177209377288818359375">
        <ele>132.1999969482421875</ele>
        <time>2026-09-05T10:13:28.000Z</time>
        <extensions>
          <ns3:TrackPointExtension>
            <ns3:hr>169</ns3:hr>
          </ns3:TrackPointExtension>
        </extensions>
      </trkpt>
      <trkpt lat="53.63342396914958953857421875" lon="21.51686436496675014495849609375">
        <ele>132.399993896484375</ele>
        <time>2026-09-05T10:13:30.000Z</time>
        <extensions>
          <ns3:TrackPointExtension>
            <ns3:hr>170</ns3:hr>
          </ns3:TrackPointExtension>
        </extensions>
      </trkpt>
      <trkpt lat="53.633554391562938690185546875" lon="21.51689604856073856353759765625">
        <ele>132.1999969482421875</ele>
        <time>2026-09-05T10:13:33.000Z</time>
        <extensions>
          <ns3:TrackPointExtension>
            <ns3:hr>169</ns3:hr>
          </ns3:TrackPointExtension>
        </extensions>
      </trkpt>
      <trkpt lat="53.633663021028041839599609375" lon="21.51692035607993602752685546875">
        <ele>132.1999969482421875</ele>
        <time>2026-09-05T10:13:36.000Z</time>
        <extensions>
          <ns3:TrackPointExtension>
            <ns3:hr>169</ns3:hr>
          </ns3:TrackPointExtension>
        </extensions>
      </trkpt>
      <trkpt lat="53.63371155224740505218505859375" lon="21.516930162906646728515625">
        <ele>132.399993896484375</ele>
        <time>2026-09-05T10:13:37.000Z</time>
        <extensions>
          <ns3:TrackPointExtension>
            <ns3:hr>169</ns3:hr>
          </ns3:TrackPointExtension>
        </extensions>
      </trkpt>
      <trkpt lat="53.63381230272352695465087890625" lon="21.51694633997976779937744140625">
        <ele>132.399993896484375</ele>
        <time>2026-09-05T10:13:39.000Z</time>
        <extensions>
          <ns3:TrackPointExtension>
            <ns3:hr>169</ns3:hr>
          </ns3:TrackPointExtension>
        </extensions>
      </trkpt>
      <trkpt lat="53.63387030549347400665283203125" lon="21.51695187203586101531982421875">
        <ele>132.399993896484375</ele>
        <time>2026-09-05T10:13:40.000Z</time>
        <extensions>
          <ns3:TrackPointExtension>
            <ns3:hr>169</ns3:hr>
          </ns3:TrackPointExtension>
        </extensions>
      </trkpt>
      <trkpt lat="53.63394557498395442962646484375" lon="21.51697668246924877166748046875">
        <ele>132.8000030517578125</ele>
        <time>2026-09-05T10:13:42.000Z</time>
        <extensions>
          <ns3:TrackPointExtension>
            <ns3:hr>170</ns3:hr>
          </ns3:TrackPointExtension>
        </extensions>
      </trkpt>
      <trkpt lat="53.63405638374388217926025390625" lon="21.5170171670615673065185546875">
        <ele>133.1999969482421875</ele>
        <time>2026-09-05T10:13:45.000Z</time>
        <extensions>
          <ns3:TrackPointExtension>
            <ns3:hr>169</ns3:hr>
          </ns3:TrackPointExtension>
        </extensions>
      </trkpt>
      <trkpt lat="53.63420977257192134857177734375" lon="21.51707567274570465087890625">
        <ele>132.8000030517578125</ele>
        <time>2026-09-05T10:13:49.000Z</time>
        <extensions>
          <ns3:TrackPointExtension>
            <ns3:hr>170</ns3:hr>
          </ns3:TrackPointExtension>
        </extensions>
      </trkpt>
      <trkpt lat="53.63432653248310089111328125" lon="21.51707676239311695098876953125">
        <ele>132.600006103515625</ele>
        <time>2026-09-05T10:13:52.000Z</time>
        <extensions>
          <ns3:TrackPointExtension>
            <ns3:hr>170</ns3:hr>
          </ns3:TrackPointExtension>
        </extensions>
      </trkpt>
      <trkpt lat="53.63435880281031131744384765625" lon="21.51707299053668975830078125">
        <ele>132.600006103515625</ele>
        <time>2026-09-05T10:13:53.000Z</time>
        <extensions>
          <ns3:TrackPointExtension>
            <ns3:hr>169</ns3:hr>
          </ns3:TrackPointExtension>
        </extensions>
      </trkpt>
      <trkpt lat="53.63439735956490039825439453125" lon="21.51708363555371761322021484375">
        <ele>132.600006103515625</ele>
        <time>2026-09-05T10:13:54.000Z</time>
        <extensions>
          <ns3:TrackPointExtension>
            <ns3:hr>170</ns3:hr>
          </ns3:TrackPointExtension>
        </extensions>
      </trkpt>
      <trkpt lat="53.6344988644123077392578125" lon="21.517107188701629638671875">
        <ele>132.600006103515625</ele>
        <time>2026-09-05T10:13:57.000Z</time>
        <extensions>
          <ns3:TrackPointExtension>
            <ns3:hr>170</ns3:hr>
          </ns3:TrackPointExtension>
        </extensions>
      </trkpt>
      <trkpt lat="53.63460975699126720428466796875" lon="21.51716376654803752899169921875">
        <ele>132.399993896484375</ele>
        <time>2026-09-05T10:14:00.000Z</time>
        <extensions>
          <ns3:TrackPointExtension>
            <ns3:hr>170</ns3:hr>
          </ns3:TrackPointExtension>
        </extensions>
      </trkpt>
      <trkpt lat="53.6347092501819133758544921875" lon="21.51719796471297740936279296875">
        <ele>132.399993896484375</ele>
        <time>2026-09-05T10:14:03.000Z</time>
        <extensions>
          <ns3:TrackPointExtension>
            <ns3:hr>170</ns3:hr>
          </ns3:TrackPointExtension>
        </extensions>
      </trkpt>
      <trkpt lat="53.6348078213632106781005859375" lon="21.5172166563570499420166015625">
        <ele>132.8000030517578125</ele>
        <time>2026-09-05T10:14:06.000Z</time>
        <extensions>
          <ns3:TrackPointExtension>
            <ns3:hr>170</ns3:hr>
          </ns3:TrackPointExtension>
        </extensions>
      </trkpt>
      <trkpt lat="53.63494117744266986846923828125" lon="21.5172605775296688079833984375">
        <ele>133.399993896484375</ele>
        <time>2026-09-05T10:14:10.000Z</time>
        <extensions>
          <ns3:TrackPointExtension>
            <ns3:hr>170</ns3:hr>
          </ns3:TrackPointExtension>
        </extensions>
      </trkpt>
      <trkpt lat="53.6350321210920810699462890625" lon="21.51729905046522617340087890625">
        <ele>133.600006103515625</ele>
        <time>2026-09-05T10:14:15.000Z</time>
        <extensions>
          <ns3:TrackPointExtension>
            <ns3:hr>168</ns3:hr>
          </ns3:TrackPointExtension>
        </extensions>
      </trkpt>
      <trkpt lat="53.635067827999591827392578125" lon="21.51732511818408966064453125">
        <ele>134</ele>
        <time>2026-09-05T10:14:19.000Z</time>
        <extensions>
          <ns3:TrackPointExtension>
            <ns3:hr>167</ns3:hr>
          </ns3:TrackPointExtension>
        </extensions>
      </trkpt>
      <trkpt lat="53.635097332298755645751953125" lon="21.5173137187957763671875">
        <ele>133.600006103515625</ele>
        <time>2026-09-05T10:14:24.000Z</time>
        <extensions>
          <ns3:TrackPointExtension>
            <ns3:hr>165</ns3:hr>
          </ns3:TrackPointExtension>
        </extensions>
      </trkpt>
      <trkpt lat="53.6351345479488372802734375" lon="21.51728983037173748016357421875">
        <ele>133.1999969482421875</ele>
        <time>2026-09-05T10:14:29.000Z</time>
        <extensions>
          <ns3:TrackPointExtension>
            <ns3:hr>164</ns3:hr>
          </ns3:TrackPointExtension>
        </extensions>
      </trkpt>
      <trkpt lat="53.635138906538486480712890625" lon="21.51727910153567790985107421875">
        <ele>133.1999969482421875</ele>
        <time>2026-09-05T10:14:30.000Z</time>
        <extensions>
          <ns3:TrackPointExtension>
            <ns3:hr>163</ns3:hr>
          </ns3:TrackPointExtension>
        </extensions>
      </trkpt>
      <trkpt lat="53.635138571262359619140625" lon="21.51728563942015171051025390625">
        <ele>133.1999969482421875</ele>
        <time>2026-09-05T10:14:32.000Z</time>
        <extensions>
          <ns3:TrackPointExtension>
            <ns3:hr>162</ns3:hr>
          </ns3:TrackPointExtension>
        </extensions>
      </trkpt>
      <trkpt lat="53.63513312302529811859130859375" lon="21.51722931303083896636962890625">
        <ele>133.399993896484375</ele>
        <time>2026-09-05T10:14:37.000Z</time>
        <extensions>
          <ns3:TrackPointExtension>
            <ns3:hr>159</ns3:hr>
          </ns3:TrackPointExtension>
        </extensions>
      </trkpt>
      <trkpt lat="53.63512038253247737884521484375" lon="21.51721824891865253448486328125">
        <ele>133.600006103515625</ele>
        <time>2026-09-05T10:14:39.000Z</time>
        <extensions>
          <ns3:TrackPointExtension>
            <ns3:hr>159</ns3:hr>
          </ns3:TrackPointExtension>
        </extensions>
      </trkpt>
      <trkpt lat="53.63511669449508190155029296875" lon="21.51720441877841949462890625">
        <ele>133.399993896484375</ele>
        <time>2026-09-05T10:14:41.000Z</time>
        <extensions>
          <ns3:TrackPointExtension>
            <ns3:hr>160</ns3:hr>
          </ns3:TrackPointExtension>
        </extensions>
      </trkpt>
      <trkpt lat="53.63512742333114147186279296875" lon="21.51716887950897216796875">
        <ele>133.1999969482421875</ele>
        <time>2026-09-05T10:14:46.000Z</time>
        <extensions>
          <ns3:TrackPointExtension>
            <ns3:hr>159</ns3:hr>
          </ns3:TrackPointExtension>
        </extensions>
      </trkpt>
      <trkpt lat="53.63512205891311168670654296875" lon="21.51716410182416439056396484375">
        <ele>133.1999969482421875</ele>
        <time>2026-09-05T10:14:50.000Z</time>
        <extensions>
          <ns3:TrackPointExtension>
            <ns3:hr>158</ns3:hr>
          </ns3:TrackPointExtension>
        </extensions>
      </trkpt>
      <trkpt lat="53.63507344387471675872802734375" lon="21.51719260029494762420654296875">
        <ele>132.8000030517578125</ele>
        <time>2026-09-05T10:14:56.000Z</time>
        <extensions>
          <ns3:TrackPointExtension>
            <ns3:hr>156</ns3:hr>
          </ns3:TrackPointExtension>
        </extensions>
      </trkpt>
      <trkpt lat="53.6350690014660358428955078125" lon="21.5172096155583858489990234375">
        <ele>132.399993896484375</ele>
        <time>2026-09-05T10:14:58.000Z</time>
        <extensions>
          <ns3:TrackPointExtension>
            <ns3:hr>155</ns3:hr>
          </ns3:TrackPointExtension>
        </extensions>
      </trkpt>
      <trkpt lat="53.63507512025535106658935546875" lon="21.51720819063484668731689453125">
        <ele>132.1999969482421875</ele>
        <time>2026-09-05T10:15:02.000Z</time>
        <extensions>
          <ns3:TrackPointExtension>
            <ns3:hr>154</ns3:hr>
          </ns3:TrackPointExtension>
        </extensions>
      </trkpt>
      <trkpt lat="53.63508584909141063690185546875" lon="21.51722378097474575042724609375">
        <ele>132.1999969482421875</ele>
        <time>2026-09-05T10:15:07.000Z</time>
        <extensions>
          <ns3:TrackPointExtension>
            <ns3:hr>154</ns3:hr>
          </ns3:TrackPointExtension>
        </extensions>
      </trkpt>
      <trkpt lat="53.63508216105401515960693359375" lon="21.5172024071216583251953125">
        <ele>132.1999969482421875</ele>
        <time>2026-09-05T10:15:13.000Z</time>
        <extensions>
          <ns3:TrackPointExtension>
            <ns3:hr>153</ns3:hr>
          </ns3:TrackPointExtension>
        </extensions>
      </trkpt>
      <trkpt lat="53.6350877769291400909423828125" lon="21.5171884931623935699462890625">
        <ele>132.1999969482421875</ele>
        <time>2026-09-05T10:15:14.000Z</time>
        <extensions>
          <ns3:TrackPointExtension>
            <ns3:hr>153</ns3:hr>
          </ns3:TrackPointExtension>
        </extensions>
      </trkpt>
      <trkpt lat="53.63508434034883975982666015625" lon="21.51721472851932048797607421875">
        <ele>132.1999969482421875</ele>
        <time>2026-09-05T10:15:18.000Z</time>
        <extensions>
          <ns3:TrackPointExtension>
            <ns3:hr>151</ns3:hr>
          </ns3:TrackPointExtension>
        </extensions>
      </trkpt>
      <trkpt lat="53.63509506918489933013916015625" lon="21.51725362055003643035888671875">
        <ele>132.399993896484375</ele>
        <time>2026-09-05T10:15:23.000Z</time>
        <extensions>
          <ns3:TrackPointExtension>
            <ns3:hr>153</ns3:hr>
          </ns3:TrackPointExtension>
        </extensions>
      </trkpt>
      <trkpt lat="53.6351166106760501861572265625" lon="21.51727256365120410919189453125">
        <ele>132.1999969482421875</ele>
        <time>2026-09-05T10:15:25.000Z</time>
        <extensions>
          <ns3:TrackPointExtension>
            <ns3:hr>153</ns3:hr>
          </ns3:TrackPointExtension>
        </extensions>
      </trkpt>
      <trkpt lat="53.63512457348406314849853515625" lon="21.51728832162916660308837890625">
        <ele>132</ele>
        <time>2026-09-05T10:15:27.000Z</time>
        <extensions>
          <ns3:TrackPointExtension>
            <ns3:hr>151</ns3:hr>
          </ns3:TrackPointExtension>
        </extensions>
      </trkpt>
      <trkpt lat="53.63516262732446193695068359375" lon="21.51729670353233814239501953125">
        <ele>132</ele>
        <time>2026-09-05T10:15:29.000Z</time>
        <extensions>
          <ns3:TrackPointExtension>
            <ns3:hr>147</ns3:hr>
          </ns3:TrackPointExtension>
        </extensions>
      </trkpt>
      <trkpt lat="53.6351769603788852691650390625" lon="21.51732034049928188323974609375">
        <ele>131.8000030517578125</ele>
        <time>2026-09-05T10:15:31.000Z</time>
        <extensions>
          <ns3:TrackPointExtension>
            <ns3:hr>144</ns3:hr>
          </ns3:TrackPointExtension>
        </extensions>
      </trkpt>
      <trkpt lat="53.635186851024627685546875" lon="21.517323441803455352783203125">
        <ele>131.8000030517578125</ele>
        <time>2026-09-05T10:15:32.000Z</time>
        <extensions>
          <ns3:TrackPointExtension>
            <ns3:hr>143</ns3:hr>
          </ns3:TrackPointExtension>
        </extensions>
      </trkpt>
      <trkpt lat="53.63519020378589630126953125" lon="21.51734397746622562408447265625">
        <ele>131.8000030517578125</ele>
        <time>2026-09-05T10:15:37.000Z</time>
        <extensions>
          <ns3:TrackPointExtension>
            <ns3:hr>145</ns3:hr>
          </ns3:TrackPointExtension>
        </extensions>
      </trkpt>
      <trkpt lat="53.63517352379858493804931640625" lon="21.517315395176410675048828125">
        <ele>132</ele>
        <time>2026-09-05T10:15:42.000Z</time>
        <extensions>
          <ns3:TrackPointExtension>
            <ns3:hr>143</ns3:hr>
          </ns3:TrackPointExtension>
        </extensions>
      </trkpt>
      <trkpt lat="53.6351598612964153289794921875" lon="21.51730324141681194305419921875">
        <ele>132.1999969482421875</ele>
        <time>2026-09-05T10:15:46.000Z</time>
        <extensions>
          <ns3:TrackPointExtension>
            <ns3:hr>142</ns3:hr>
          </ns3:TrackPointExtension>
        </extensions>
      </trkpt>
      <trkpt lat="53.63517587073147296905517578125" lon="21.517269797623157501220703125">
        <ele>132.1999969482421875</ele>
        <time>2026-09-05T10:15:49.000Z</time>
        <extensions>
          <ns3:TrackPointExtension>
            <ns3:hr>143</ns3:hr>
          </ns3:TrackPointExtension>
        </extensions>
      </trkpt>
      <trkpt lat="53.6351719312369823455810546875" lon="21.5172327496111392974853515625">
        <ele>132</ele>
        <time>2026-09-05T10:15:54.000Z</time>
        <extensions>
          <ns3:TrackPointExtension>
            <ns3:hr>140</ns3:hr>
          </ns3:TrackPointExtension>
        </extensions>
      </trkpt>
      <trkpt lat="53.63518542610108852386474609375" lon="21.517246663570404052734375">
        <ele>132</ele>
        <time>2026-09-05T10:15:56.000Z</time>
        <extensions>
          <ns3:TrackPointExtension>
            <ns3:hr>140</ns3:hr>
          </ns3:TrackPointExtension>
        </extensions>
      </trkpt>
      <trkpt lat="53.63519866950809955596923828125" lon="21.517238952219486236572265625">
        <ele>132</ele>
        <time>2026-09-05T10:16:00.000Z</time>
        <extensions>
          <ns3:TrackPointExtension>
            <ns3:hr>141</ns3:hr>
          </ns3:TrackPointExtension>
        </extensions>
      </trkpt>
      <trkpt lat="53.63520353101193904876708984375" lon="21.51722210459411144256591796875">
        <ele>131.600006103515625</ele>
        <time>2026-09-05T10:16:07.000Z</time>
        <extensions>
          <ns3:TrackPointExtension>
            <ns3:hr>139</ns3:hr>
          </ns3:TrackPointExtension>
        </extensions>
      </trkpt>
      <trkpt lat="53.6351883597671985626220703125" lon="21.5172511897981166839599609375">
        <ele>131.399993896484375</ele>
        <time>2026-09-05T10:16:10.000Z</time>
        <extensions>
          <ns3:TrackPointExtension>
            <ns3:hr>139</ns3:hr>
          </ns3:TrackPointExtension>
        </extensions>
      </trkpt>
      <trkpt lat="53.63518659956753253936767578125" lon="21.5172511897981166839599609375">
        <ele>131.399993896484375</ele>
        <time>2026-09-05T10:16:12.000Z</time>
        <extensions>
          <ns3:TrackPointExtension>
            <ns3:hr>139</ns3:hr>
          </ns3:TrackPointExtension>
        </extensions>
      </trkpt>
      <trkpt lat="53.63515307195484638214111328125" lon="21.5171985514461994171142578125">
        <ele>131.8000030517578125</ele>
        <time>2026-09-05T10:16:17.000Z</time>
        <extensions>
          <ns3:TrackPointExtension>
            <ns3:hr>136</ns3:hr>
          </ns3:TrackPointExtension>
        </extensions>
      </trkpt>
      <trkpt lat="53.63515692763030529022216796875" lon="21.517214812338352203369140625">
        <ele>131.8000030517578125</ele>
        <time>2026-09-05T10:16:19.000Z</time>
        <extensions>
          <ns3:TrackPointExtension>
            <ns3:hr>133</ns3:hr>
          </ns3:TrackPointExtension>
        </extensions>
      </trkpt>
      <trkpt lat="53.63515743054449558258056640625" lon="21.51720433495938777923583984375">
        <ele>131.8000030517578125</ele>
        <time>2026-09-05T10:16:21.000Z</time>
        <extensions>
          <ns3:TrackPointExtension>
            <ns3:hr>131</ns3:hr>
          </ns3:TrackPointExtension>
        </extensions>
      </trkpt>
      <trkpt lat="53.635270334780216217041015625" lon="21.51731531135737895965576171875">
        <ele>131.399993896484375</ele>
        <time>2026-09-05T10:16:45.000Z</time>
        <extensions>
          <ns3:TrackPointExtension>
            <ns3:hr>139</ns3:hr>
          </ns3:TrackPointExtension>
        </extensions>
      </trkpt>
      <trkpt lat="53.63527779467403888702392578125" lon="21.5173172391951084136962890625">
        <ele>131.399993896484375</ele>
        <time>2026-09-05T10:16:46.000Z</time>
        <extensions>
          <ns3:TrackPointExtension>
            <ns3:hr>139</ns3:hr>
          </ns3:TrackPointExtension>
        </extensions>
      </trkpt>
      <trkpt lat="53.6352886073291301727294921875" lon="21.51732201687991619110107421875">
        <ele>131.399993896484375</ele>
        <time>2026-09-05T10:16:47.000Z</time>
        <extensions>
          <ns3:TrackPointExtension>
            <ns3:hr>140</ns3:hr>
          </ns3:TrackPointExtension>
        </extensions>
      </trkpt>
      <trkpt lat="53.63531894981861114501953125" lon="21.5173353441059589385986328125">
        <ele>131.399993896484375</ele>
        <time>2026-09-05T10:16:52.000Z</time>
        <extensions>
          <ns3:TrackPointExtension>
            <ns3:hr>140</ns3:hr>
          </ns3:TrackPointExtension>
        </extensions>
      </trkpt>
      <trkpt lat="53.63532423041760921478271484375" lon="21.5173150599002838134765625">
        <ele>131.399993896484375</ele>
        <time>2026-09-05T10:16:55.000Z</time>
        <extensions>
          <ns3:TrackPointExtension>
            <ns3:hr>142</ns3:hr>
          </ns3:TrackPointExtension>
        </extensions>
      </trkpt>
      <trkpt lat="53.6353187821805477142333984375" lon="21.5172994695603847503662109375">
        <ele>131.399993896484375</ele>
        <time>2026-09-05T10:16:56.000Z</time>
        <extensions>
          <ns3:TrackPointExtension>
            <ns3:hr>143</ns3:hr>
          </ns3:TrackPointExtension>
        </extensions>
      </trkpt>
      <trkpt lat="53.63532439805567264556884765625" lon="21.51727541349828243255615234375">
        <ele>131.399993896484375</ele>
        <time>2026-09-05T10:16:57.000Z</time>
        <extensions>
          <ns3:TrackPointExtension>
            <ns3:hr>141</ns3:hr>
          </ns3:TrackPointExtension>
        </extensions>
      </trkpt>
      <trkpt lat="53.635336719453334808349609375" lon="21.5172706358134746551513671875">
        <ele>131.600006103515625</ele>
        <time>2026-09-05T10:17:00.000Z</time>
        <extensions>
          <ns3:TrackPointExtension>
            <ns3:hr>139</ns3:hr>
          </ns3:TrackPointExtension>
        </extensions>
      </trkpt>
      <trkpt lat="53.63534987904131412506103515625" lon="21.51728446595370769500732421875">
        <ele>131.600006103515625</ele>
        <time>2026-09-05T10:17:01.000Z</time>
        <extensions>
          <ns3:TrackPointExtension>
            <ns3:hr>139</ns3:hr>
          </ns3:TrackPointExtension>
        </extensions>
      </trkpt>
      <trkpt lat="53.63538868725299835205078125" lon="21.517291925847530364990234375">
        <ele>131.399993896484375</ele>
        <time>2026-09-05T10:17:03.000Z</time>
        <extensions>
          <ns3:TrackPointExtension>
            <ns3:hr>141</ns3:hr>
          </ns3:TrackPointExtension>
        </extensions>
      </trkpt>
      <trkpt lat="53.63543554209172725677490234375" lon="21.51729762554168701171875">
        <ele>131.399993896484375</ele>
        <time>2026-09-05T10:17:05.000Z</time>
        <extensions>
          <ns3:TrackPointExtension>
            <ns3:hr>144</ns3:hr>
          </ns3:TrackPointExtension>
        </extensions>
      </trkpt>
      <trkpt lat="53.6354579217731952667236328125" lon="21.51730424724519252777099609375">
        <ele>131.1999969482421875</ele>
        <time>2026-09-05T10:17:06.000Z</time>
        <extensions>
          <ns3:TrackPointExtension>
            <ns3:hr>144</ns3:hr>
          </ns3:TrackPointExtension>
        </extensions>
      </trkpt>
      <trkpt lat="53.6355435848236083984375" lon="21.51737716980278491973876953125">
        <ele>131.1999969482421875</ele>
        <time>2026-09-05T10:17:10.000Z</time>
        <extensions>
          <ns3:TrackPointExtension>
            <ns3:hr>144</ns3:hr>
          </ns3:TrackPointExtension>
        </extensions>
      </trkpt>
      <trkpt lat="53.6356165073812007904052734375" lon="21.51740751229226589202880859375">
        <ele>131</ele>
        <time>2026-09-05T10:17:13.000Z</time>
        <extensions>
          <ns3:TrackPointExtension>
            <ns3:hr>147</ns3:hr>
          </ns3:TrackPointExtension>
        </extensions>
      </trkpt>
      <trkpt lat="53.6356466822326183319091796875" lon="21.5174215100705623626708984375">
        <ele>131.1999969482421875</ele>
        <time>2026-09-05T10:17:14.000Z</time>
        <extensions>
          <ns3:TrackPointExtension>
            <ns3:hr>148</ns3:hr>
          </ns3:TrackPointExtension>
        </extensions>
      </trkpt>
      <trkpt lat="53.63579445518553256988525390625" lon="21.51747607626020908355712890625">
        <ele>131.1999969482421875</ele>
        <time>2026-09-05T10:17:19.000Z</time>
        <extensions>
          <ns3:TrackPointExtension>
            <ns3:hr>149</ns3:hr>
          </ns3:TrackPointExtension>
        </extensions>
      </trkpt>
      <trkpt lat="53.63584172911942005157470703125" lon="21.51750457473099231719970703125">
        <ele>131</ele>
        <time>2026-09-05T10:17:21.000Z</time>
        <extensions>
          <ns3:TrackPointExtension>
            <ns3:hr>149</ns3:hr>
          </ns3:TrackPointExtension>
        </extensions>
      </trkpt>
      <trkpt lat="53.635875172913074493408203125" lon="21.51751413010060787200927734375">
        <ele>131</ele>
        <time>2026-09-05T10:17:22.000Z</time>
        <extensions>
          <ns3:TrackPointExtension>
            <ns3:hr>149</ns3:hr>
          </ns3:TrackPointExtension>
        </extensions>
      </trkpt>
      <trkpt lat="53.63597550429403781890869140625" lon="21.51758420281112194061279296875">
        <ele>130.399993896484375</ele>
        <time>2026-09-05T10:17:26.000Z</time>
        <extensions>
          <ns3:TrackPointExtension>
            <ns3:hr>152</ns3:hr>
          </ns3:TrackPointExtension>
        </extensions>
      </trkpt>
      <trkpt lat="53.63603618927299976348876953125" lon="21.517652682960033416748046875">
        <ele>130.1999969482421875</ele>
        <time>2026-09-05T10:17:28.000Z</time>
        <extensions>
          <ns3:TrackPointExtension>
            <ns3:hr>152</ns3:hr>
          </ns3:TrackPointExtension>
        </extensions>
      </trkpt>
      <trkpt lat="53.6361043341457843780517578125" lon="21.51771613396704196929931640625">
        <ele>130.399993896484375</ele>
        <time>2026-09-05T10:17:30.000Z</time>
        <extensions>
          <ns3:TrackPointExtension>
            <ns3:hr>153</ns3:hr>
          </ns3:TrackPointExtension>
        </extensions>
      </trkpt>
      <trkpt lat="53.636225871741771697998046875" lon="21.517880670726299285888671875">
        <ele>130.399993896484375</ele>
        <time>2026-09-05T10:17:34.000Z</time>
        <extensions>
          <ns3:TrackPointExtension>
            <ns3:hr>153</ns3:hr>
          </ns3:TrackPointExtension>
        </extensions>
      </trkpt>
      <trkpt lat="53.63632905296981334686279296875" lon="21.518034227192401885986328125">
        <ele>130.600006103515625</ele>
        <time>2026-09-05T10:17:38.000Z</time>
        <extensions>
          <ns3:TrackPointExtension>
            <ns3:hr>155</ns3:hr>
          </ns3:TrackPointExtension>
        </extensions>
      </trkpt>
      <trkpt lat="53.63645461387932300567626953125" lon="21.51819893158972263336181640625">
        <ele>131.1999969482421875</ele>
        <time>2026-09-05T10:17:43.000Z</time>
        <extensions>
          <ns3:TrackPointExtension>
            <ns3:hr>155</ns3:hr>
          </ns3:TrackPointExtension>
        </extensions>
      </trkpt>
      <trkpt lat="53.63656190223991870880126953125" lon="21.51835215277969837188720703125">
        <ele>131.600006103515625</ele>
        <time>2026-09-05T10:17:47.000Z</time>
        <extensions>
          <ns3:TrackPointExtension>
            <ns3:hr>157</ns3:hr>
          </ns3:TrackPointExtension>
        </extensions>
      </trkpt>
      <trkpt lat="53.63672300241887569427490234375" lon="21.518547534942626953125">
        <ele>131.399993896484375</ele>
        <time>2026-09-05T10:17:52.000Z</time>
        <extensions>
          <ns3:TrackPointExtension>
            <ns3:hr>158</ns3:hr>
          </ns3:TrackPointExtension>
        </extensions>
      </trkpt>
      <trkpt lat="53.63687328994274139404296875" lon="21.518719531595706939697265625">
        <ele>131.1999969482421875</ele>
        <time>2026-09-05T10:17:58.000Z</time>
        <extensions>
          <ns3:TrackPointExtension>
            <ns3:hr>159</ns3:hr>
          </ns3:TrackPointExtension>
        </extensions>
      </trkpt>
      <trkpt lat="53.63697647117078304290771484375" lon="21.51880729012191295623779296875">
        <ele>130.600006103515625</ele>
        <time>2026-09-05T10:18:01.000Z</time>
        <extensions>
          <ns3:TrackPointExtension>
            <ns3:hr>160</ns3:hr>
          </ns3:TrackPointExtension>
        </extensions>
      </trkpt>
      <trkpt lat="53.63701368682086467742919921875" lon="21.51885020546615123748779296875">
        <ele>130.600006103515625</ele>
        <time>2026-09-05T10:18:02.000Z</time>
        <extensions>
          <ns3:TrackPointExtension>
            <ns3:hr>161</ns3:hr>
          </ns3:TrackPointExtension>
        </extensions>
      </trkpt>
      <trkpt lat="53.63716791383922100067138671875" lon="21.51896604336798191070556640625">
        <ele>130</ele>
        <time>2026-09-05T10:18:06.000Z</time>
        <extensions>
          <ns3:TrackPointExtension>
            <ns3:hr>160</ns3:hr>
          </ns3:TrackPointExtension>
        </extensions>
      </trkpt>
      <trkpt lat="53.63733186386525630950927734375" lon="21.51900418102741241455078125">
        <ele>129.600006103515625</ele>
        <time>2026-09-05T10:18:09.000Z</time>
        <extensions>
          <ns3:TrackPointExtension>
            <ns3:hr>160</ns3:hr>
          </ns3:TrackPointExtension>
        </extensions>
      </trkpt>
      <trkpt lat="53.63740009255707263946533203125" lon="21.5190103836357593536376953125">
        <ele>129.600006103515625</ele>
        <time>2026-09-05T10:18:10.000Z</time>
        <extensions>
          <ns3:TrackPointExtension>
            <ns3:hr>161</ns3:hr>
          </ns3:TrackPointExtension>
        </extensions>
      </trkpt>
      <trkpt lat="53.6374546587467193603515625" lon="21.519020609557628631591796875">
        <ele>129.8000030517578125</ele>
        <time>2026-09-05T10:18:11.000Z</time>
        <extensions>
          <ns3:TrackPointExtension>
            <ns3:hr>160</ns3:hr>
          </ns3:TrackPointExtension>
        </extensions>
      </trkpt>
      <trkpt lat="53.637569658458232879638671875" lon="21.5190150775015354156494140625">
        <ele>129.8000030517578125</ele>
        <time>2026-09-05T10:18:13.000Z</time>
        <extensions>
          <ns3:TrackPointExtension>
            <ns3:hr>159</ns3:hr>
          </ns3:TrackPointExtension>
        </extensions>
      </trkpt>
      <trkpt lat="53.63767485134303569793701171875" lon="21.5189983136951923370361328125">
        <ele>129.8000030517578125</ele>
        <time>2026-09-05T10:18:15.000Z</time>
        <extensions>
          <ns3:TrackPointExtension>
            <ns3:hr>159</ns3:hr>
          </ns3:TrackPointExtension>
        </extensions>
      </trkpt>
      <trkpt lat="53.63772816024720668792724609375" lon="21.51899102143943309783935546875">
        <ele>129.399993896484375</ele>
        <time>2026-09-05T10:18:16.000Z</time>
        <extensions>
          <ns3:TrackPointExtension>
            <ns3:hr>160</ns3:hr>
          </ns3:TrackPointExtension>
        </extensions>
      </trkpt>
      <trkpt lat="53.637776859104633331298828125" lon="21.5189818851649761199951171875">
        <ele>129.399993896484375</ele>
        <time>2026-09-05T10:18:17.000Z</time>
        <extensions>
          <ns3:TrackPointExtension>
            <ns3:hr>160</ns3:hr>
          </ns3:TrackPointExtension>
        </extensions>
      </trkpt>
      <trkpt lat="53.63795983605086803436279296875" lon="21.51897241361439228057861328125">
        <ele>130.399993896484375</ele>
        <time>2026-09-05T10:18:21.000Z</time>
        <extensions>
          <ns3:TrackPointExtension>
            <ns3:hr>160</ns3:hr>
          </ns3:TrackPointExtension>
        </extensions>
      </trkpt>
      <trkpt lat="53.6379979737102985382080078125" lon="21.51895992457866668701171875">
        <ele>130.600006103515625</ele>
        <time>2026-09-05T10:18:22.000Z</time>
        <extensions>
          <ns3:TrackPointExtension>
            <ns3:hr>160</ns3:hr>
          </ns3:TrackPointExtension>
        </extensions>
      </trkpt>
      <trkpt lat="53.6380599997937679290771484375" lon="21.51895665563642978668212890625">
        <ele>131</ele>
        <time>2026-09-05T10:18:24.000Z</time>
        <extensions>
          <ns3:TrackPointExtension>
            <ns3:hr>161</ns3:hr>
          </ns3:TrackPointExtension>
        </extensions>
      </trkpt>
      <trkpt lat="53.6381367780268192291259765625" lon="21.51895858347415924072265625">
        <ele>131.399993896484375</ele>
        <time>2026-09-05T10:18:27.000Z</time>
        <extensions>
          <ns3:TrackPointExtension>
            <ns3:hr>161</ns3:hr>
          </ns3:TrackPointExtension>
        </extensions>
      </trkpt>
      <trkpt lat="53.63817189820110797882080078125" lon="21.51895967312157154083251953125">
        <ele>131.399993896484375</ele>
        <time>2026-09-05T10:18:28.000Z</time>
        <extensions>
          <ns3:TrackPointExtension>
            <ns3:hr>161</ns3:hr>
          </ns3:TrackPointExtension>
        </extensions>
      </trkpt>
      <trkpt lat="53.63823023624718189239501953125" lon="21.51898783631622791290283203125">
        <ele>131.600006103515625</ele>
        <time>2026-09-05T10:18:30.000Z</time>
        <extensions>
          <ns3:TrackPointExtension>
            <ns3:hr>161</ns3:hr>
          </ns3:TrackPointExtension>
        </extensions>
      </trkpt>
      <trkpt lat="53.6383563838899135589599609375" lon="21.51907869614660739898681640625">
        <ele>131.8000030517578125</ele>
        <time>2026-09-05T10:18:34.000Z</time>
        <extensions>
          <ns3:TrackPointExtension>
            <ns3:hr>160</ns3:hr>
          </ns3:TrackPointExtension>
        </extensions>
      </trkpt>
      <trkpt lat="53.63838873803615570068359375" lon="21.519099734723567962646484375">
        <ele>131.8000030517578125</ele>
        <time>2026-09-05T10:18:35.000Z</time>
        <extensions>
          <ns3:TrackPointExtension>
            <ns3:hr>161</ns3:hr>
          </ns3:TrackPointExtension>
        </extensions>
      </trkpt>
      <trkpt lat="53.63848001696169376373291015625" lon="21.51918313466012477874755859375">
        <ele>132</ele>
        <time>2026-09-05T10:18:38.000Z</time>
        <extensions>
          <ns3:TrackPointExtension>
            <ns3:hr>160</ns3:hr>
          </ns3:TrackPointExtension>
        </extensions>
      </trkpt>
      <trkpt lat="53.6385568790137767791748046875" lon="21.51929494924843311309814453125">
        <ele>131.600006103515625</ele>
        <time>2026-09-05T10:18:41.000Z</time>
        <extensions>
          <ns3:TrackPointExtension>
            <ns3:hr>161</ns3:hr>
          </ns3:TrackPointExtension>
        </extensions>
      </trkpt>
      <trkpt lat="53.63870699889957904815673828125" lon="21.5194710530340671539306640625">
        <ele>131.8000030517578125</ele>
        <time>2026-09-05T10:18:46.000Z</time>
        <extensions>
          <ns3:TrackPointExtension>
            <ns3:hr>164</ns3:hr>
          </ns3:TrackPointExtension>
        </extensions>
      </trkpt>
      <trkpt lat="53.6388301290571689605712890625" lon="21.51962888427078723907470703125">
        <ele>131.8000030517578125</ele>
        <time>2026-09-05T10:18:51.000Z</time>
        <extensions>
          <ns3:TrackPointExtension>
            <ns3:hr>164</ns3:hr>
          </ns3:TrackPointExtension>
        </extensions>
      </trkpt>
      <trkpt lat="53.638963066041469573974609375" lon="21.51975410990417003631591796875">
        <ele>131.8000030517578125</ele>
        <time>2026-09-05T10:18:55.000Z</time>
        <extensions>
          <ns3:TrackPointExtension>
            <ns3:hr>164</ns3:hr>
          </ns3:TrackPointExtension>
        </extensions>
      </trkpt>
      <trkpt lat="53.63910446874797344207763671875" lon="21.51988822035491466522216796875">
        <ele>131.399993896484375</ele>
        <time>2026-09-05T10:18:59.000Z</time>
        <extensions>
          <ns3:TrackPointExtension>
            <ns3:hr>164</ns3:hr>
          </ns3:TrackPointExtension>
        </extensions>
      </trkpt>
      <trkpt lat="53.63916398026049137115478515625" lon="21.51996198110282421112060546875">
        <ele>131.1999969482421875</ele>
        <time>2026-09-05T10:19:01.000Z</time>
        <extensions>
          <ns3:TrackPointExtension>
            <ns3:hr>165</ns3:hr>
          </ns3:TrackPointExtension>
        </extensions>
      </trkpt>
      <trkpt lat="53.63922248594462871551513671875" lon="21.520041190087795257568359375">
        <ele>130.8000030517578125</ele>
        <time>2026-09-05T10:19:03.000Z</time>
        <extensions>
          <ns3:TrackPointExtension>
            <ns3:hr>165</ns3:hr>
          </ns3:TrackPointExtension>
        </extensions>
      </trkpt>
      <trkpt lat="53.6393488012254238128662109375" lon="21.52029256336390972137451171875">
        <ele>130.600006103515625</ele>
        <time>2026-09-05T10:19:08.000Z</time>
        <extensions>
          <ns3:TrackPointExtension>
            <ns3:hr>165</ns3:hr>
          </ns3:TrackPointExtension>
        </extensions>
      </trkpt>
      <trkpt lat="53.63939783535897731781005859375" lon="21.52046858333051204681396484375">
        <ele>130.600006103515625</ele>
        <time>2026-09-05T10:19:11.000Z</time>
        <extensions>
          <ns3:TrackPointExtension>
            <ns3:hr>164</ns3:hr>
          </ns3:TrackPointExtension>
        </extensions>
      </trkpt>
      <trkpt lat="53.639459274709224700927734375" lon="21.5206465311348438262939453125">
        <ele>130.8000030517578125</ele>
        <time>2026-09-05T10:19:14.000Z</time>
        <extensions>
          <ns3:TrackPointExtension>
            <ns3:hr>161</ns3:hr>
          </ns3:TrackPointExtension>
        </extensions>
      </trkpt>
      <trkpt lat="53.63948752172291278839111328125" lon="21.520853228867053985595703125">
        <ele>131</ele>
        <time>2026-09-05T10:19:17.000Z</time>
        <extensions>
          <ns3:TrackPointExtension>
            <ns3:hr>158</ns3:hr>
          </ns3:TrackPointExtension>
        </extensions>
      </trkpt>
      <trkpt lat="53.6394795589148998260498046875" lon="21.52106269262731075286865234375">
        <ele>131.399993896484375</ele>
        <time>2026-09-05T10:19:20.000Z</time>
        <extensions>
          <ns3:TrackPointExtension>
            <ns3:hr>156</ns3:hr>
          </ns3:TrackPointExtension>
        </extensions>
      </trkpt>
      <trkpt lat="53.63948198966681957244873046875" lon="21.52126788161695003509521484375">
        <ele>131.600006103515625</ele>
        <time>2026-09-05T10:19:23.000Z</time>
        <extensions>
          <ns3:TrackPointExtension>
            <ns3:hr>157</ns3:hr>
          </ns3:TrackPointExtension>
        </extensions>
      </trkpt>
      <trkpt lat="53.6395010165870189666748046875" lon="21.52145194821059703826904296875">
        <ele>131.8000030517578125</ele>
        <time>2026-09-05T10:19:26.000Z</time>
        <extensions>
          <ns3:TrackPointExtension>
            <ns3:hr>157</ns3:hr>
          </ns3:TrackPointExtension>
        </extensions>
      </trkpt>
      <trkpt lat="53.63950076512992382049560546875" lon="21.5215678699314594268798828125">
        <ele>131.8000030517578125</ele>
        <time>2026-09-05T10:19:28.000Z</time>
        <extensions>
          <ns3:TrackPointExtension>
            <ns3:hr>157</ns3:hr>
          </ns3:TrackPointExtension>
        </extensions>
      </trkpt>
      <trkpt lat="53.63950730301439762115478515625" lon="21.52162679471075534820556640625">
        <ele>131.8000030517578125</ele>
        <time>2026-09-05T10:19:29.000Z</time>
        <extensions>
          <ns3:TrackPointExtension>
            <ns3:hr>156</ns3:hr>
          </ns3:TrackPointExtension>
        </extensions>
      </trkpt>
      <trkpt lat="53.6395117454230785369873046875" lon="21.52188948355615139007568359375">
        <ele>131.8000030517578125</ele>
        <time>2026-09-05T10:19:33.000Z</time>
        <extensions>
          <ns3:TrackPointExtension>
            <ns3:hr>156</ns3:hr>
          </ns3:TrackPointExtension>
        </extensions>
      </trkpt>
      <trkpt lat="53.63951685838401317596435546875" lon="21.5219527669250965118408203125">
        <ele>131.8000030517578125</ele>
        <time>2026-09-05T10:19:34.000Z</time>
        <extensions>
          <ns3:TrackPointExtension>
            <ns3:hr>157</ns3:hr>
          </ns3:TrackPointExtension>
        </extensions>
      </trkpt>
      <trkpt lat="53.63953395746648311614990234375" lon="21.5221606381237506866455078125">
        <ele>131.8000030517578125</ele>
        <time>2026-09-05T10:19:37.000Z</time>
        <extensions>
          <ns3:TrackPointExtension>
            <ns3:hr>157</ns3:hr>
          </ns3:TrackPointExtension>
        </extensions>
      </trkpt>
      <trkpt lat="53.63958424888551235198974609375" lon="21.52242508716881275177001953125">
        <ele>131.600006103515625</ele>
        <time>2026-09-05T10:19:41.000Z</time>
        <extensions>
          <ns3:TrackPointExtension>
            <ns3:hr>157</ns3:hr>
          </ns3:TrackPointExtension>
        </extensions>
      </trkpt>
      <trkpt lat="53.6396505497395992279052734375" lon="21.52264930307865142822265625">
        <ele>131.600006103515625</ele>
        <time>2026-09-05T10:19:45.000Z</time>
        <extensions>
          <ns3:TrackPointExtension>
            <ns3:hr>156</ns3:hr>
          </ns3:TrackPointExtension>
        </extensions>
      </trkpt>
      <trkpt lat="53.639724813401699066162109375" lon="21.52289497666060924530029296875">
        <ele>131.600006103515625</ele>
        <time>2026-09-05T10:19:49.000Z</time>
        <extensions>
          <ns3:TrackPointExtension>
            <ns3:hr>156</ns3:hr>
          </ns3:TrackPointExtension>
        </extensions>
      </trkpt>
      <trkpt lat="53.63979044370353221893310546875" lon="21.52303227223455905914306640625">
        <ele>131.8000030517578125</ele>
        <time>2026-09-05T10:19:52.000Z</time>
        <extensions>
          <ns3:TrackPointExtension>
            <ns3:hr>156</ns3:hr>
          </ns3:TrackPointExtension>
        </extensions>
      </trkpt>
      <trkpt lat="53.6398637853562831878662109375" lon="21.523186750710010528564453125">
        <ele>131.600006103515625</ele>
        <time>2026-09-05T10:19:55.000Z</time>
        <extensions>
          <ns3:TrackPointExtension>
            <ns3:hr>157</ns3:hr>
          </ns3:TrackPointExtension>
        </extensions>
      </trkpt>
      <trkpt lat="53.6399710737168788909912109375" lon="21.52338582091033458709716796875">
        <ele>131.8000030517578125</ele>
        <time>2026-09-05T10:19:59.000Z</time>
        <extensions>
          <ns3:TrackPointExtension>
            <ns3:hr>156</ns3:hr>
          </ns3:TrackPointExtension>
        </extensions>
      </trkpt>
      <trkpt lat="53.6400294117629528045654296875" lon="21.523503921926021575927734375">
        <ele>132.1999969482421875</ele>
        <time>2026-09-05T10:20:02.000Z</time>
        <extensions>
          <ns3:TrackPointExtension>
            <ns3:hr>156</ns3:hr>
          </ns3:TrackPointExtension>
        </extensions>
      </trkpt>
      <trkpt lat="53.6400565691292285919189453125" lon="21.5235560573637485504150390625">
        <ele>132.600006103515625</ele>
        <time>2026-09-05T10:20:04.000Z</time>
        <extensions>
          <ns3:TrackPointExtension>
            <ns3:hr>156</ns3:hr>
          </ns3:TrackPointExtension>
        </extensions>
      </trkpt>
      <trkpt lat="53.64008582197129726409912109375" lon="21.5236613340675830841064453125">
        <ele>132.8000030517578125</ele>
        <time>2026-09-05T10:20:06.000Z</time>
        <extensions>
          <ns3:TrackPointExtension>
            <ns3:hr>156</ns3:hr>
          </ns3:TrackPointExtension>
        </extensions>
      </trkpt>
      <trkpt lat="53.64012219943106174468994140625" lon="21.52381245978176593780517578125">
        <ele>133</ele>
        <time>2026-09-05T10:20:10.000Z</time>
        <extensions>
          <ns3:TrackPointExtension>
            <ns3:hr>156</ns3:hr>
          </ns3:TrackPointExtension>
        </extensions>
      </trkpt>
      <trkpt lat="53.64014063961803913116455078125" lon="21.52384380809962749481201171875">
        <ele>133</ele>
        <time>2026-09-05T10:20:11.000Z</time>
        <extensions>
          <ns3:TrackPointExtension>
            <ns3:hr>156</ns3:hr>
          </ns3:TrackPointExtension>
        </extensions>
      </trkpt>
      <trkpt lat="53.6401501111686229705810546875" lon="21.52389041148126125335693359375">
        <ele>133.1999969482421875</ele>
        <time>2026-09-05T10:20:13.000Z</time>
        <extensions>
          <ns3:TrackPointExtension>
            <ns3:hr>155</ns3:hr>
          </ns3:TrackPointExtension>
        </extensions>
      </trkpt>
      <trkpt lat="53.64021389745175838470458984375" lon="21.524001471698284149169921875">
        <ele>133.399993896484375</ele>
        <time>2026-09-05T10:20:17.000Z</time>
        <extensions>
          <ns3:TrackPointExtension>
            <ns3:hr>154</ns3:hr>
          </ns3:TrackPointExtension>
        </extensions>
      </trkpt>
      <trkpt lat="53.6402600817382335662841796875" lon="21.524062491953372955322265625">
        <ele>133.1999969482421875</ele>
        <time>2026-09-05T10:20:21.000Z</time>
        <extensions>
          <ns3:TrackPointExtension>
            <ns3:hr>153</ns3:hr>
          </ns3:TrackPointExtension>
        </extensions>
      </trkpt>
      <trkpt lat="53.64029671065509319305419921875" lon="21.52413097210228443145751953125">
        <ele>132.8000030517578125</ele>
        <time>2026-09-05T10:20:27.000Z</time>
        <extensions>
          <ns3:TrackPointExtension>
            <ns3:hr>153</ns3:hr>
          </ns3:TrackPointExtension>
        </extensions>
      </trkpt>
      <trkpt lat="53.64032386802136898040771484375" lon="21.5241310559213161468505859375">
        <ele>133</ele>
        <time>2026-09-05T10:20:31.000Z</time>
        <extensions>
          <ns3:TrackPointExtension>
            <ns3:hr>152</ns3:hr>
          </ns3:TrackPointExtension>
        </extensions>
      </trkpt>
      <trkpt lat="53.640328980982303619384765625" lon="21.52414270676672458648681640625">
        <ele>133</ele>
        <time>2026-09-05T10:20:33.000Z</time>
        <extensions>
          <ns3:TrackPointExtension>
            <ns3:hr>152</ns3:hr>
          </ns3:TrackPointExtension>
        </extensions>
      </trkpt>
    </trkseg>
  </trk>
</gpx>
